WTD,l_wt,l_abv_wt,q_wt_supply,water_height_wt,fringe_top_layer,height_fringe,fringe_is_filled
2.5,5,4,0,0,-1,0,0
2.5,5,4,0,0,-1,0,0
2.5,5,4,0,0,-1,0,0
2.5,5,4,0,0,-1,0,0
2.5,5,4,0,0,-1,0,0
2.5,5,4,0,0,-1,0,0
2.5,5,4,0,0,-1,0,0
2.5,5,4,0,0,-1,0,0
2.5,5,4,0,0,-1,0,0
2.5,5,4,0,0,-1,0,0
2.5,5,4,0,0,-1,0,0
2.5,5,4,0,0,-1,0,0
2.5,5,4,0,0,-1,0,0
2.5,5,4,0,0,-1,0,0
2.5,5,4,0,0,-1,0,0
2.5,5,4,0,0,-1,0,0
2.5,5,4,0,0,-1,0,0
2.5,5,4,0,0,-1,0,0
2.5,5,4,0,0,-1,0,0
2.5,5,4,0,0,-1,0,0
2.5,5,4,0,0,-1,0,0
2.5,5,4,0,0,-1,0,0
2.5,5,4,0,0,-1,0,0
2.5,5,4,0,0,-1,0,0
2.5,5,4,0,0,-1,0,0
2.5,5,4,0,0,-1,0,0
2.5,5,4,0,0,-1,0,0
2.5,5,4,0,0,-1,0,0
2.5,5,4,0,0,-1,0,0
2.5,5,4,0,0,-1,0,0
2.5,5,4,0,0,-1,0,0
2.5,5,4,0,0,-1,0,0
2.5,5,4,0,0,-1,0,0
2.5,5,4,0,0,-1,0,0
2.5,5,4,0,0,-1,0,0
2.5,5,4,0,0,-1,0,0
2.5,5,4,0,0,-1,0,0
2.5,5,4,0,0,-1,0,0
2.5,5,4,0,0,-1,0,0
2.5,5,4,0,0,-1,0,0
2.5,5,4,0,0,-1,0,0
2.5,5,4,0,0,-1,0,0
2.5,5,4,0,0,-1,0,0
2.5,5,4,0,0,-1,0,0
2.5,5,4,0,0,-1,0,0
2.5,5,4,0,0,-1,0,0
2.5,5,4,0,0,-1,0,0
2.5,5,4,0,0,-1,0,0
2.5,5,4,0,0,-1,0,0
2.5,5,4,0,0,-1,0,0
2.5,5,4,0,0,-1,0,0
2.5,5,4,0,0,-1,0,0
2.5,5,4,0,0,-1,0,0
2.5,5,4,0,0,-1,0,0
2.5,5,4,0,0,-1,0,0
2.5,5,4,0,0,-1,0,0
2.5,5,4,0,0,-1,0,0
2.5,5,4,0,0,-1,0,0
2.5,5,4,0,0,-1,0,0
2.5,5,4,0,0,-1,0,0
2.5,5,4,0,0,-1,0,0
2.5,5,4,0,0,-1,0,0
2.5,5,4,0,0,-1,0,0
2.5,5,4,4.48587e-07,0.0387579,4,0,0
2.5,5,4,0,0,-1,0,0
2.5,5,4,0,0,-1,0,0
2.5,5,4,0,0,-1,0,0
2.5,5,4,0,0,-1,0,0
2.5,5,4,0,0,-1,0,0
2.5,5,4,0,0,-1,0,0
2.5,5,4,0,0,-1,0,0
2.5,5,4,0,0,-1,0,0
2.5,5,4,0,0,-1,0,0
2.5,5,4,4.50791e-07,0.0389483,4,0,0
2.5,5,4,0,0,-1,0,0
2.5,5,4,0,0,-1,0,0
2.5,5,4,0,0,-1,0,0
2.5,5,4,0,0,-1,0,0
2.5,5,4,0,0,-1,0,0
2.5,5,4,0,0,-1,0,0
2.5,5,4,4.27055e-07,0.0368975,4,0,0
2.5,5,4,0,0,-1,0,0
2.5,5,4,0,0,-1,0,0
2.5,5,4,0,0,-1,0,0
2.5,5,4,0,0,-1,0,0
2.5,5,4,0,0,-1,0,0
2.5,5,4,0,0,-1,0,0
2.5,5,4,0,0,-1,0,0
2.5,5,4,0,0,-1,0,0
2.5,5,4,0,0,-1,0,0
2.5,5,4,0,0,-1,0,0
2.5,5,4,0,0,-1,0,0
2.5,5,4,0,0,-1,0,0
2.5,5,4,0,0,-1,0,0
2.5,5,4,0,0,-1,0,0
2.5,5,4,0,0,-1,0,0
2.5,5,4,0,0,-1,0,0
2.5,5,4,0,0,-1,0,0
2.5,5,4,0,0,-1,0,0
2.5,5,4,0,0,-1,0,0
2.5,5,4,0,0,-1,0,0
2.5,5,4,0,0,-1,0,0
2.5,5,4,0,0,-1,0,0
2.5,5,4,0,0,-1,0,0
2.5,5,4,0,0,-1,0,0
2.5,5,4,0,0,-1,0,0
2.5,5,4,0,0,-1,0,0
2.5,5,4,0,0,-1,0,0
2.5,5,4,0,0,-1,0,0
2.5,5,4,0,0,-1,0,0
2.5,5,4,0,0,-1,0,0
2.5,5,4,4.50862e-07,0.0389545,4,0,0
2.5,5,4,0,0,-1,0,0
2.5,5,4,0,0,-1,0,0
2.5,5,4,0,0,-1,0,0
2.5,5,4,0,0,-1,0,0
2.5,5,4,0,0,-1,0,0
2.5,5,4,0,0,-1,0,0
2.5,5,4,0,0,-1,0,0
2.5,5,4,0,0,-1,0,0
2.5,5,4,0,0,-1,0,0
2.5,5,4,0,0,-1,0,0
2.5,5,4,0,0,-1,0,0
2.5,5,4,0,0,-1,0,0
2.5,5,4,0,0,-1,0,0
2.5,5,4,0,0,-1,0,0
2.5,5,4,0,0,-1,0,0
2.5,5,4,0,0,-1,0,0
2.5,5,4,0,0,-1,0,0
2.5,5,4,0,0,-1,0,0
2.5,5,4,0,0,-1,0,0
2.5,5,4,0,0,-1,0,0
2.5,5,4,0,0,-1,0,0
2.5,5,4,0,0,-1,0,0
2.5,5,4,0,0,-1,0,0
2.5,5,4,8.92216e-08,0.00770875,4,0,0
2.5,5,4,0,0,-1,0,0
2.5,5,4,0,0,-1,0,0
2.5,5,4,0,0,-1,0,0
2.5,5,4,0,0,-1,0,0
2.5,5,4,0,0,-1,0,0
2.5,5,4,0,0,-1,0,0
2.5,5,4,0,0,-1,0,0
2.5,5,4,0,0,-1,0,0
2.5,5,4,0,0,-1,0,0
2.5,5,4,0,0,-1,0,0
2.5,5,4,0,0,-1,0,0
2.5,5,4,0,0,-1,0,0
2.5,5,4,4.51819e-07,0.0390371,4,0,0
2.5,5,4,0,0,-1,0,0
2.5,5,4,0,0,-1,0,0
2.5,5,4,4.49102e-07,0.0388024,4,0,0
2.5,5,4,0,0,-1,0,0
2.5,5,4,0,0,-1,0,0
2.5,5,4,0,0,-1,0,0
2.5,5,4,0,0,-1,0,0
2.5,5,4,0,0,-1,0,0
2.5,5,4,3.00941e-07,0.0260013,4,0,0
2.5,5,4,0,0,-1,0,0
2.5,5,4,0,0,-1,0,0
2.5,5,4,0,0,-1,0,0
2.5,5,4,4.51337e-07,0.0389955,4,0,0
2.5,5,4,0,0,-1,0,0
2.5,5,4,0,0,-1,0,0
2.5,5,4,0,0,-1,0,0
2.5,5,4,0,0,-1,0,0
2.5,5,4,0,0,-1,0,0
2.5,5,4,0,0,-1,0,0
2.5,5,4,0,0,-1,0,0
2.5,5,4,4.05468e-07,0.0350324,4,0,0
2.5,5,4,0,0,-1,0,0
2.5,5,4,0,0,-1,0,0
2.5,5,4,0,0,-1,0,0
2.5,5,4,0,0,-1,0,0
2.5,5,4,0,0,-1,0,0
2.5,5,4,0,0,-1,0,0
2.5,5,4,0,0,-1,0,0
2.5,5,4,0,0,-1,0,0
2.5,5,4,0,0,-1,0,0
2.5,5,4,0,0,-1,0,0
2.5,5,4,0,0,-1,0,0
2.5,5,4,0,0,-1,0,0
2.5,5,4,0,0,-1,0,0
2.5,5,4,0,0,-1,0,0
2.5,5,4,0,0,-1,0,0
2.5,5,4,0,0,-1,0,0
2.5,5,4,0,0,-1,0,0
2.5,5,4,0,0,-1,0,0
2.5,5,4,0,0,-1,0,0
2.5,5,4,0,0,-1,0,0
2.5,5,4,4.0174e-07,0.0347103,4,0,0
2.5,5,4,0,0,-1,0,0
2.5,5,4,0,0,-1,0,0
2.5,5,4,0,0,-1,0,0
2.5,5,4,0,0,-1,0,0
2.5,5,4,0,0,-1,0,0
2.5,5,4,0,0,-1,0,0
2.5,5,4,0,0,-1,0,0
2.5,5,4,0,0,-1,0,0
2.5,5,4,0,0,-1,0,0
2.5,5,4,0,0,-1,0,0
2.5,5,4,0,0,-1,0,0
2.5,5,4,0,0,-1,0,0
2.5,5,4,0,0,-1,0,0
2.5,5,4,0,0,-1,0,0
2.5,5,4,0,0,-1,0,0
2.5,5,4,0,0,-1,0,0
2.5,5,4,0,0,-1,0,0
2.5,5,4,0,0,-1,0,0
2.5,5,4,4.30418e-07,0.0371881,4,0,0
2.5,5,4,0,0,-1,0,0
2.5,5,4,0,0,-1,0,0
2.5,5,4,0,0,-1,0,0
2.5,5,4,0,0,-1,0,0
2.5,5,4,4.5113e-07,0.0389776,4,0,0
2.5,5,4,0,0,-1,0,0
2.5,5,4,0,0,-1,0,0
2.5,5,4,0,0,-1,0,0
2.5,5,4,0,0,-1,0,0
2.5,5,4,0,0,-1,0,0
2.5,5,4,0,0,-1,0,0
2.5,5,4,0,0,-1,0,0
2.5,5,4,0,0,-1,0,0
2.5,5,4,0,0,-1,0,0
2.5,5,4,0,0,-1,0,0
2.5,5,4,0,0,-1,0,0
2.5,5,4,0,0,-1,0,0
2.5,5,4,0,0,-1,0,0
2.5,5,4,0,0,-1,0,0
2.5,5,4,0,0,-1,0,0
2.5,5,4,0,0,-1,0,0
2.5,5,4,3.37651e-08,0.0029173,4,0,0
2.5,5,4,0,0,-1,0,0
2.5,5,4,0,0,-1,0,0
2.5,5,4,0,0,-1,0,0
2.5,5,4,0,0,-1,0,0
2.5,5,4,0,0,-1,0,0
2.5,5,4,0,0,-1,0,0
2.5,5,4,0,0,-1,0,0
2.5,5,4,0,0,-1,0,0
2.5,5,4,0,0,-1,0,0
2.5,5,4,0,0,-1,0,0
2.5,5,4,0,0,-1,0,0
2.5,5,4,0,0,-1,0,0
2.5,5,4,0,0,-1,0,0
2.5,5,4,0,0,-1,0,0
2.5,5,4,0,0,-1,0,0
2.5,5,4,0,0,-1,0,0
2.5,5,4,0,0,-1,0,0
2.5,5,4,0,0,-1,0,0
2.5,5,4,0,0,-1,0,0
2.5,5,4,0,0,-1,0,0
2.5,5,4,0,0,-1,0,0
2.5,5,4,0,0,-1,0,0
2.5,5,4,0,0,-1,0,0
2.5,5,4,0,0,-1,0,0
2.5,5,4,0,0,-1,0,0
2.5,5,4,0,0,-1,0,0
2.5,5,4,0,0,-1,0,0
2.5,5,4,0,0,-1,0,0
2.5,5,4,0,0,-1,0,0
2.5,5,4,0,0,-1,0,0
2.5,5,4,0,0,-1,0,0
2.5,5,4,0,0,-1,0,0
2.5,5,4,0,0,-1,0,0
2.5,5,4,0,0,-1,0,0
2.5,5,4,0,0,-1,0,0
2.5,5,4,0,0,-1,0,0
2.5,5,4,0,0,-1,0,0
2.5,5,4,0,0,-1,0,0
2.5,5,4,0,0,-1,0,0
2.5,5,4,0,0,-1,0,0
2.5,5,4,0,0,-1,0,0
2.5,5,4,0,0,-1,0,0
2.5,5,4,0,0,-1,0,0
2.5,5,4,0,0,-1,0,0
2.5,5,4,0,0,-1,0,0
2.5,5,4,0,0,-1,0,0
2.5,5,4,0,0,-1,0,0
2.5,5,4,0,0,-1,0,0
2.5,5,4,0,0,-1,0,0
2.5,5,4,4.4904e-07,0.038797,4,0,0
2.5,5,4,0,0,-1,0,0
2.5,5,4,0,0,-1,0,0
2.5,5,4,0,0,-1,0,0
2.5,5,4,0,0,-1,0,0
2.5,5,4,0,0,-1,0,0
2.5,5,4,0,0,-1,0,0
2.5,5,4,0,0,-1,0,0
2.5,5,4,0,0,-1,0,0
2.5,5,4,0,0,-1,0,0
2.5,5,4,0,0,-1,0,0
2.5,5,4,0,0,-1,0,0
2.5,5,4,0,0,-1,0,0
2.5,5,4,0,0,-1,0,0
2.5,5,4,0,0,-1,0,0
2.5,5,4,0,0,-1,0,0
2.5,5,4,0,0,-1,0,0
2.5,5,4,0,0,-1,0,0
2.5,5,4,0,0,-1,0,0
2.5,5,4,0,0,-1,0,0
2.5,5,4,0,0,-1,0,0
2.5,5,4,0,0,-1,0,0
2.5,5,4,0,0,-1,0,0
2.5,5,4,0,0,-1,0,0
2.5,5,4,0,0,-1,0,0
2.5,5,4,0,0,-1,0,0
2.5,5,4,0,0,-1,0,0
2.5,5,4,0,0,-1,0,0
2.5,5,4,0,0,-1,0,0
2.5,5,4,0,0,-1,0,0
2.5,5,4,0,0,-1,0,0
2.5,5,4,0,0,-1,0,0
2.5,5,4,0,0,-1,0,0
2.5,5,4,0,0,-1,0,0
2.5,5,4,0,0,-1,0,0
2.5,5,4,0,0,-1,0,0
2.5,5,4,0,0,-1,0,0
2.5,5,4,0,0,-1,0,0
2.5,5,4,0,0,-1,0,0
2.5,5,4,0,0,-1,0,0
2.5,5,4,0,0,-1,0,0
2.5,5,4,0,0,-1,0,0
2.5,5,4,0,0,-1,0,0
2.5,5,4,0,0,-1,0,0
2.5,5,4,0,0,-1,0,0
2.5,5,4,0,0,-1,0,0
2.5,5,4,0,0,-1,0,0
2.5,5,4,0,0,-1,0,0
2.5,5,4,4.50001e-07,0.0388801,4,0,0
2.5,5,4,0,0,-1,0,0
2.5,5,4,0,0,-1,0,0
2.5,5,4,0,0,-1,0,0
2.5,5,4,0,0,-1,0,0
2.5,5,4,0,0,-1,0,0
2.5,5,4,0,0,-1,0,0
2.5,5,4,0,0,-1,0,0
2.5,5,4,0,0,-1,0,0
2.5,5,4,0,0,-1,0,0
2.5,5,4,0,0,-1,0,0
2.5,5,4,0,0,-1,0,0
2.5,5,4,0,0,-1,0,0
2.5,5,4,0,0,-1,0,0
2.5,5,4,0,0,-1,0,0
2.5,5,4,0,0,-1,0,0
2.5,5,4,0,0,-1,0,0
2.5,5,4,0,0,-1,0,0
2.5,5,4,0,0,-1,0,0
2.5,5,4,0,0,-1,0,0
2.5,5,4,0,0,-1,0,0
2.5,5,4,0,0,-1,0,0
2.5,5,4,0,0,-1,0,0
2.5,5,4,0,0,-1,0,0
2.5,5,4,0,0,-1,0,0
2.5,5,4,0,0,-1,0,0
2.5,5,4,0,0,-1,0,0
2.5,5,4,0,0,-1,0,0
2.5,5,4,0,0,-1,0,0
2.5,5,4,0,0,-1,0,0
2.5,5,4,0,0,-1,0,0
2.5,5,4,0,0,-1,0,0
2.5,5,4,3.48425e-07,0.0301039,4,0,0
2.5,5,4,0,0,-1,0,0
2.5,5,4,3.19469e-07,0.0276021,4,0,0
2.5,5,4,0,0,-1,0,0
2.5,5,4,0,0,-1,0,0
2.5,5,4,0,0,-1,0,0
2.5,5,4,0,0,-1,0,0
2.5,5,4,0,0,-1,0,0
2.5,5,4,0,0,-1,0,0
2.5,5,4,0,0,-1,0,0
2.5,5,4,0,0,-1,0,0
2.5,5,4,0,0,-1,0,0
2.5,5,4,0,0,-1,0,0
2.5,5,4,0,0,-1,0,0
2.5,5,4,4.50756e-07,0.0389453,4,0,0
2.5,5,4,0,0,-1,0,0
2.5,5,4,0,0,-1,0,0
2.5,5,4,0,0,-1,0,0
2.5,5,4,0,0,-1,0,0
2.5,5,4,0,0,-1,0,0
2.5,5,4,0,0,-1,0,0
2.5,5,4,0,0,-1,0,0
2.5,5,4,0,0,-1,0,0
2.5,5,4,0,0,-1,0,0
2.5,5,4,0,0,-1,0,0
2.5,5,4,0,0,-1,0,0
2.5,5,4,0,0,-1,0,0
2.5,5,4,0,0,-1,0,0
2.5,5,4,0,0,-1,0,0
2.5,5,4,0,0,-1,0,0
2.5,5,4,0,0,-1,0,0
2.5,5,4,0,0,-1,0,0
2.5,5,4,0,0,-1,0,0
2.5,5,4,0,0,-1,0,0
2.5,5,4,0,0,-1,0,0
2.5,5,4,0,0,-1,0,0
2.5,5,4,0,0,-1,0,0
2.5,5,4,0,0,-1,0,0
2.5,5,4,0,0,-1,0,0
2.5,5,4,0,0,-1,0,0
2.5,5,4,0,0,-1,0,0
2.5,5,4,0,0,-1,0,0
2.5,5,4,0,0,-1,0,0
2.5,5,4,0,0,-1,0,0
2.5,5,4,0,0,-1,0,0
2.5,5,4,0,0,-1,0,0
2.5,5,4,0,0,-1,0,0
2.5,5,4,0,0,-1,0,0
2.5,5,4,0,0,-1,0,0
2.5,5,4,4.30556e-07,0.0372001,4,0,0
2.5,5,4,0,0,-1,0,0
2.5,5,4,0,0,-1,0,0
2.5,5,4,0,0,-1,0,0
2.5,5,4,0,0,-1,0,0
2.5,5,4,0,0,-1,0,0
2.5,5,4,0,0,-1,0,0
2.5,5,4,0,0,-1,0,0
2.5,5,4,0,0,-1,0,0
2.5,5,4,0,0,-1,0,0
2.5,5,4,0,0,-1,0,0
2.5,5,4,0,0,-1,0,0
2.5,5,4,0,0,-1,0,0
2.5,5,4,0,0,-1,0,0
2.5,5,4,0,0,-1,0,0
2.5,5,4,0,0,-1,0,0
2.5,5,4,0,0,-1,0,0
2.5,5,4,9.01197e-08,0.00778634,4,0,0
2.5,5,4,0,0,-1,0,0
2.5,5,4,0,0,-1,0,0
2.5,5,4,0,0,-1,0,0
2.5,5,4,0,0,-1,0,0
2.5,5,4,0,0,-1,0,0
2.5,5,4,0,0,-1,0,0
2.5,5,4,0,0,-1,0,0
2.5,5,4,0,0,-1,0,0
2.5,5,4,0,0,-1,0,0
2.5,5,4,0,0,-1,0,0
2.5,5,4,0,0,-1,0,0
2.5,5,4,0,0,-1,0,0
2.5,5,4,0,0,-1,0,0
2.5,5,4,0,0,-1,0,0
2.5,5,4,0,0,-1,0,0
2.5,5,4,0,0,-1,0,0
2.5,5,4,0,0,-1,0,0
2.5,5,4,0,0,-1,0,0
2.5,5,4,0,0,-1,0,0
2.5,5,4,0,0,-1,0,0
2.5,5,4,0,0,-1,0,0
2.5,5,4,0,0,-1,0,0
2.5,5,4,0,0,-1,0,0
2.5,5,4,0,0,-1,0,0
2.5,5,4,0,0,-1,0,0
2.5,5,4,0,0,-1,0,0
2.5,5,4,0,0,-1,0,0
2.5,5,4,0,0,-1,0,0
2.5,5,4,0,0,-1,0,0
2.5,5,4,0,0,-1,0,0
2.5,5,4,0,0,-1,0,0
2.5,5,4,0,0,-1,0,0
2.5,5,4,0,0,-1,0,0
2.5,5,4,0,0,-1,0,0
2.5,5,4,0,0,-1,0,0
2.5,5,4,0,0,-1,0,0
2.5,5,4,0,0,-1,0,0
2.5,5,4,0,0,-1,0,0
2.5,5,4,0,0,-1,0,0
2.5,5,4,4.47289e-07,0.0386457,4,0,0
2.5,5,4,0,0,-1,0,0
2.5,5,4,0,0,-1,0,0
2.5,5,4,2.60546e-07,0.0225111,3,1.1,0
2.5,5,4,0,0,-1,0,0
2.5,5,4,0,0,-1,0,0
2.5,5,4,0,0,-1,0,0
2.5,5,4,0,0,-1,0,0
2.5,5,4,0,0,-1,0,0
2.5,5,4,0,0,-1,0,0
2.5,5,4,0,0,-1,0,0
2.5,5,4,0,0,-1,0,0
2.5,5,4,0,0,-1,0,0
2.5,5,4,0,0,-1,0,0
2.5,5,4,0,0,-1,0,0
2.5,5,4,0,0,-1,0,0
2.5,5,4,0,0,-1,0,0
2.5,5,4,0,0,-1,0,0
2.5,5,4,0,0,-1,0,0
2.5,5,4,0,0,-1,0,0
2.5,5,4,0,0,-1,0,0
2.5,5,4,0,0,-1,0,0
2.5,5,4,0,0,-1,0,0
2.5,5,4,0,0,-1,0,0
2.5,5,4,0,0,-1,0,0
2.5,5,4,0,0,-1,0,0
2.5,5,4,0,0,-1,0,0
2.5,5,4,0,0,-1,0,0
2.5,5,4,0,0,-1,0,0
2.5,5,4,0,0,-1,0,0
2.5,5,4,0,0,-1,0,0
2.5,5,4,0,0,-1,0,0
2.5,5,4,0,0,-1,0,0
2.5,5,4,0,0,-1,0,0
2.5,5,4,0,0,-1,0,0
2.5,5,4,0,0,-1,0,0
2.5,5,4,0,0,-1,0,0
2.5,5,4,0,0,-1,0,0
2.5,5,4,0,0,-1,0,0
2.5,5,4,0,0,-1,0,0
2.5,5,4,0,0,-1,0,0
2.5,5,4,0,0,-1,0,0
2.5,5,4,0,0,-1,0,0
2.5,5,4,0,0,-1,0,0
2.5,5,4,0,0,-1,0,0
2.5,5,4,4.51474e-07,0.0390074,4,0,0
2.5,5,4,0,0,-1,0,0
2.5,5,4,0,0,-1,0,0
2.5,5,4,0,0,-1,0,0
2.5,5,4,0,0,-1,0,0
2.5,5,4,0,0,-1,0,0
2.5,5,4,0,0,-1,0,0
2.5,5,4,0,0,-1,0,0
2.5,5,4,0,0,-1,0,0
2.5,5,4,2.87786e-07,0.0248647,3,1.1,0
2.5,5,4,0,0,-1,0,0
2.5,5,4,0,0,-1,0,0
2.5,5,4,0,0,-1,0,0
2.5,5,4,0,0,-1,0,0
2.5,5,4,4.49985e-07,0.0388787,4,0,0
2.5,5,4,0,0,-1,0,0
2.5,5,4,0,0,-1,0,0
2.5,5,4,0,0,-1,0,0
2.5,5,4,0,0,-1,0,0
2.5,5,4,0,0,-1,0,0
2.5,5,4,0,0,-1,0,0
2.5,5,4,0,0,-1,0,0
2.5,5,4,0,0,-1,0,0
2.5,5,4,0,0,-1,0,0
2.5,5,4,0,0,-1,0,0
2.5,5,4,0,0,-1,0,0
2.5,5,4,0,0,-1,0,0
2.5,5,4,0,0,-1,0,0
2.5,5,4,0,0,-1,0,0
2.5,5,4,4.52159e-07,0.0390666,4,0,0
2.5,5,4,0,0,-1,0,0
2.5,5,4,4.50268e-07,0.0389031,4,0,0
2.5,5,4,0,0,-1,0,0
2.5,5,4,0,0,-1,0,0
2.5,5,4,0,0,-1,0,0
2.5,5,4,0,0,-1,0,0
2.5,5,4,0,0,-1,0,0
2.5,5,4,0,0,-1,0,0
2.5,5,4,0,0,-1,0,0
2.5,5,4,0,0,-1,0,0
2.5,5,4,0,0,-1,0,0
2.5,5,4,0,0,-1,0,0
2.5,5,4,0,0,-1,0,0
2.5,5,4,0,0,-1,0,0
2.5,5,4,0,0,-1,0,0
2.5,5,4,0,0,-1,0,0
2.5,5,4,0,0,-1,0,0
2.5,5,4,0,0,-1,0,0
2.5,5,4,0,0,-1,0,0
2.5,5,4,0,0,-1,0,0
2.5,5,4,4.48827e-07,0.0387787,4,0,0
2.5,5,4,0,0,-1,0,0
2.5,5,4,0,0,-1,0,0
2.5,5,4,0,0,-1,0,0
2.5,5,4,0,0,-1,0,0
2.5,5,4,0,0,-1,0,0
2.5,5,4,0,0,-1,0,0
2.5,5,4,0,0,-1,0,0
2.5,5,4,0,0,-1,0,0
2.5,5,4,0,0,-1,0,0
2.5,5,4,0,0,-1,0,0
2.5,5,4,0,0,-1,0,0
2.5,5,4,0,0,-1,0,0
2.5,5,4,0,0,-1,0,0
2.5,5,4,0,0,-1,0,0
2.5,5,4,0,0,-1,0,0
2.5,5,4,0,0,-1,0,0
2.5,5,4,0,0,-1,0,0
2.5,5,4,0,0,-1,0,0
2.5,5,4,0,0,-1,0,0
2.5,5,4,0,0,-1,0,0
2.5,5,4,0,0,-1,0,0
2.5,5,4,0,0,-1,0,0
2.5,5,4,0,0,-1,0,0
2.5,5,4,0,0,-1,0,0
2.5,5,4,4.21481e-07,0.036416,4,0,0
2.5,5,4,0,0,-1,0,0
2.5,5,4,0,0,-1,0,0
2.5,5,4,0,0,-1,0,0
2.5,5,4,0,0,-1,0,0
2.5,5,4,0,0,-1,0,0
2.5,5,4,0,0,-1,0,0
2.5,5,4,0,0,-1,0,0
2.5,5,4,0,0,-1,0,0
2.5,5,4,0,0,-1,0,0
2.5,5,4,0,0,-1,0,0
2.5,5,4,0,0,-1,0,0
2.5,5,4,0,0,-1,0,0
2.5,5,4,0,0,-1,0,0
2.5,5,4,0,0,-1,0,0
2.5,5,4,0,0,-1,0,0
2.5,5,4,0,0,-1,0,0
2.5,5,4,0,0,-1,0,0
2.5,5,4,0,0,-1,0,0
2.5,5,4,0,0,-1,0,0
2.5,5,4,0,0,-1,0,0
2.5,5,4,0,0,-1,0,0
2.5,5,4,0,0,-1,0,0
2.5,5,4,0,0,-1,0,0
2.5,5,4,0,0,-1,0,0
2.5,5,4,0,0,-1,0,0
2.5,5,4,0,0,-1,0,0
2.5,5,4,0,0,-1,0,0
2.5,5,4,0,0,-1,0,0
2.5,5,4,0,0,-1,0,0
2.5,5,4,0,0,-1,0,0
2.5,5,4,0,0,-1,0,0
2.5,5,4,0,0,-1,0,0
2.5,5,4,0,0,-1,0,0
2.5,5,4,0,0,-1,0,0
2.5,5,4,0,0,-1,0,0
2.5,5,4,3.72767e-07,0.032207,4,0,0
2.5,5,4,0,0,-1,0,0
2.5,5,4,0,0,-1,0,0
2.5,5,4,0,0,-1,0,0
2.5,5,4,0,0,-1,0,0
2.5,5,4,0,0,-1,0,0
2.5,5,4,0,0,-1,0,0
2.5,5,4,0,0,-1,0,0
2.5,5,4,0,0,-1,0,0
2.5,5,4,0,0,-1,0,0
2.5,5,4,0,0,-1,0,0
2.5,5,4,0,0,-1,0,0
2.5,5,4,0,0,-1,0,0
2.5,5,4,0,0,-1,0,0
2.5,5,4,0,0,-1,0,0
2.5,5,4,0,0,-1,0,0
2.5,5,4,0,0,-1,0,0
2.5,5,4,0,0,-1,0,0
2.5,5,4,0,0,-1,0,0
2.5,5,4,0,0,-1,0,0
2.5,5,4,0,0,-1,0,0
2.5,5,4,0,0,-1,0,0
2.5,5,4,0,0,-1,0,0
2.5,5,4,0,0,-1,0,0
2.5,5,4,0,0,-1,0,0
2.5,5,4,0,0,-1,0,0
2.5,5,4,0,0,-1,0,0
2.5,5,4,0,0,-1,0,0
2.5,5,4,0,0,-1,0,0
2.5,5,4,0,0,-1,0,0
2.5,5,4,0,0,-1,0,0
2.5,5,4,0,0,-1,0,0
2.5,5,4,0,0,-1,0,0
2.5,5,4,0,0,-1,0,0
2.5,5,4,0,0,-1,0,0
2.5,5,4,0,0,-1,0,0
2.5,5,4,0,0,-1,0,0
2.5,5,4,0,0,-1,0,0
2.5,5,4,0,0,-1,0,0
2.5,5,4,0,0,-1,0,0
2.5,5,4,0,0,-1,0,0
2.5,5,4,0,0,-1,0,0
2.5,5,4,0,0,-1,0,0
2.5,5,4,0,0,-1,0,0
2.5,5,4,0,0,-1,0,0
2.5,5,4,0,0,-1,0,0
2.5,5,4,0,0,-1,0,0
2.5,5,4,0,0,-1,0,0
2.5,5,4,0,0,-1,0,0
2.5,5,4,0,0,-1,0,0
2.5,5,4,0,0,-1,0,0
2.5,5,4,0,0,-1,0,0
2.5,5,4,0,0,-1,0,0
2.5,5,4,0,0,-1,0,0
2.5,5,4,0,0,-1,0,0
2.5,5,4,0,0,-1,0,0
2.5,5,4,0,0,-1,0,0
2.5,5,4,0,0,-1,0,0
2.5,5,4,0,0,-1,0,0
2.5,5,4,0,0,-1,0,0
2.5,5,4,0,0,-1,0,0
2.5,5,4,0,0,-1,0,0
2.5,5,4,0,0,-1,0,0
2.5,5,4,0,0,-1,0,0
2.5,5,4,0,0,-1,0,0
2.5,5,4,0,0,-1,0,0
2.5,5,4,0,0,-1,0,0
2.5,5,4,0,0,-1,0,0
2.5,5,4,0,0,-1,0,0
2.5,5,4,0,0,-1,0,0
2.5,5,4,0,0,-1,0,0
2.5,5,4,0,0,-1,0,0
2.5,5,4,0,0,-1,0,0
2.5,5,4,0,0,-1,0,0
2.5,5,4,0,0,-1,0,0
2.5,5,4,0,0,-1,0,0
2.5,5,4,0,0,-1,0,0
2.5,5,4,0,0,-1,0,0
2.5,5,4,0,0,-1,0,0
2.5,5,4,0,0,-1,0,0
2.5,5,4,0,0,-1,0,0
2.5,5,4,0,0,-1,0,0
2.5,5,4,0,0,-1,0,0
2.5,5,4,0,0,-1,0,0
2.5,5,4,0,0,-1,0,0
2.5,5,4,0,0,-1,0,0
2.5,5,4,0,0,-1,0,0
2.5,5,4,0,0,-1,0,0
2.5,5,4,0,0,-1,0,0
2.5,5,4,0,0,-1,0,0
2.5,5,4,0,0,-1,0,0
2.5,5,4,0,0,-1,0,0
2.5,5,4,0,0,-1,0,0
2.5,5,4,0,0,-1,0,0
2.5,5,4,0,0,-1,0,0
2.5,5,4,0,0,-1,0,0
2.5,5,4,0,0,-1,0,0
2.5,5,4,0,0,-1,0,0
2.5,5,4,0,0,-1,0,0
2.5,5,4,0,0,-1,0,0
2.5,5,4,2.0392e-07,0.0176187,3,1.1,0
2.5,5,4,0,0,-1,0,0
2.5,5,4,0,0,-1,0,0
2.5,5,4,0,0,-1,0,0
2.5,5,4,0,0,-1,0,0
2.5,5,4,0,0,-1,0,0
2.5,5,4,0,0,-1,0,0
2.5,5,4,0,0,-1,0,0
2.5,5,4,0,0,-1,0,0
2.5,5,4,0,0,-1,0,0
2.5,5,4,0,0,-1,0,0
2.5,5,4,4.5168e-07,0.0390251,4,0,0
2.5,5,4,0,0,-1,0,0
2.5,5,4,0,0,-1,0,0
2.5,5,4,3.33529e-07,0.0288169,3,1.1,0
2.5,5,4,0,0,-1,0,0
2.5,5,4,0,0,-1,0,0
2.5,5,4,0,0,-1,0,0
2.5,5,4,0,0,-1,0,0
2.5,5,4,0,0,-1,0,0
2.5,5,4,4.38005e-07,0.0378436,4,0,0
2.5,5,4,0,0,-1,0,0
2.5,5,4,3.91724e-08,0.0033845,4,0,0
2.5,5,4,0,0,-1,0,0
2.5,5,4,0,0,-1,0,0
2.5,5,4,0,0,-1,0,0
2.5,5,4,0,0,-1,0,0
2.5,5,4,0,0,-1,0,0
2.5,5,4,0,0,-1,0,0
2.5,5,4,0,0,-1,0,0
2.5,5,4,0,0,-1,0,0
2.5,5,4,0,0,-1,0,0
2.5,5,4,0,0,-1,0,0
2.5,5,4,0,0,-1,0,0
2.5,5,4,0,0,-1,0,0
2.5,5,4,0,0,-1,0,0
2.5,5,4,0,0,-1,0,0
2.5,5,4,0,0,-1,0,0
2.5,5,4,0,0,-1,0,0
2.5,5,4,0,0,-1,0,0
2.5,5,4,0,0,-1,0,0
2.5,5,4,0,0,-1,0,0
2.5,5,4,0,0,-1,0,0
2.5,5,4,0,0,-1,0,0
2.5,5,4,0,0,-1,0,0
2.5,5,4,4.49988e-07,0.0388789,4,0,0
2.5,5,4,0,0,-1,0,0
2.5,5,4,0,0,-1,0,0
2.5,5,4,0,0,-1,0,0
2.5,5,4,0,0,-1,0,0
2.5,5,4,0,0,-1,0,0
2.5,5,4,0,0,-1,0,0
2.5,5,4,0,0,-1,0,0
2.5,5,4,0,0,-1,0,0
2.5,5,4,0,0,-1,0,0
2.5,5,4,0,0,-1,0,0
2.5,5,4,0,0,-1,0,0
2.5,5,4,0,0,-1,0,0
2.5,5,4,0,0,-1,0,0
2.5,5,4,0,0,-1,0,0
2.5,5,4,0,0,-1,0,0
2.5,5,4,0,0,-1,0,0
2.5,5,4,0,0,-1,0,0
2.5,5,4,0,0,-1,0,0
2.5,5,4,0,0,-1,0,0
2.5,5,4,0,0,-1,0,0
2.5,5,4,0,0,-1,0,0
2.5,5,4,0,0,-1,0,0
2.5,5,4,0,0,-1,0,0
2.5,5,4,0,0,-1,0,0
2.5,5,4,4.52185e-07,0.0390688,4,0,0
2.5,5,4,0,0,-1,0,0
2.5,5,4,0,0,-1,0,0
2.5,5,4,0,0,-1,0,0
2.5,5,4,0,0,-1,0,0
2.5,5,4,0,0,-1,0,0
2.5,5,4,0,0,-1,0,0
2.5,5,4,0,0,-1,0,0
2.5,5,4,0,0,-1,0,0
2.5,5,4,0,0,-1,0,0
2.5,5,4,2.90818e-07,0.0251267,4,0,0
2.5,5,4,0,0,-1,0,0
2.5,5,4,0,0,-1,0,0
2.5,5,4,0,0,-1,0,0
2.5,5,4,0,0,-1,0,0
2.5,5,4,0,0,-1,0,0
2.5,5,4,0,0,-1,0,0
2.5,5,4,4.48954e-07,0.0387897,4,0,0
2.5,5,4,0,0,-1,0,0
2.5,5,4,0,0,-1,0,0
2.5,5,4,0,0,-1,0,0
2.5,5,4,0,0,-1,0,0
2.5,5,4,0,0,-1,0,0
2.5,5,4,0,0,-1,0,0
2.5,5,4,0,0,-1,0,0
2.5,5,4,0,0,-1,0,0
2.5,5,4,0,0,-1,0,0
2.5,5,4,0,0,-1,0,0
2.5,5,4,0,0,-1,0,0
2.5,5,4,0,0,-1,0,0
2.5,5,4,0,0,-1,0,0
2.5,5,4,0,0,-1,0,0
2.5,5,4,0,0,-1,0,0
2.5,5,4,0,0,-1,0,0
2.5,5,4,0,0,-1,0,0
2.5,5,4,0,0,-1,0,0
2.5,5,4,0,0,-1,0,0
2.5,5,4,0,0,-1,0,0
2.5,5,4,0,0,-1,0,0
2.5,5,4,0,0,-1,0,0
2.5,5,4,0,0,-1,0,0
2.5,5,4,0,0,-1,0,0
2.5,5,4,0,0,-1,0,0
2.5,5,4,0,0,-1,0,0
2.5,5,4,0,0,-1,0,0
2.5,5,4,0,0,-1,0,0
2.5,5,4,0,0,-1,0,0
2.5,5,4,0,0,-1,0,0
2.5,5,4,0,0,-1,0,0
2.5,5,4,0,0,-1,0,0
2.5,5,4,0,0,-1,0,0
2.5,5,4,0,0,-1,0,0
2.5,5,4,0,0,-1,0,0
2.5,5,4,0,0,-1,0,0
2.5,5,4,0,0,-1,0,0
2.5,5,4,0,0,-1,0,0
2.5,5,4,0,0,-1,0,0
2.5,5,4,0,0,-1,0,0
2.5,5,4,0,0,-1,0,0
2.5,5,4,0,0,-1,0,0
2.5,5,4,0,0,-1,0,0
2.5,5,4,0,0,-1,0,0
2.5,5,4,0,0,-1,0,0
2.5,5,4,0,0,-1,0,0
2.5,5,4,0,0,-1,0,0
2.5,5,4,0,0,-1,0,0
2.5,5,4,0,0,-1,0,0
2.5,5,4,0,0,-1,0,0
2.5,5,4,0,0,-1,0,0
2.5,5,4,0,0,-1,0,0
2.5,5,4,0,0,-1,0,0
2.5,5,4,0,0,-1,0,0
2.5,5,4,2.47344e-07,0.0213705,4,0,0
2.5,5,4,0,0,-1,0,0
2.5,5,4,0,0,-1,0,0
2.5,5,4,0,0,-1,0,0
2.5,5,4,0,0,-1,0,0
2.5,5,4,0,0,-1,0,0
2.5,5,4,0,0,-1,0,0
2.5,5,4,0,0,-1,0,0
2.5,5,4,0,0,-1,0,0
2.5,5,4,0,0,-1,0,0
2.5,5,4,0,0,-1,0,0
2.5,5,4,0,0,-1,0,0
2.5,5,4,0,0,-1,0,0
2.5,5,4,4.39735e-07,0.0379931,4,0,0
2.5,5,4,0,0,-1,0,0
2.5,5,4,1.82843e-07,0.0157977,4,0,0
2.5,5,4,0,0,-1,0,0
2.5,5,4,0,0,-1,0,0
2.5,5,4,0,0,-1,0,0
2.5,5,4,0,0,-1,0,0
2.5,5,4,0,0,-1,0,0
2.5,5,4,0,0,-1,0,0
2.5,5,4,0,0,-1,0,0
2.5,5,4,0,0,-1,0,0
2.5,5,4,3.62924e-07,0.0313567,4,0,0
2.5,5,4,0,0,-1,0,0
2.5,5,4,4.37528e-07,0.0378024,4,0,0
2.5,5,4,0,0,-1,0,0
2.5,5,4,0,0,-1,0,0
2.5,5,4,0,0,-1,0,0
2.5,5,4,0,0,-1,0,0
2.5,5,4,0,0,-1,0,0
2.5,5,4,0,0,-1,0,0
2.5,5,4,0,0,-1,0,0
2.5,5,4,0,0,-1,0,0
2.5,5,4,0,0,-1,0,0
2.5,5,4,0,0,-1,0,0
2.5,5,4,0,0,-1,0,0
2.5,5,4,0,0,-1,0,0
2.5,5,4,0,0,-1,0,0
2.5,5,4,4.1401e-07,0.0357705,4,0,0
2.5,5,4,0,0,-1,0,0
2.5,5,4,0,0,-1,0,0
2.5,5,4,0,0,-1,0,0
2.5,5,4,0,0,-1,0,0
2.5,5,4,0,0,-1,0,0
2.5,5,4,0,0,-1,0,0
2.5,5,4,0,0,-1,0,0
2.5,5,4,0,0,-1,0,0
2.5,5,4,0,0,-1,0,0
2.5,5,4,0,0,-1,0,0
2.5,5,4,0,0,-1,0,0
2.5,5,4,0,0,-1,0,0
2.5,5,4,0,0,-1,0,0
2.5,5,4,0,0,-1,0,0
2.5,5,4,0,0,-1,0,0
2.5,5,4,0,0,-1,0,0
2.5,5,4,0,0,-1,0,0
2.5,5,4,0,0,-1,0,0
2.5,5,4,0,0,-1,0,0
2.5,5,4,0,0,-1,0,0
2.5,5,4,4.47514e-07,0.0386652,4,0,0
2.5,5,4,0,0,-1,0,0
2.5,5,4,0,0,-1,0,0
2.5,5,4,0,0,-1,0,0
2.5,5,4,0,0,-1,0,0
2.5,5,4,0,0,-1,0,0
2.5,5,4,0,0,-1,0,0
2.5,5,4,0,0,-1,0,0
2.5,5,4,0,0,-1,0,0
2.5,5,4,1.73824e-07,0.0150184,4,0,0
2.5,5,4,0,0,-1,0,0
2.5,5,4,0,0,-1,0,0
2.5,5,4,0,0,-1,0,0
2.5,5,4,0,0,-1,0,0
2.5,5,4,4.51579e-07,0.0390164,4,0,0
2.5,5,4,0,0,-1,0,0
2.5,5,4,0,0,-1,0,0
2.5,5,4,0,0,-1,0,0
2.5,5,4,0,0,-1,0,0
2.5,5,4,3.10467e-07,0.0268243,4,0,0
2.5,5,4,0,0,-1,0,0
2.5,5,4,0,0,-1,0,0
2.5,5,4,0,0,-1,0,0
2.5,5,4,0,0,-1,0,0
2.5,5,4,0,0,-1,0,0
2.5,5,4,0,0,-1,0,0
2.5,5,4,0,0,-1,0,0
2.5,5,4,0,0,-1,0,0
2.5,5,4,0,0,-1,0,0
2.5,5,4,0,0,-1,0,0
2.5,5,4,0,0,-1,0,0
2.5,5,4,0,0,-1,0,0
2.5,5,4,0,0,-1,0,0
2.5,5,4,0,0,-1,0,0
2.5,5,4,0,0,-1,0,0
2.5,5,4,0,0,-1,0,0
2.5,5,4,0,0,-1,0,0
2.5,5,4,0,0,-1,0,0
2.5,5,4,0,0,-1,0,0
2.5,5,4,0,0,-1,0,0
2.5,5,4,0,0,-1,0,0
2.5,5,4,0,0,-1,0,0
2.5,5,4,0,0,-1,0,0
2.5,5,4,0,0,-1,0,0
2.5,5,4,0,0,-1,0,0
2.5,5,4,0,0,-1,0,0
2.5,5,4,0,0,-1,0,0
2.5,5,4,0,0,-1,0,0
2.5,5,4,0,0,-1,0,0
2.5,5,4,0,0,-1,0,0
2.5,5,4,0,0,-1,0,0
2.5,5,4,0,0,-1,0,0
2.5,5,4,0,0,-1,0,0
2.5,5,4,0,0,-1,0,0
2.5,5,4,0,0,-1,0,0
2.5,5,4,0,0,-1,0,0
2.5,5,4,0,0,-1,0,0
2.5,5,4,0,0,-1,0,0
2.5,5,4,0,0,-1,0,0
2.5,5,4,0,0,-1,0,0
2.5,5,4,0,0,-1,0,0
2.5,5,4,0,0,-1,0,0
2.5,5,4,0,0,-1,0,0
2.5,5,4,4.51322e-07,0.0389942,4,0,0
2.5,5,4,0,0,-1,0,0
2.5,5,4,0,0,-1,0,0
2.5,5,4,0,0,-1,0,0
2.5,5,4,0,0,-1,0,0
2.5,5,4,0,0,-1,0,0
2.5,5,4,0,0,-1,0,0
2.5,5,4,0,0,-1,0,0
2.5,5,4,0,0,-1,0,0
2.5,5,4,0,0,-1,0,0
2.5,5,4,0,0,-1,0,0
2.5,5,4,0,0,-1,0,0
2.5,5,4,0,0,-1,0,0
2.5,5,4,0,0,-1,0,0
2.5,5,4,0,0,-1,0,0
2.5,5,4,0,0,-1,0,0
2.5,5,4,0,0,-1,0,0
2.5,5,4,0,0,-1,0,0
2.5,5,4,0,0,-1,0,0
2.5,5,4,0,0,-1,0,0
2.5,5,4,0,0,-1,0,0
2.5,5,4,0,0,-1,0,0
2.5,5,4,0,0,-1,0,0
2.5,5,4,0,0,-1,0,0
2.5,5,4,0,0,-1,0,0
2.5,5,4,0,0,-1,0,0
2.5,5,4,0,0,-1,0,0
2.5,5,4,2.19064e-07,0.0189272,4,0,0
2.5,5,4,0,0,-1,0,0
2.5,5,4,0,0,-1,0,0
2.5,5,4,0,0,-1,0,0
2.5,5,4,0,0,-1,0,0
2.5,5,4,0,0,-1,0,0
2.5,5,4,0,0,-1,0,0
2.5,5,4,0,0,-1,0,0
2.5,5,4,0,0,-1,0,0
2.5,5,4,0,0,-1,0,0
2.5,5,4,0,0,-1,0,0
2.5,5,4,0,0,-1,0,0
2.5,5,4,0,0,-1,0,0
2.5,5,4,0,0,-1,0,0
2.5,5,4,0,0,-1,0,0
2.5,5,4,0,0,-1,0,0
2.5,5,4,4.20529e-07,0.0363337,4,0,0
2.5,5,4,0,0,-1,0,0
2.5,5,4,0,0,-1,0,0
2.5,5,4,0,0,-1,0,0
2.5,5,4,0,0,-1,0,0
2.5,5,4,0,0,-1,0,0
2.5,5,4,0,0,-1,0,0
2.5,5,4,0,0,-1,0,0
2.5,5,4,0,0,-1,0,0
2.5,5,4,0,0,-1,0,0
2.5,5,4,0,0,-1,0,0
2.5,5,4,0,0,-1,0,0
2.5,5,4,0,0,-1,0,0
2.5,5,4,0,0,-1,0,0
2.5,5,4,0,0,-1,0,0
2.5,5,4,0,0,-1,0,0
2.5,5,4,0,0,-1,0,0
2.5,5,4,0,0,-1,0,0
2.5,5,4,0,0,-1,0,0
2.5,5,4,0,0,-1,0,0
2.5,5,4,0,0,-1,0,0
2.5,5,4,0,0,-1,0,0
2.5,5,4,0,0,-1,0,0
2.5,5,4,0,0,-1,0,0
2.5,5,4,0,0,-1,0,0
2.5,5,4,0,0,-1,0,0
2.5,5,4,0,0,-1,0,0
2.5,5,4,0,0,-1,0,0
2.5,5,4,0,0,-1,0,0
2.5,5,4,0,0,-1,0,0
2.5,5,4,0,0,-1,0,0
2.5,5,4,0,0,-1,0,0
2.5,5,4,0,0,-1,0,0
2.5,5,4,0,0,-1,0,0
2.5,5,4,0,0,-1,0,0
2.5,5,4,0,0,-1,0,0
2.5,5,4,0,0,-1,0,0
2.5,5,4,0,0,-1,0,0
2.5,5,4,0,0,-1,0,0
2.5,5,4,0,0,-1,0,0
2.5,5,4,0,0,-1,0,0
2.5,5,4,0,0,-1,0,0
2.5,5,4,0,0,-1,0,0
2.5,5,4,0,0,-1,0,0
2.5,5,4,0,0,-1,0,0
2.5,5,4,0,0,-1,0,0
2.5,5,4,0,0,-1,0,0
2.5,5,4,0,0,-1,0,0
2.5,5,4,0,0,-1,0,0
2.5,5,4,0,0,-1,0,0
2.5,5,4,0,0,-1,0,0
2.5,5,4,0,0,-1,0,0
2.5,5,4,0,0,-1,0,0
2.5,5,4,0,0,-1,0,0
2.5,5,4,0,0,-1,0,0
2.5,5,4,0,0,-1,0,0
2.5,5,4,0,0,-1,0,0
2.5,5,4,0,0,-1,0,0
2.5,5,4,0,0,-1,0,0
2.5,5,4,0,0,-1,0,0
2.5,5,4,0,0,-1,0,0
2.5,5,4,0,0,-1,0,0
2.5,5,4,0,0,-1,0,0
2.5,5,4,0,0,-1,0,0
2.5,5,4,0,0,-1,0,0
2.5,5,4,0,0,-1,0,0
2.5,5,4,0,0,-1,0,0
2.5,5,4,0,0,-1,0,0
2.5,5,4,0,0,-1,0,0
2.5,5,4,0,0,-1,0,0
2.5,5,4,0,0,-1,0,0
2.5,5,4,4.46502e-07,0.0385778,4,0,0
2.5,5,4,0,0,-1,0,0
2.5,5,4,0,0,-1,0,0
2.5,5,4,0,0,-1,0,0
2.5,5,4,0,0,-1,0,0
2.5,5,4,0,0,-1,0,0
2.5,5,4,0,0,-1,0,0
2.5,5,4,0,0,-1,0,0
2.5,5,4,0,0,-1,0,0
2.5,5,4,0,0,-1,0,0
2.5,5,4,4.43311e-07,0.0383021,4,0,0
2.5,5,4,0,0,-1,0,0
2.5,5,4,0,0,-1,0,0
2.5,5,4,0,0,-1,0,0
2.5,5,4,0,0,-1,0,0
2.5,5,4,0,0,-1,0,0
2.5,5,4,0,0,-1,0,0
2.5,5,4,0,0,-1,0,0
2.5,5,4,0,0,-1,0,0
2.5,5,4,0,0,-1,0,0
2.5,5,4,0,0,-1,0,0
2.5,5,4,0,0,-1,0,0
2.5,5,4,0,0,-1,0,0
2.5,5,4,0,0,-1,0,0
2.5,5,4,0,0,-1,0,0
2.5,5,4,0,0,-1,0,0
2.5,5,4,0,0,-1,0,0
2.5,5,4,0,0,-1,0,0
2.5,5,4,0,0,-1,0,0
2.5,5,4,0,0,-1,0,0
2.5,5,4,0,0,-1,0,0
2.5,5,4,0,0,-1,0,0
2.5,5,4,0,0,-1,0,0
2.5,5,4,0,0,-1,0,0
2.5,5,4,0,0,-1,0,0
2.5,5,4,0,0,-1,0,0
2.5,5,4,0,0,-1,0,0
2.5,5,4,1.66144e-07,0.0143549,4,0,0
2.5,5,4,0,0,-1,0,0
2.5,5,4,0,0,-1,0,0
2.5,5,4,0,0,-1,0,0
2.5,5,4,0,0,-1,0,0
2.5,5,4,0,0,-1,0,0
2.5,5,4,0,0,-1,0,0
2.5,5,4,0,0,-1,0,0
2.5,5,4,0,0,-1,0,0
2.5,5,4,0,0,-1,0,0
2.5,5,4,0,0,-1,0,0
2.5,5,4,0,0,-1,0,0
2.5,5,4,0,0,-1,0,0
2.5,5,4,0,0,-1,0,0
2.5,5,4,0,0,-1,0,0
2.5,5,4,0,0,-1,0,0
2.5,5,4,0,0,-1,0,0
2.5,5,4,0,0,-1,0,0
2.5,5,4,0,0,-1,0,0
2.5,5,4,0,0,-1,0,0
2.5,5,4,0,0,-1,0,0
2.5,5,4,0,0,-1,0,0
2.5,5,4,0,0,-1,0,0
2.5,5,4,0,0,-1,0,0
2.5,5,4,0,0,-1,0,0
2.5,5,4,0,0,-1,0,0
2.5,5,4,0,0,-1,0,0
2.5,5,4,0,0,-1,0,0
2.5,5,4,0,0,-1,0,0
2.5,5,4,0,0,-1,0,0
2.5,5,4,0,0,-1,0,0
2.5,5,4,0,0,-1,0,0
2.5,5,4,0,0,-1,0,0
2.5,5,4,0,0,-1,0,0
2.5,5,4,0,0,-1,0,0
2.5,5,4,0,0,-1,0,0
2.5,5,4,0,0,-1,0,0
2.5,5,4,0,0,-1,0,0
2.5,5,4,0,0,-1,0,0
2.5,5,4,0,0,-1,0,0
2.5,5,4,0,0,-1,0,0
2.5,5,4,0,0,-1,0,0
2.5,5,4,0,0,-1,0,0
2.5,5,4,0,0,-1,0,0
2.5,5,4,0,0,-1,0,0
2.5,5,4,0,0,-1,0,0
2.5,5,4,0,0,-1,0,0
2.5,5,4,0,0,-1,0,0
2.5,5,4,0,0,-1,0,0
2.5,5,4,0,0,-1,0,0
2.5,5,4,0,0,-1,0,0
2.5,5,4,0,0,-1,0,0
2.5,5,4,0,0,-1,0,0
2.5,5,4,0,0,-1,0,0
2.5,5,4,0,0,-1,0,0
2.5,5,4,0,0,-1,0,0
2.5,5,4,0,0,-1,0,0
2.5,5,4,0,0,-1,0,0
2.5,5,4,0,0,-1,0,0
2.5,5,4,0,0,-1,0,0
2.5,5,4,0,0,-1,0,0
2.5,5,4,0,0,-1,0,0
2.5,5,4,0,0,-1,0,0
2.5,5,4,0,0,-1,0,0
2.5,5,4,0,0,-1,0,0
2.5,5,4,0,0,-1,0,0
2.5,5,4,4.37172e-07,0.0377716,4,0,0
2.5,5,4,0,0,-1,0,0
2.5,5,4,0,0,-1,0,0
2.5,5,4,0,0,-1,0,0
2.5,5,4,0,0,-1,0,0
2.5,5,4,0,0,-1,0,0
2.5,5,4,0,0,-1,0,0
2.5,5,4,0,0,-1,0,0
2.5,5,4,0,0,-1,0,0
2.5,5,4,0,0,-1,0,0
2.5,5,4,0,0,-1,0,0
2.5,5,4,0,0,-1,0,0
2.5,5,4,0,0,-1,0,0
2.5,5,4,0,0,-1,0,0
2.5,5,4,0,0,-1,0,0
2.5,5,4,0,0,-1,0,0
2.5,5,4,0,0,-1,0,0
2.5,5,4,0,0,-1,0,0
2.5,5,4,2.16496e-07,0.0187053,3,1.1,0
2.5,5,4,8.71923e-08,0.00753342,4,0,0
2.5,5,4,0,0,-1,0,0
2.5,5,4,0,0,-1,0,0
2.5,5,4,4.44958e-07,0.0384444,4,0,0
2.5,5,4,0,0,-1,0,0
2.5,5,4,0,0,-1,0,0
2.5,5,4,0,0,-1,0,0
2.5,5,4,0,0,-1,0,0
2.5,5,4,0,0,-1,0,0
2.5,5,4,0,0,-1,0,0
2.5,5,4,0,0,-1,0,0
2.5,5,4,4.20564e-07,0.0363367,4,0,0
2.5,5,4,0,0,-1,0,0
2.5,5,4,3.76854e-07,0.0325601,4,0,0
2.5,5,4,0,0,-1,0,0
2.5,5,4,0,0,-1,0,0
2.5,5,4,0,0,-1,0,0
2.5,5,4,1.5151e-07,0.0130905,4,0,0
2.5,5,4,0,0,-1,0,0
2.5,5,4,0,0,-1,0,0
2.5,5,4,0,0,-1,0,0
2.5,5,4,0,0,-1,0,0
2.5,5,4,4.51552e-07,0.0390141,4,0,0
2.5,5,4,0,0,-1,0,0
2.5,5,4,0,0,-1,0,0
2.5,5,4,0,0,-1,0,0
2.5,5,4,0,0,-1,0,0
2.5,5,4,0,0,-1,0,0
2.5,5,4,0,0,-1,0,0
2.5,5,4,0,0,-1,0,0
2.5,5,4,0,0,-1,0,0
2.5,5,4,3.04319e-07,0.0262931,3,1.1,0
2.5,5,4,1.59014e-08,0.00137388,4,0,0
2.5,5,4,0,0,-1,0,0
2.5,5,4,0,0,-1,0,0
2.5,5,4,0,0,-1,0,0
2.5,5,4,4.29582e-07,0.0371159,4,0,0
2.5,5,4,0,0,-1,0,0
2.5,5,4,0,0,-1,0,0
2.5,5,4,0,0,-1,0,0
2.5,5,4,0,0,-1,0,0
2.5,5,4,3.55332e-07,0.0307007,4,0,0
2.5,5,4,0,0,-1,0,0
2.5,5,4,0,0,-1,0,0
2.5,5,4,0,0,-1,0,0
2.5,5,4,0,0,-1,0,0
2.5,5,4,0,0,-1,0,0
2.5,5,4,0,0,-1,0,0
2.5,5,4,0,0,-1,0,0
2.5,5,4,2.27098e-07,0.0196213,3,1.1,0
2.5,5,4,1.86299e-07,0.0160962,4,0,0
2.5,5,4,0,0,-1,0,0
2.5,5,4,0,0,-1,0,0
2.5,5,4,0,0,-1,0,0
2.5,5,4,0,0,-1,0,0
2.5,5,4,0,0,-1,0,0
2.5,5,4,0,0,-1,0,0
2.5,5,4,0,0,-1,0,0
2.5,5,4,0,0,-1,0,0
2.5,5,4,0,0,-1,0,0
2.5,5,4,0,0,-1,0,0
2.5,5,4,0,0,-1,0,0
2.5,5,4,4.38922e-07,0.0379228,4,0,0
2.5,5,4,0,0,-1,0,0
2.5,5,4,0,0,-1,0,0
2.5,5,4,0,0,-1,0,0
2.5,5,4,0,0,-1,0,0
2.5,5,4,0,0,-1,0,0
2.5,5,4,0,0,-1,0,0
2.5,5,4,0,0,-1,0,0
2.5,5,4,0,0,-1,0,0
2.5,5,4,0,0,-1,0,0
2.5,5,4,0,0,-1,0,0
2.5,5,4,0,0,-1,0,0
2.5,5,4,0,0,-1,0,0
2.5,5,4,0,0,-1,0,0
2.5,5,4,0,0,-1,0,0
2.5,5,4,0,0,-1,0,0
2.5,5,4,2.93953e-07,0.0253976,4,0,0
2.5,5,4,0,0,-1,0,0
2.5,5,4,3.71363e-07,0.0320858,4,0,0
2.5,5,4,0,0,-1,0,0
2.5,5,4,0,0,-1,0,0
2.5,5,4,0,0,-1,0,0
2.5,5,4,0,0,-1,0,0
2.5,5,4,0,0,-1,0,0
2.5,5,4,0,0,-1,0,0
2.5,5,4,0,0,-1,0,0
2.5,5,4,0,0,-1,0,0
2.5,5,4,0,0,-1,0,0
2.5,5,4,0,0,-1,0,0
2.5,5,4,0,0,-1,0,0
2.5,5,4,0,0,-1,0,0
2.5,5,4,0,0,-1,0,0
2.5,5,4,4.15212e-07,0.0358744,4,0,0
2.5,5,4,0,0,-1,0,0
2.5,5,4,0,0,-1,0,0
2.5,5,4,0,0,-1,0,0
2.5,5,4,0,0,-1,0,0
2.5,5,4,0,0,-1,0,0
2.5,5,4,0,0,-1,0,0
2.5,5,4,0,0,-1,0,0
2.5,5,4,0,0,-1,0,0
2.5,5,4,0,0,-1,0,0
2.5,5,4,0,0,-1,0,0
2.5,5,4,0,0,-1,0,0
2.5,5,4,0,0,-1,0,0
2.5,5,4,0,0,-1,0,0
2.5,5,4,0,0,-1,0,0
2.5,5,4,0,0,-1,0,0
2.5,5,4,0,0,-1,0,0
2.5,5,4,0,0,-1,0,0
2.5,5,4,0,0,-1,0,0
2.5,5,4,0,0,-1,0,0
2.5,5,4,0,0,-1,0,0
2.5,5,4,0,0,-1,0,0
2.5,5,4,0,0,-1,0,0
2.5,5,4,0,0,-1,0,0
2.5,5,4,0,0,-1,0,0
2.5,5,4,0,0,-1,0,0
2.5,5,4,0,0,-1,0,0
2.5,5,4,0,0,-1,0,0
2.5,5,4,0,0,-1,0,0
2.5,5,4,0,0,-1,0,0
2.5,5,4,0,0,-1,0,0
2.5,5,4,0,0,-1,0,0
2.5,5,4,0,0,-1,0,0
2.5,5,4,0,0,-1,0,0
2.5,5,4,0,0,-1,0,0
2.5,5,4,0,0,-1,0,0
2.5,5,4,0,0,-1,0,0
2.5,5,4,0,0,-1,0,0
2.5,5,4,0,0,-1,0,0
2.5,5,4,0,0,-1,0,0
2.5,5,4,0,0,-1,0,0
2.5,5,4,0,0,-1,0,0
2.5,5,4,0,0,-1,0,0
2.5,5,4,0,0,-1,0,0
2.5,5,4,0,0,-1,0,0
2.5,5,4,0,0,-1,0,0
2.5,5,4,0,0,-1,0,0
2.5,5,4,0,0,-1,0,0
2.5,5,4,0,0,-1,0,0
2.5,5,4,0,0,-1,0,0
2.5,5,4,0,0,-1,0,0
2.5,5,4,0,0,-1,0,0
2.5,5,4,0,0,-1,0,0
2.5,5,4,0,0,-1,0,0
2.5,5,4,0,0,-1,0,0
2.5,5,4,0,0,-1,0,0
2.5,5,4,0,0,-1,0,0
2.5,5,4,0,0,-1,0,0
2.5,5,4,0,0,-1,0,0
2.5,5,4,0,0,-1,0,0
2.5,5,4,0,0,-1,0,0
2.5,5,4,0,0,-1,0,0
2.5,5,4,0,0,-1,0,0
2.5,5,4,0,0,-1,0,0
2.5,5,4,0,0,-1,0,0
2.5,5,4,0,0,-1,0,0
2.5,5,4,0,0,-1,0,0
2.5,5,4,0,0,-1,0,0
2.5,5,4,0,0,-1,0,0
2.5,5,4,0,0,-1,0,0
2.5,5,4,0,0,-1,0,0
2.5,5,4,0,0,-1,0,0
2.5,5,4,0,0,-1,0,0
2.5,5,4,0,0,-1,0,0
2.5,5,4,0,0,-1,0,0
2.5,5,4,0,0,-1,0,0
2.5,5,4,0,0,-1,0,0
2.5,5,4,0,0,-1,0,0
2.5,5,4,0,0,-1,0,0
2.5,5,4,0,0,-1,0,0
2.5,5,4,0,0,-1,0,0
2.5,5,4,0,0,-1,0,0
2.5,5,4,0,0,-1,0,0
2.5,5,4,0,0,-1,0,0
2.5,5,4,0,0,-1,0,0
2.5,5,4,0,0,-1,0,0
2.5,5,4,0,0,-1,0,0
2.5,5,4,0,0,-1,0,0
2.5,5,4,0,0,-1,0,0
2.5,5,4,0,0,-1,0,0
2.5,5,4,0,0,-1,0,0
2.5,5,4,0,0,-1,0,0
2.5,5,4,0,0,-1,0,0
2.5,5,4,0,0,-1,0,0
2.5,5,4,0,0,-1,0,0
2.5,5,4,0,0,-1,0,0
2.5,5,4,0,0,-1,0,0
2.5,5,4,0,0,-1,0,0
2.5,5,4,0,0,-1,0,0
2.5,5,4,0,0,-1,0,0
2.5,5,4,0,0,-1,0,0
2.5,5,4,0,0,-1,0,0
2.5,5,4,0,0,-1,0,0
2.5,5,4,0,0,-1,0,0
2.5,5,4,0,0,-1,0,0
2.5,5,4,3.36354e-07,0.029061,4,0,0
2.5,5,4,0,0,-1,0,0
2.5,5,4,0,0,-1,0,0
2.5,5,4,0,0,-1,0,0
2.5,5,4,0,0,-1,0,0
2.5,5,4,0,0,-1,0,0
2.5,5,4,0,0,-1,0,0
2.5,5,4,0,0,-1,0,0
2.5,5,4,0,0,-1,0,0
2.5,5,4,0,0,-1,0,0
2.5,5,4,0,0,-1,0,0
2.5,5,4,0,0,-1,0,0
2.5,5,4,0,0,-1,0,0
2.5,5,4,0,0,-1,0,0
2.5,5,4,0,0,-1,0,0
2.5,5,4,0,0,-1,0,0
2.5,5,4,0,0,-1,0,0
2.5,5,4,0,0,-1,0,0
2.5,5,4,0,0,-1,0,0
2.5,5,4,0,0,-1,0,0
2.5,5,4,0,0,-1,0,0
2.5,5,4,0,0,-1,0,0
2.5,5,4,0,0,-1,0,0
2.5,5,4,0,0,-1,0,0
2.5,5,4,0,0,-1,0,0
2.5,5,4,0,0,-1,0,0
2.5,5,4,0,0,-1,0,0
2.5,5,4,0,0,-1,0,0
2.5,5,4,0,0,-1,0,0
2.5,5,4,0,0,-1,0,0
2.5,5,4,0,0,-1,0,0
2.5,5,4,0,0,-1,0,0
2.5,5,4,0,0,-1,0,0
2.5,5,4,0,0,-1,0,0
2.5,5,4,0,0,-1,0,0
2.5,5,4,0,0,-1,0,0
2.5,5,4,0,0,-1,0,0
2.5,5,4,0,0,-1,0,0
2.5,5,4,0,0,-1,0,0
2.5,5,4,0,0,-1,0,0
2.5,5,4,0,0,-1,0,0
2.5,5,4,0,0,-1,0,0
2.5,5,4,4.05732e-07,0.0350552,4,0,0
2.5,5,4,0,0,-1,0,0
2.5,5,4,2.47766e-07,0.021407,4,0,0
2.5,5,4,0,0,-1,0,0
2.5,5,4,0,0,-1,0,0
2.5,5,4,0,0,-1,0,0
2.5,5,4,0,0,-1,0,0
2.5,5,4,0,0,-1,0,0
2.5,5,4,0,0,-1,0,0
2.5,5,4,0,0,-1,0,0
2.5,5,4,0,0,-1,0,0
2.5,5,4,0,0,-1,0,0
2.5,5,4,0,0,-1,0,0
2.5,5,4,0,0,-1,0,0
2.5,5,4,0,0,-1,0,0
2.5,5,4,0,0,-1,0,0
2.5,5,4,0,0,-1,0,0
2.5,5,4,0,0,-1,0,0
2.5,5,4,0,0,-1,0,0
2.5,5,4,0,0,-1,0,0
2.5,5,4,0,0,-1,0,0
2.5,5,4,0,0,-1,0,0
2.5,5,4,0,0,-1,0,0
2.5,5,4,0,0,-1,0,0
2.5,5,4,0,0,-1,0,0
2.5,5,4,0,0,-1,0,0
2.5,5,4,0,0,-1,0,0
2.5,5,4,0,0,-1,0,0
2.5,5,4,0,0,-1,0,0
2.5,5,4,0,0,-1,0,0
2.5,5,4,0,0,-1,0,0
2.5,5,4,0,0,-1,0,0
2.5,5,4,0,0,-1,0,0
2.5,5,4,0,0,-1,0,0
2.5,5,4,0,0,-1,0,0
2.5,5,4,0,0,-1,0,0
2.5,5,4,0,0,-1,0,0
2.5,5,4,0,0,-1,0,0
2.5,5,4,0,0,-1,0,0
2.5,5,4,0,0,-1,0,0
2.5,5,4,0,0,-1,0,0
2.5,5,4,0,0,-1,0,0
2.5,5,4,0,0,-1,0,0
2.5,5,4,0,0,-1,0,0
2.5,5,4,0,0,-1,0,0
2.5,5,4,0,0,-1,0,0
2.5,5,4,0,0,-1,0,0
2.5,5,4,0,0,-1,0,0
2.5,5,4,0,0,-1,0,0
2.5,5,4,0,0,-1,0,0
2.5,5,4,0,0,-1,0,0
2.5,5,4,0,0,-1,0,0
2.5,5,4,0,0,-1,0,0
2.5,5,4,0,0,-1,0,0
2.5,5,4,0,0,-1,0,0
2.5,5,4,0,0,-1,0,0
2.5,5,4,0,0,-1,0,0
2.5,5,4,0,0,-1,0,0
2.5,5,4,0,0,-1,0,0
2.5,5,4,0,0,-1,0,0
2.5,5,4,0,0,-1,0,0
2.5,5,4,0,0,-1,0,0
2.5,5,4,0,0,-1,0,0
2.5,5,4,0,0,-1,0,0
2.5,5,4,0,0,-1,0,0
2.5,5,4,0,0,-1,0,0
2.5,5,4,0,0,-1,0,0
2.5,5,4,0,0,-1,0,0
2.5,5,4,0,0,-1,0,0
2.5,5,4,0,0,-1,0,0
2.5,5,4,0,0,-1,0,0
2.5,5,4,4.51082e-07,0.0389735,4,0,0
2.5,5,4,0,0,-1,0,0
2.5,5,4,0,0,-1,0,0
2.5,5,4,0,0,-1,0,0
2.5,5,4,0,0,-1,0,0
2.5,5,4,0,0,-1,0,0
2.5,5,4,0,0,-1,0,0
2.5,5,4,0,0,-1,0,0
2.5,5,4,0,0,-1,0,0
2.5,5,4,0,0,-1,0,0
2.5,5,4,0,0,-1,0,0
2.5,5,4,0,0,-1,0,0
2.5,5,4,0,0,-1,0,0
2.5,5,4,0,0,-1,0,0
2.5,5,4,0,0,-1,0,0
2.5,5,4,0,0,-1,0,0
2.5,5,4,0,0,-1,0,0
2.5,5,4,0,0,-1,0,0
2.5,5,4,0,0,-1,0,0
2.5,5,4,0,0,-1,0,0
2.5,5,4,0,0,-1,0,0
2.5,5,4,0,0,-1,0,0
2.5,5,4,0,0,-1,0,0
2.5,5,4,0,0,-1,0,0
2.5,5,4,0,0,-1,0,0
2.5,5,4,0,0,-1,0,0
2.5,5,4,0,0,-1,0,0
2.5,5,4,0,0,-1,0,0
2.5,5,4,0,0,-1,0,0
2.5,5,4,0,0,-1,0,0
2.5,5,4,0,0,-1,0,0
2.5,5,4,0,0,-1,0,0
2.5,5,4,0,0,-1,0,0
2.5,5,4,0,0,-1,0,0
2.5,5,4,0,0,-1,0,0
2.5,5,4,0,0,-1,0,0
2.5,5,4,4.44317e-07,0.038389,4,0,0
2.5,5,4,0,0,-1,0,0
2.5,5,4,0,0,-1,0,0
2.5,5,4,0,0,-1,0,0
2.5,5,4,0,0,-1,0,0
2.5,5,4,0,0,-1,0,0
2.5,5,4,0,0,-1,0,0
2.5,5,4,0,0,-1,0,0
2.5,5,4,0,0,-1,0,0
2.5,5,4,0,0,-1,0,0
2.5,5,4,4.50967e-07,0.0389635,4,0,0
2.5,5,4,0,0,-1,0,0
2.5,5,4,0,0,-1,0,0
2.5,5,4,0,0,-1,0,0
2.5,5,4,0,0,-1,0,0
2.5,5,4,0,0,-1,0,0
2.5,5,4,0,0,-1,0,0
2.5,5,4,0,0,-1,0,0
2.5,5,4,0,0,-1,0,0
2.5,5,4,4.52262e-07,0.0390754,4,0,0
2.5,5,4,0,0,-1,0,0
2.5,5,4,0,0,-1,0,0
2.5,5,4,0,0,-1,0,0
2.5,5,4,0,0,-1,0,0
2.5,5,4,0,0,-1,0,0
2.5,5,4,0,0,-1,0,0
2.5,5,4,0,0,-1,0,0
2.5,5,4,0,0,-1,0,0
2.5,5,4,0,0,-1,0,0
2.5,5,4,0,0,-1,0,0
2.5,5,4,0,0,-1,0,0
2.5,5,4,0,0,-1,0,0
2.5,5,4,0,0,-1,0,0
2.5,5,4,0,0,-1,0,0
2.5,5,4,0,0,-1,0,0
2.5,5,4,0,0,-1,0,0
2.5,5,4,0,0,-1,0,0
2.5,5,4,0,0,-1,0,0
2.5,5,4,0,0,-1,0,0
2.5,5,4,0,0,-1,0,0
2.5,5,4,0,0,-1,0,0
2.5,5,4,0,0,-1,0,0
2.5,5,4,0,0,-1,0,0
2.5,5,4,0,0,-1,0,0
2.5,5,4,0,0,-1,0,0
2.5,5,4,0,0,-1,0,0
2.5,5,4,0,0,-1,0,0
2.5,5,4,0,0,-1,0,0
2.5,5,4,0,0,-1,0,0
2.5,5,4,0,0,-1,0,0
2.5,5,4,0,0,-1,0,0
2.5,5,4,4.49662e-07,0.0388508,4,0,0
2.5,5,4,0,0,-1,0,0
2.5,5,4,0,0,-1,0,0
2.5,5,4,0,0,-1,0,0
2.5,5,4,0,0,-1,0,0
2.5,5,4,0,0,-1,0,0
2.5,5,4,0,0,-1,0,0
2.5,5,4,0,0,-1,0,0
2.5,5,4,4.1718e-07,0.0360443,4,0,0
2.5,5,4,0,0,-1,0,0
2.5,5,4,0,0,-1,0,0
2.5,5,4,0,0,-1,0,0
2.5,5,4,0,0,-1,0,0
2.5,5,4,0,0,-1,0,0
2.5,5,4,0,0,-1,0,0
2.5,5,4,0,0,-1,0,0
2.5,5,4,0,0,-1,0,0
2.5,5,4,0,0,-1,0,0
2.5,5,4,0,0,-1,0,0
2.5,5,4,3.80299e-07,0.0328578,4,0,0
2.5,5,4,0,0,-1,0,0
2.5,5,4,0,0,-1,0,0
2.5,5,4,0,0,-1,0,0
2.5,5,4,0,0,-1,0,0
2.5,5,4,0,0,-1,0,0
2.5,5,4,0,0,-1,0,0
2.5,5,4,0,0,-1,0,0
2.5,5,4,0,0,-1,0,0
2.5,5,4,0,0,-1,0,0
2.5,5,4,0,0,-1,0,0
2.5,5,4,0,0,-1,0,0
2.5,5,4,0,0,-1,0,0
2.5,5,4,0,0,-1,0,0
2.5,5,4,2.57478e-07,0.0222461,4,0,0
2.5,5,4,0,0,-1,0,0
2.5,5,4,0,0,-1,0,0
2.5,5,4,0,0,-1,0,0
2.5,5,4,0,0,-1,0,0
2.5,5,4,0,0,-1,0,0
2.5,5,4,0,0,-1,0,0
2.5,5,4,0,0,-1,0,0
2.5,5,4,0,0,-1,0,0
2.5,5,4,0,0,-1,0,0
2.5,5,4,0,0,-1,0,0
2.5,5,4,0,0,-1,0,0
2.5,5,4,0,0,-1,0,0
2.5,5,4,0,0,-1,0,0
2.5,5,4,0,0,-1,0,0
2.5,5,4,0,0,-1,0,0
2.5,5,4,0,0,-1,0,0
2.5,5,4,0,0,-1,0,0
2.5,5,4,0,0,-1,0,0
2.5,5,4,0,0,-1,0,0
2.5,5,4,0,0,-1,0,0
2.5,5,4,0,0,-1,0,0
2.5,5,4,0,0,-1,0,0
2.5,5,4,0,0,-1,0,0
2.5,5,4,0,0,-1,0,0
2.5,5,4,0,0,-1,0,0
2.5,5,4,0,0,-1,0,0
2.5,5,4,0,0,-1,0,0
2.5,5,4,0,0,-1,0,0
2.5,5,4,0,0,-1,0,0
2.5,5,4,0,0,-1,0,0
2.5,5,4,0,0,-1,0,0
2.5,5,4,4.45574e-07,0.0384976,4,0,0
2.5,5,4,0,0,-1,0,0
2.5,5,4,0,0,-1,0,0
2.5,5,4,0,0,-1,0,0
2.5,5,4,0,0,-1,0,0
2.5,5,4,0,0,-1,0,0
2.5,5,4,0,0,-1,0,0
2.5,5,4,0,0,-1,0,0
2.5,5,4,0,0,-1,0,0
2.5,5,4,0,0,-1,0,0
2.5,5,4,0,0,-1,0,0
2.5,5,4,0,0,-1,0,0
2.5,5,4,0,0,-1,0,0
2.5,5,4,4.50048e-07,0.0388841,4,0,0
2.5,5,4,0,0,-1,0,0
2.5,5,4,0,0,-1,0,0
2.5,5,4,0,0,-1,0,0
2.5,5,4,0,0,-1,0,0
2.5,5,4,0,0,-1,0,0
2.5,5,4,0,0,-1,0,0
2.5,5,4,0,0,-1,0,0
2.5,5,4,0,0,-1,0,0
2.5,5,4,0,0,-1,0,0
2.5,5,4,0,0,-1,0,0
2.5,5,4,0,0,-1,0,0
2.5,5,4,0,0,-1,0,0
2.5,5,4,0,0,-1,0,0
2.5,5,4,0,0,-1,0,0
2.5,5,4,0,0,-1,0,0
2.5,5,4,0,0,-1,0,0
2.5,5,4,0,0,-1,0,0
2.5,5,4,0,0,-1,0,0
2.5,5,4,0,0,-1,0,0
2.5,5,4,0,0,-1,0,0
2.5,5,4,0,0,-1,0,0
2.5,5,4,0,0,-1,0,0
2.5,5,4,0,0,-1,0,0
2.5,5,4,0,0,-1,0,0
2.5,5,4,0,0,-1,0,0
2.5,5,4,0,0,-1,0,0
2.5,5,4,0,0,-1,0,0
2.5,5,4,0,0,-1,0,0
2.5,5,4,0,0,-1,0,0
2.5,5,4,0,0,-1,0,0
2.5,5,4,0,0,-1,0,0
2.5,5,4,0,0,-1,0,0
2.5,5,4,0,0,-1,0,0
2.5,5,4,0,0,-1,0,0
2.5,5,4,0,0,-1,0,0
2.5,5,4,0,0,-1,0,0
2.5,5,4,0,0,-1,0,0
2.5,5,4,0,0,-1,0,0
2.5,5,4,0,0,-1,0,0
2.5,5,4,0,0,-1,0,0
2.5,5,4,0,0,-1,0,0
2.5,5,4,3.69778e-07,0.0319488,4,0,0
2.5,5,4,0,0,-1,0,0
2.5,5,4,7.6348e-08,0.00659647,4,0,0
2.5,5,4,0,0,-1,0,0
2.5,5,4,0,0,-1,0,0
2.5,5,4,0,0,-1,0,0
2.5,5,4,0,0,-1,0,0
2.5,5,4,0,0,-1,0,0
2.5,5,4,0,0,-1,0,0
2.5,5,4,0,0,-1,0,0
2.5,5,4,0,0,-1,0,0
2.5,5,4,0,0,-1,0,0
2.5,5,4,0,0,-1,0,0
2.5,5,4,0,0,-1,0,0
2.5,5,4,0,0,-1,0,0
2.5,5,4,0,0,-1,0,0
2.5,5,4,0,0,-1,0,0
2.5,5,4,0,0,-1,0,0
2.5,5,4,0,0,-1,0,0
2.5,5,4,4.25093e-07,0.036728,4,0,0
2.5,5,4,0,0,-1,0,0
2.5,5,4,0,0,-1,0,0
2.5,5,4,0,0,-1,0,0
2.5,5,4,0,0,-1,0,0
2.5,5,4,4.5087e-07,0.0389551,4,0,0
2.5,5,4,0,0,-1,0,0
2.5,5,4,0,0,-1,0,0
2.5,5,4,0,0,-1,0,0
2.5,5,4,0,0,-1,0,0
2.5,5,4,0,0,-1,0,0
2.5,5,4,0,0,-1,0,0
2.5,5,4,0,0,-1,0,0
2.5,5,4,0,0,-1,0,0
2.5,5,4,0,0,-1,0,0
2.5,5,4,0,0,-1,0,0
2.5,5,4,0,0,-1,0,0
2.5,5,4,0,0,-1,0,0
2.5,5,4,0,0,-1,0,0
2.5,5,4,0,0,-1,0,0
2.5,5,4,0,0,-1,0,0
2.5,5,4,0,0,-1,0,0
2.5,5,4,0,0,-1,0,0
2.5,5,4,0,0,-1,0,0
2.5,5,4,0,0,-1,0,0
2.5,5,4,0,0,-1,0,0
2.5,5,4,0,0,-1,0,0
2.5,5,4,0,0,-1,0,0
2.5,5,4,0,0,-1,0,0
2.5,5,4,0,0,-1,0,0
2.5,5,4,0,0,-1,0,0
2.5,5,4,0,0,-1,0,0
2.5,5,4,0,0,-1,0,0
2.5,5,4,0,0,-1,0,0
2.5,5,4,0,0,-1,0,0
2.5,5,4,0,0,-1,0,0
2.5,5,4,0,0,-1,0,0
2.5,5,4,0,0,-1,0,0
2.5,5,4,0,0,-1,0,0
2.5,5,4,0,0,-1,0,0
2.5,5,4,0,0,-1,0,0
2.5,5,4,0,0,-1,0,0
2.5,5,4,0,0,-1,0,0
2.5,5,4,0,0,-1,0,0
2.5,5,4,0,0,-1,0,0
2.5,5,4,0,0,-1,0,0
2.5,5,4,3.9329e-07,0.0339802,4,0,0
2.5,5,4,0,0,-1,0,0
2.5,5,4,0,0,-1,0,0
2.5,5,4,4.32115e-07,0.0373347,4,0,0
2.5,5,4,0,0,-1,0,0
2.5,5,4,0,0,-1,0,0
2.5,5,4,0,0,-1,0,0
2.5,5,4,0,0,-1,0,0
2.5,5,4,0,0,-1,0,0
2.5,5,4,0,0,-1,0,0
2.5,5,4,1.74785e-07,0.0151014,3,1.1,0
2.5,5,4,3.08436e-07,0.0266489,4,0,0
2.5,5,4,0,0,-1,0,0
2.5,5,4,0,0,-1,0,0
2.5,5,4,4.17865e-07,0.0361035,4,0,0
2.5,5,4,0,0,-1,0,0
2.5,5,4,0,0,-1,0,0
2.5,5,4,0,0,-1,0,0
2.5,5,4,0,0,-1,0,0
2.5,5,4,0,0,-1,0,0
2.5,5,4,0,0,-1,0,0
2.5,5,4,0,0,-1,0,0
2.5,5,4,0,0,-1,0,0
2.5,5,4,0,0,-1,0,0
2.5,5,4,3.79764e-07,0.0328116,4,0,0
2.5,5,4,0,0,-1,0,0
2.5,5,4,0,0,-1,0,0
2.5,5,4,0,0,-1,0,0
2.5,5,4,0,0,-1,0,0
2.5,5,4,0,0,-1,0,0
2.5,5,4,0,0,-1,0,0
2.5,5,4,0,0,-1,0,0
2.5,5,4,0,0,-1,0,0
2.5,5,4,0,0,-1,0,0
2.5,5,4,0,0,-1,0,0
2.5,5,4,0,0,-1,0,0
2.5,5,4,0,0,-1,0,0
2.5,5,4,0,0,-1,0,0
2.5,5,4,0,0,-1,0,0
2.5,5,4,0,0,-1,0,0
2.5,5,4,0,0,-1,0,0
2.5,5,4,0,0,-1,0,0
2.5,5,4,0,0,-1,0,0
2.5,5,4,0,0,-1,0,0
2.5,5,4,0,0,-1,0,0
2.5,5,4,0,0,-1,0,0
2.5,5,4,0,0,-1,0,0
2.5,5,4,0,0,-1,0,0
2.5,5,4,0,0,-1,0,0
2.5,5,4,0,0,-1,0,0
2.5,5,4,0,0,-1,0,0
2.5,5,4,0,0,-1,0,0
2.5,5,4,0,0,-1,0,0
2.5,5,4,0,0,-1,0,0
2.5,5,4,0,0,-1,0,0
2.5,5,4,0,0,-1,0,0
2.5,5,4,0,0,-1,0,0
2.5,5,4,0,0,-1,0,0
2.5,5,4,0,0,-1,0,0
2.5,5,4,0,0,-1,0,0
2.5,5,4,4.51282e-07,0.0389908,4,0,0
2.5,5,4,0,0,-1,0,0
2.5,5,4,0,0,-1,0,0
2.5,5,4,0,0,-1,0,0
2.5,5,4,0,0,-1,0,0
2.5,5,4,0,0,-1,0,0
2.5,5,4,0,0,-1,0,0
2.5,5,4,0,0,-1,0,0
2.5,5,4,0,0,-1,0,0
2.5,5,4,0,0,-1,0,0
2.5,5,4,0,0,-1,0,0
2.5,5,4,0,0,-1,0,0
2.5,5,4,0,0,-1,0,0
2.5,5,4,4.52281e-07,0.0390771,4,0,0
2.5,5,4,0,0,-1,0,0
2.5,5,4,0,0,-1,0,0
2.5,5,4,0,0,-1,0,0
2.5,5,4,0,0,-1,0,0
2.5,5,4,0,0,-1,0,0
2.5,5,4,0,0,-1,0,0
2.5,5,4,0,0,-1,0,0
2.5,5,4,0,0,-1,0,0
2.5,5,4,0,0,-1,0,0
2.5,5,4,0,0,-1,0,0
2.5,5,4,0,0,-1,0,0
2.5,5,4,0,0,-1,0,0
2.5,5,4,0,0,-1,0,0
2.5,5,4,0,0,-1,0,0
2.5,5,4,0,0,-1,0,0
2.5,5,4,4.20137e-07,0.0362999,4,0,0
2.5,5,4,0,0,-1,0,0
2.5,5,4,0,0,-1,0,0
2.5,5,4,0,0,-1,0,0
2.5,5,4,0,0,-1,0,0
2.5,5,4,0,0,-1,0,0
2.5,5,4,0,0,-1,0,0
2.5,5,4,0,0,-1,0,0
2.5,5,4,0,0,-1,0,0
2.5,5,4,0,0,-1,0,0
2.5,5,4,0,0,-1,0,0
2.5,5,4,0,0,-1,0,0
2.5,5,4,0,0,-1,0,0
2.5,5,4,0,0,-1,0,0
2.5,5,4,0,0,-1,0,0
2.5,5,4,1.89772e-07,0.0163963,4,0,0
2.5,5,4,0,0,-1,0,0
2.5,5,4,0,0,-1,0,0
2.5,5,4,0,0,-1,0,0
2.5,5,4,0,0,-1,0,0
2.5,5,4,0,0,-1,0,0
2.5,5,4,0,0,-1,0,0
2.5,5,4,0,0,-1,0,0
2.5,5,4,0,0,-1,0,0
2.5,5,4,0,0,-1,0,0
2.5,5,4,0,0,-1,0,0
2.5,5,4,0,0,-1,0,0
2.5,5,4,0,0,-1,0,0
2.5,5,4,0,0,-1,0,0
2.5,5,4,0,0,-1,0,0
2.5,5,4,0,0,-1,0,0
2.5,5,4,0,0,-1,0,0
2.5,5,4,0,0,-1,0,0
2.5,5,4,0,0,-1,0,0
2.5,5,4,0,0,-1,0,0
2.5,5,4,0,0,-1,0,0
2.5,5,4,0,0,-1,0,0
2.5,5,4,0,0,-1,0,0
2.5,5,4,0,0,-1,0,0
2.5,5,4,0,0,-1,0,0
2.5,5,4,0,0,-1,0,0
2.5,5,4,0,0,-1,0,0
2.5,5,4,0,0,-1,0,0
2.5,5,4,0,0,-1,0,0
2.5,5,4,0,0,-1,0,0
2.5,5,4,0,0,-1,0,0
2.5,5,4,0,0,-1,0,0
2.5,5,4,0,0,-1,0,0
2.5,5,4,0,0,-1,0,0
2.5,5,4,0,0,-1,0,0
2.5,5,4,0,0,-1,0,0
2.5,5,4,0,0,-1,0,0
2.5,5,4,0,0,-1,0,0
2.5,5,4,0,0,-1,0,0
2.5,5,4,0,0,-1,0,0
2.5,5,4,0,0,-1,0,0
2.5,5,4,0,0,-1,0,0
2.5,5,4,0,0,-1,0,0
2.5,5,4,0,0,-1,0,0
2.5,5,4,0,0,-1,0,0
2.5,5,4,0,0,-1,0,0
2.5,5,4,0,0,-1,0,0
2.5,5,4,0,0,-1,0,0
2.5,5,4,0,0,-1,0,0
2.5,5,4,0,0,-1,0,0
2.5,5,4,0,0,-1,0,0
2.5,5,4,0,0,-1,0,0
2.5,5,4,0,0,-1,0,0
2.5,5,4,0,0,-1,0,0
2.5,5,4,0,0,-1,0,0
2.5,5,4,0,0,-1,0,0
2.5,5,4,0,0,-1,0,0
2.5,5,4,0,0,-1,0,0
2.5,5,4,0,0,-1,0,0
2.5,5,4,0,0,-1,0,0
2.5,5,4,0,0,-1,0,0
2.5,5,4,0,0,-1,0,0
2.5,5,4,0,0,-1,0,0
2.5,5,4,0,0,-1,0,0
2.5,5,4,0,0,-1,0,0
2.5,5,4,0,0,-1,0,0
2.5,5,4,3.15863e-07,0.0272906,4,0,0
2.5,5,4,0,0,-1,0,0
2.5,5,4,0,0,-1,0,0
2.5,5,4,0,0,-1,0,0
2.5,5,4,0,0,-1,0,0
2.5,5,4,0,0,-1,0,0
2.5,5,4,0,0,-1,0,0
2.5,5,4,0,0,-1,0,0
2.5,5,4,0,0,-1,0,0
2.5,5,4,0,0,-1,0,0
2.5,5,4,4.51333e-07,0.0389952,4,0,0
2.5,5,4,0,0,-1,0,0
2.5,5,4,0,0,-1,0,0
2.5,5,4,0,0,-1,0,0
2.5,5,4,0,0,-1,0,0
2.5,5,4,0,0,-1,0,0
2.5,5,4,0,0,-1,0,0
2.5,5,4,0,0,-1,0,0
2.5,5,4,0,0,-1,0,0
2.5,5,4,0,0,-1,0,0
2.5,5,4,0,0,-1,0,0
2.5,5,4,0,0,-1,0,0
2.5,5,4,0,0,-1,0,0
2.5,5,4,0,0,-1,0,0
2.5,5,4,0,0,-1,0,0
2.5,5,4,0,0,-1,0,0
2.5,5,4,0,0,-1,0,0
2.5,5,4,4.50256e-07,0.0389021,4,0,0
2.5,5,4,0,0,-1,0,0
2.5,5,4,0,0,-1,0,0
2.5,5,4,4.45813e-07,0.0385183,4,0,0
2.5,5,4,0,0,-1,0,0
2.5,5,4,0,0,-1,0,0
2.5,5,4,0,0,-1,0,0
2.5,5,4,0,0,-1,0,0
2.5,5,4,0,0,-1,0,0
2.5,5,4,0,0,-1,0,0
2.5,5,4,0,0,-1,0,0
2.5,5,4,0,0,-1,0,0
2.5,5,4,0,0,-1,0,0
2.5,5,4,0,0,-1,0,0
2.5,5,4,0,0,-1,0,0
2.5,5,4,4.24511e-07,0.0366777,4,0,0
2.5,5,4,0,0,-1,0,0
2.5,5,4,0,0,-1,0,0
2.5,5,4,0,0,-1,0,0
2.5,5,4,0,0,-1,0,0
2.5,5,4,0,0,-1,0,0
2.5,5,4,0,0,-1,0,0
2.5,5,4,0,0,-1,0,0
2.5,5,4,0,0,-1,0,0
2.5,5,4,0,0,-1,0,0
2.5,5,4,0,0,-1,0,0
2.5,5,4,0,0,-1,0,0
2.5,5,4,0,0,-1,0,0
2.5,5,4,0,0,-1,0,0
2.5,5,4,0,0,-1,0,0
2.5,5,4,0,0,-1,0,0
2.5,5,4,0,0,-1,0,0
2.5,5,4,0,0,-1,0,0
2.5,5,4,0,0,-1,0,0
2.5,5,4,0,0,-1,0,0
2.5,5,4,0,0,-1,0,0
2.5,5,4,0,0,-1,0,0
2.5,5,4,0,0,-1,0,0
2.5,5,4,0,0,-1,0,0
2.5,5,4,0,0,-1,0,0
2.5,5,4,0,0,-1,0,0
2.5,5,4,0,0,-1,0,0
2.5,5,4,0,0,-1,0,0
2.5,5,4,0,0,-1,0,0
2.5,5,4,0,0,-1,0,0
2.5,5,4,0,0,-1,0,0
2.5,5,4,0,0,-1,0,0
2.5,5,4,0,0,-1,0,0
2.5,5,4,0,0,-1,0,0
2.5,5,4,0,0,-1,0,0
2.5,5,4,0,0,-1,0,0
2.5,5,4,0,0,-1,0,0
2.5,5,4,0,0,-1,0,0
2.5,5,4,0,0,-1,0,0
2.5,5,4,0,0,-1,0,0
2.5,5,4,0,0,-1,0,0
2.5,5,4,0,0,-1,0,0
2.5,5,4,0,0,-1,0,0
2.5,5,4,0,0,-1,0,0
2.5,5,4,0,0,-1,0,0
2.5,5,4,0,0,-1,0,0
2.5,5,4,0,0,-1,0,0
2.5,5,4,0,0,-1,0,0
2.5,5,4,0,0,-1,0,0
2.5,5,4,0,0,-1,0,0
2.5,5,4,0,0,-1,0,0
2.5,5,4,0,0,-1,0,0
2.5,5,4,0,0,-1,0,0
2.5,5,4,0,0,-1,0,0
2.5,5,4,0,0,-1,0,0
2.5,5,4,0,0,-1,0,0
2.5,5,4,0,0,-1,0,0
2.5,5,4,0,0,-1,0,0
2.5,5,4,0,0,-1,0,0
2.5,5,4,0,0,-1,0,0
2.5,5,4,0,0,-1,0,0
2.5,5,4,0,0,-1,0,0
2.5,5,4,0,0,-1,0,0
2.5,5,4,0,0,-1,0,0
2.5,5,4,0,0,-1,0,0
2.5,5,4,0,0,-1,0,0
2.5,5,4,0,0,-1,0,0
2.5,5,4,0,0,-1,0,0
2.5,5,4,0,0,-1,0,0
2.5,5,4,0,0,-1,0,0
2.5,5,4,0,0,-1,0,0
2.5,5,4,0,0,-1,0,0
2.5,5,4,0,0,-1,0,0
2.5,5,4,0,0,-1,0,0
2.5,5,4,0,0,-1,0,0
2.5,5,4,0,0,-1,0,0
2.5,5,4,0,0,-1,0,0
2.5,5,4,0,0,-1,0,0
2.5,5,4,0,0,-1,0,0
2.5,5,4,0,0,-1,0,0
2.5,5,4,0,0,-1,0,0
2.5,5,4,0,0,-1,0,0
2.5,5,4,0,0,-1,0,0
2.5,5,4,0,0,-1,0,0
2.5,5,4,0,0,-1,0,0
2.5,5,4,0,0,-1,0,0
2.5,5,4,0,0,-1,0,0
2.5,5,4,0,0,-1,0,0
2.5,5,4,0,0,-1,0,0
2.5,5,4,0,0,-1,0,0
2.5,5,4,0,0,-1,0,0
2.5,5,4,0,0,-1,0,0
2.5,5,4,0,0,-1,0,0
2.5,5,4,0,0,-1,0,0
2.5,5,4,0,0,-1,0,0
2.5,5,4,0,0,-1,0,0
2.5,5,4,0,0,-1,0,0
2.5,5,4,0,0,-1,0,0
2.5,5,4,0,0,-1,0,0
2.5,5,4,0,0,-1,0,0
2.5,5,4,0,0,-1,0,0
2.5,5,4,0,0,-1,0,0
2.5,5,4,0,0,-1,0,0
2.5,5,4,0,0,-1,0,0
2.5,5,4,0,0,-1,0,0
2.5,5,4,0,0,-1,0,0
2.5,5,4,0,0,-1,0,0
2.5,5,4,0,0,-1,0,0
2.5,5,4,0,0,-1,0,0
2.5,5,4,0,0,-1,0,0
2.5,5,4,0,0,-1,0,0
2.5,5,4,0,0,-1,0,0
2.5,5,4,0,0,-1,0,0
2.5,5,4,0,0,-1,0,0
2.5,5,4,0,0,-1,0,0
2.5,5,4,0,0,-1,0,0
2.5,5,4,0,0,-1,0,0
2.5,5,4,0,0,-1,0,0
2.5,5,4,0,0,-1,0,0
2.5,5,4,0,0,-1,0,0
2.5,5,4,0,0,-1,0,0
2.5,5,4,0,0,-1,0,0
2.5,5,4,0,0,-1,0,0
2.5,5,4,0,0,-1,0,0
2.5,5,4,0,0,-1,0,0
2.5,5,4,0,0,-1,0,0
2.5,5,4,0,0,-1,0,0
2.5,5,4,0,0,-1,0,0
2.5,5,4,0,0,-1,0,0
2.5,5,4,0,0,-1,0,0
2.5,5,4,0,0,-1,0,0
2.5,5,4,0,0,-1,0,0
2.5,5,4,0,0,-1,0,0
2.5,5,4,0,0,-1,0,0
2.5,5,4,0,0,-1,0,0
2.5,5,4,0,0,-1,0,0
2.5,5,4,4.5058e-07,0.0389301,4,0,0
2.5,5,4,0,0,-1,0,0
2.5,5,4,0,0,-1,0,0
2.5,5,4,0,0,-1,0,0
2.5,5,4,0,0,-1,0,0
2.5,5,4,0,0,-1,0,0
2.5,5,4,0,0,-1,0,0
2.5,5,4,0,0,-1,0,0
2.5,5,4,0,0,-1,0,0
2.5,5,4,0,0,-1,0,0
2.5,5,4,0,0,-1,0,0
2.5,5,4,0,0,-1,0,0
2.5,5,4,0,0,-1,0,0
2.5,5,4,0,0,-1,0,0
2.5,5,4,0,0,-1,0,0
2.5,5,4,0,0,-1,0,0
2.5,5,4,0,0,-1,0,0
2.5,5,4,0,0,-1,0,0
2.5,5,4,0,0,-1,0,0
2.5,5,4,0,0,-1,0,0
2.5,5,4,0,0,-1,0,0
2.5,5,4,0,0,-1,0,0
2.5,5,4,0,0,-1,0,0
2.5,5,4,0,0,-1,0,0
2.5,5,4,0,0,-1,0,0
2.5,5,4,0,0,-1,0,0
2.5,5,4,0,0,-1,0,0
2.5,5,4,0,0,-1,0,0
2.5,5,4,0,0,-1,0,0
2.5,5,4,0,0,-1,0,0
2.5,5,4,0,0,-1,0,0
2.5,5,4,0,0,-1,0,0
2.5,5,4,0,0,-1,0,0
2.5,5,4,0,0,-1,0,0
2.5,5,4,0,0,-1,0,0
2.5,5,4,0,0,-1,0,0
2.5,5,4,0,0,-1,0,0
2.5,5,4,0,0,-1,0,0
2.5,5,4,0,0,-1,0,0
2.5,5,4,0,0,-1,0,0
2.5,5,4,0,0,-1,0,0
2.5,5,4,4.44544e-07,0.0384086,4,0,0
2.5,5,4,0,0,-1,0,0
2.5,5,4,0,0,-1,0,0
2.5,5,4,0,0,-1,0,0
2.5,5,4,0,0,-1,0,0
2.5,5,4,0,0,-1,0,0
2.5,5,4,0,0,-1,0,0
2.5,5,4,0,0,-1,0,0
2.5,5,4,0,0,-1,0,0
2.5,5,4,0,0,-1,0,0
2.5,5,4,0,0,-1,0,0
2.5,5,4,0,0,-1,0,0
2.5,5,4,0,0,-1,0,0
2.5,5,4,0,0,-1,0,0
2.5,5,4,0,0,-1,0,0
2.5,5,4,0,0,-1,0,0
2.5,5,4,0,0,-1,0,0
2.5,5,4,0,0,-1,0,0
2.5,5,4,0,0,-1,0,0
2.5,5,4,0,0,-1,0,0
2.5,5,4,0,0,-1,0,0
2.5,5,4,0,0,-1,0,0
2.5,5,4,0,0,-1,0,0
2.5,5,4,0,0,-1,0,0
2.5,5,4,0,0,-1,0,0
2.5,5,4,0,0,-1,0,0
2.5,5,4,0,0,-1,0,0
2.5,5,4,0,0,-1,0,0
2.5,5,4,0,0,-1,0,0
2.5,5,4,0,0,-1,0,0
2.5,5,4,0,0,-1,0,0
2.5,5,4,0,0,-1,0,0
2.5,5,4,0,0,-1,0,0
2.5,5,4,0,0,-1,0,0
2.5,5,4,0,0,-1,0,0
2.5,5,4,0,0,-1,0,0
2.5,5,4,3.69223e-07,0.0319008,4,0,0
2.5,5,4,0,0,-1,0,0
2.5,5,4,0,0,-1,0,0
2.5,5,4,0,0,-1,0,0
2.5,5,4,0,0,-1,0,0
2.5,5,4,0,0,-1,0,0
2.5,5,4,0,0,-1,0,0
2.5,5,4,0,0,-1,0,0
2.5,5,4,4.52281e-07,0.039077,4,0,0
2.5,5,4,0,0,-1,0,0
2.5,5,4,0,0,-1,0,0
2.5,5,4,0,0,-1,0,0
2.5,5,4,0,0,-1,0,0
2.5,5,4,0,0,-1,0,0
2.5,5,4,0,0,-1,0,0
2.5,5,4,0,0,-1,0,0
2.5,5,4,0,0,-1,0,0
2.5,5,4,0,0,-1,0,0
2.5,5,4,0,0,-1,0,0
2.5,5,4,0,0,-1,0,0
2.5,5,4,0,0,-1,0,0
2.5,5,4,0,0,-1,0,0
2.5,5,4,0,0,-1,0,0
2.5,5,4,0,0,-1,0,0
2.5,5,4,0,0,-1,0,0
2.5,5,4,0,0,-1,0,0
2.5,5,4,0,0,-1,0,0
2.5,5,4,0,0,-1,0,0
2.5,5,4,0,0,-1,0,0
2.5,5,4,0,0,-1,0,0
2.5,5,4,0,0,-1,0,0
2.5,5,4,0,0,-1,0,0
2.5,5,4,0,0,-1,0,0
2.5,5,4,0,0,-1,0,0
2.5,5,4,0,0,-1,0,0
2.5,5,4,0,0,-1,0,0
2.5,5,4,4.23031e-07,0.0365499,4,0,0
2.5,5,4,0,0,-1,0,0
2.5,5,4,0,0,-1,0,0
2.5,5,4,0,0,-1,0,0
2.5,5,4,0,0,-1,0,0
2.5,5,4,0,0,-1,0,0
2.5,5,4,0,0,-1,0,0
2.5,5,4,0,0,-1,0,0
2.5,5,4,0,0,-1,0,0
2.5,5,4,0,0,-1,0,0
2.5,5,4,0,0,-1,0,0
2.5,5,4,0,0,-1,0,0
2.5,5,4,0,0,-1,0,0
2.5,5,4,0,0,-1,0,0
2.5,5,4,0,0,-1,0,0
2.5,5,4,0,0,-1,0,0
2.5,5,4,0,0,-1,0,0
2.5,5,4,0,0,-1,0,0
2.5,5,4,0,0,-1,0,0
2.5,5,4,0,0,-1,0,0
2.5,5,4,0,0,-1,0,0
2.5,5,4,0,0,-1,0,0
2.5,5,4,0,0,-1,0,0
2.5,5,4,0,0,-1,0,0
2.5,5,4,0,0,-1,0,0
2.5,5,4,0,0,-1,0,0
2.5,5,4,0,0,-1,0,0
2.5,5,4,0,0,-1,0,0
2.5,5,4,0,0,-1,0,0
2.5,5,4,0,0,-1,0,0
2.5,5,4,0,0,-1,0,0
2.5,5,4,0,0,-1,0,0
2.5,5,4,0,0,-1,0,0
2.5,5,4,0,0,-1,0,0
2.5,5,4,0,0,-1,0,0
2.5,5,4,0,0,-1,0,0
2.5,5,4,0,0,-1,0,0
2.5,5,4,0,0,-1,0,0
2.5,5,4,0,0,-1,0,0
2.5,5,4,4.48746e-07,0.0387717,4,0,0
2.5,5,4,0,0,-1,0,0
2.5,5,4,0,0,-1,0,0
2.5,5,4,0,0,-1,0,0
2.5,5,4,0,0,-1,0,0
2.5,5,4,0,0,-1,0,0
2.5,5,4,0,0,-1,0,0
2.5,5,4,0,0,-1,0,0
2.5,5,4,0,0,-1,0,0
2.5,5,4,0,0,-1,0,0
2.5,5,4,0,0,-1,0,0
2.5,5,4,0,0,-1,0,0
2.5,5,4,0,0,-1,0,0
2.5,5,4,0,0,-1,0,0
2.5,5,4,0,0,-1,0,0
2.5,5,4,0,0,-1,0,0
2.5,5,4,0,0,-1,0,0
2.5,5,4,0,0,-1,0,0
2.5,5,4,0,0,-1,0,0
2.5,5,4,0,0,-1,0,0
2.5,5,4,0,0,-1,0,0
2.5,5,4,0,0,-1,0,0
2.5,5,4,0,0,-1,0,0
2.5,5,4,0,0,-1,0,0
2.5,5,4,0,0,-1,0,0
2.5,5,4,0,0,-1,0,0
2.5,5,4,0,0,-1,0,0
2.5,5,4,0,0,-1,0,0
2.5,5,4,0,0,-1,0,0
2.5,5,4,1.65949e-07,0.014338,4,0,0
2.5,5,4,0,0,-1,0,0
2.5,5,4,0,0,-1,0,0
2.5,5,4,0,0,-1,0,0
2.5,5,4,0,0,-1,0,0
2.5,5,4,0,0,-1,0,0
2.5,5,4,0,0,-1,0,0
2.5,5,4,0,0,-1,0,0
2.5,5,4,0,0,-1,0,0
2.5,5,4,0,0,-1,0,0
2.5,5,4,0,0,-1,0,0
2.5,5,4,0,0,-1,0,0
2.5,5,4,0,0,-1,0,0
2.5,5,4,0,0,-1,0,0
2.5,5,4,0,0,-1,0,0
2.5,5,4,0,0,-1,0,0
2.5,5,4,0,0,-1,0,0
2.5,5,4,0,0,-1,0,0
2.5,5,4,0,0,-1,0,0
2.5,5,4,3.3205e-07,0.0286891,3,1.1,0
2.5,5,4,2.0681e-07,0.0178684,4,0,0
2.5,5,4,0,0,-1,0,0
2.5,5,4,0,0,-1,0,0
2.5,5,4,0,0,-1,0,0
2.5,5,4,0,0,-1,0,0
2.5,5,4,0,0,-1,0,0
2.5,5,4,0,0,-1,0,0
2.5,5,4,0,0,-1,0,0
2.5,5,4,3.95849e-07,0.0342013,4,0,0
2.5,5,4,0,0,-1,0,0
2.5,5,4,1.08544e-07,0.00937823,4,0,0
2.5,5,4,0,0,-1,0,0
2.5,5,4,0,0,-1,0,0
2.5,5,4,0,0,-1,0,0
2.5,5,4,0,0,-1,0,0
2.5,5,4,0,0,-1,0,0
2.5,5,4,0,0,-1,0,0
2.5,5,4,0,0,-1,0,0
2.5,5,4,0,0,-1,0,0
2.5,5,4,0,0,-1,0,0
2.5,5,4,0,0,-1,0,0
2.5,5,4,0,0,-1,0,0
2.5,5,4,0,0,-1,0,0
2.5,5,4,0,0,-1,0,0
2.5,5,4,0,0,-1,0,0
2.5,5,4,0,0,-1,0,0
2.5,5,4,4.47963e-07,0.038704,4,0,0
2.5,5,4,0,0,-1,0,0
2.5,5,4,0,0,-1,0,0
2.5,5,4,4.05973e-07,0.0350761,4,0,0
2.5,5,4,0,0,-1,0,0
2.5,5,4,0,0,-1,0,0
2.5,5,4,0,0,-1,0,0
2.5,5,4,0,0,-1,0,0
2.5,5,4,0,0,-1,0,0
2.5,5,4,0,0,-1,0,0
2.5,5,4,0,0,-1,0,0
2.5,5,4,0,0,-1,0,0
2.5,5,4,0,0,-1,0,0
2.5,5,4,0,0,-1,0,0
2.5,5,4,0,0,-1,0,0
2.5,5,4,0,0,-1,0,0
2.5,5,4,0,0,-1,0,0
2.5,5,4,0,0,-1,0,0
2.5,5,4,3.18048e-07,0.0274794,4,0,0
2.5,5,4,0,0,-1,0,0
2.5,5,4,0,0,-1,0,0
2.5,5,4,0,0,-1,0,0
2.5,5,4,0,0,-1,0,0
2.5,5,4,0,0,-1,0,0
2.5,5,4,0,0,-1,0,0
2.5,5,4,0,0,-1,0,0
2.5,5,4,0,0,-1,0,0
2.5,5,4,0,0,-1,0,0
2.5,5,4,0,0,-1,0,0
2.5,5,4,0,0,-1,0,0
2.5,5,4,0,0,-1,0,0
2.5,5,4,0,0,-1,0,0
2.5,5,4,0,0,-1,0,0
2.5,5,4,0,0,-1,0,0
2.5,5,4,0,0,-1,0,0
2.5,5,4,0,0,-1,0,0
2.5,5,4,0,0,-1,0,0
2.5,5,4,0,0,-1,0,0
2.5,5,4,0,0,-1,0,0
2.5,5,4,0,0,-1,0,0
2.5,5,4,0,0,-1,0,0
2.5,5,4,0,0,-1,0,0
2.5,5,4,0,0,-1,0,0
2.5,5,4,0,0,-1,0,0
2.5,5,4,0,0,-1,0,0
2.5,5,4,0,0,-1,0,0
2.5,5,4,0,0,-1,0,0
2.5,5,4,0,0,-1,0,0
2.5,5,4,0,0,-1,0,0
2.5,5,4,0,0,-1,0,0
2.5,5,4,0,0,-1,0,0
2.5,5,4,0,0,-1,0,0
2.5,5,4,0,0,-1,0,0
2.5,5,4,0,0,-1,0,0
2.5,5,4,0,0,-1,0,0
2.5,5,4,0,0,-1,0,0
2.5,5,4,0,0,-1,0,0
2.5,5,4,0,0,-1,0,0
2.5,5,4,0,0,-1,0,0
2.5,5,4,0,0,-1,0,0
2.5,5,4,0,0,-1,0,0
2.5,5,4,0,0,-1,0,0
2.5,5,4,3.70665e-07,0.0320255,4,0,0
2.5,5,4,0,0,-1,0,0
2.5,5,4,0,0,-1,0,0
2.5,5,4,0,0,-1,0,0
2.5,5,4,0,0,-1,0,0
2.5,5,4,0,0,-1,0,0
2.5,5,4,0,0,-1,0,0
2.5,5,4,0,0,-1,0,0
2.5,5,4,0,0,-1,0,0
2.5,5,4,0,0,-1,0,0
2.5,5,4,0,0,-1,0,0
2.5,5,4,0,0,-1,0,0
2.5,5,4,0,0,-1,0,0
2.5,5,4,0,0,-1,0,0
2.5,5,4,0,0,-1,0,0
2.5,5,4,0,0,-1,0,0
2.5,5,4,0,0,-1,0,0
2.5,5,4,0,0,-1,0,0
2.5,5,4,0,0,-1,0,0
2.5,5,4,0,0,-1,0,0
2.5,5,4,0,0,-1,0,0
2.5,5,4,0,0,-1,0,0
2.5,5,4,0,0,-1,0,0
2.5,5,4,0,0,-1,0,0
2.5,5,4,0,0,-1,0,0
2.5,5,4,0,0,-1,0,0
2.5,5,4,0,0,-1,0,0
2.5,5,4,0,0,-1,0,0
2.5,5,4,0,0,-1,0,0
2.5,5,4,0,0,-1,0,0
2.5,5,4,0,0,-1,0,0
2.5,5,4,0,0,-1,0,0
2.5,5,4,0,0,-1,0,0
2.5,5,4,0,0,-1,0,0
2.5,5,4,0,0,-1,0,0
2.5,5,4,0,0,-1,0,0
2.5,5,4,0,0,-1,0,0
2.5,5,4,0,0,-1,0,0
2.5,5,4,0,0,-1,0,0
2.5,5,4,0,0,-1,0,0
2.5,5,4,0,0,-1,0,0
2.5,5,4,0,0,-1,0,0
2.5,5,4,0,0,-1,0,0
2.5,5,4,0,0,-1,0,0
2.5,5,4,0,0,-1,0,0
2.5,5,4,0,0,-1,0,0
2.5,5,4,0,0,-1,0,0
2.5,5,4,0,0,-1,0,0
2.5,5,4,0,0,-1,0,0
2.5,5,4,0,0,-1,0,0
2.5,5,4,0,0,-1,0,0
2.5,5,4,0,0,-1,0,0
2.5,5,4,0,0,-1,0,0
2.5,5,4,0,0,-1,0,0
2.5,5,4,0,0,-1,0,0
2.5,5,4,0,0,-1,0,0
2.5,5,4,0,0,-1,0,0
2.5,5,4,0,0,-1,0,0
2.5,5,4,0,0,-1,0,0
2.5,5,4,0,0,-1,0,0
2.5,5,4,0,0,-1,0,0
2.5,5,4,0,0,-1,0,0
2.5,5,4,0,0,-1,0,0
2.5,5,4,0,0,-1,0,0
2.5,5,4,0,0,-1,0,0
2.5,5,4,0,0,-1,0,0
2.5,5,4,0,0,-1,0,0
2.5,5,4,0,0,-1,0,0
2.5,5,4,0,0,-1,0,0
2.5,5,4,0,0,-1,0,0
2.5,5,4,0,0,-1,0,0
2.5,5,4,0,0,-1,0,0
2.5,5,4,0,0,-1,0,0
2.5,5,4,0,0,-1,0,0
2.5,5,4,0,0,-1,0,0
2.5,5,4,0,0,-1,0,0
2.5,5,4,0,0,-1,0,0
2.5,5,4,0,0,-1,0,0
2.5,5,4,0,0,-1,0,0
2.5,5,4,0,0,-1,0,0
2.5,5,4,0,0,-1,0,0
2.5,5,4,0,0,-1,0,0
2.5,5,4,0,0,-1,0,0
2.5,5,4,0,0,-1,0,0
2.5,5,4,0,0,-1,0,0
2.5,5,4,6.3687e-08,0.00550256,3,1.1,0
2.5,5,4,4.50867e-07,0.0389549,4,0,0
2.5,5,4,0,0,-1,0,0
2.5,5,4,0,0,-1,0,0
2.5,5,4,0,0,-1,0,0
2.5,5,4,0,0,-1,0,0
2.5,5,4,0,0,-1,0,0
2.5,5,4,0,0,-1,0,0
2.5,5,4,0,0,-1,0,0
2.5,5,4,0,0,-1,0,0
2.5,5,4,4.51553e-07,0.0390141,4,0,0
2.5,5,4,0,0,-1,0,0
2.5,5,4,0,0,-1,0,0
2.5,5,4,0,0,-1,0,0
2.5,5,4,0,0,-1,0,0
2.5,5,4,0,0,-1,0,0
2.5,5,4,0,0,-1,0,0
2.5,5,4,0,0,-1,0,0
2.5,5,4,0,0,-1,0,0
2.5,5,4,0,0,-1,0,0
2.5,5,4,0,0,-1,0,0
2.5,5,4,0,0,-1,0,0
2.5,5,4,0,0,-1,0,0
2.5,5,4,0,0,-1,0,0
2.5,5,4,0,0,-1,0,0
2.5,5,4,0,0,-1,0,0
2.5,5,4,0,0,-1,0,0
2.5,5,4,4.47412e-07,0.0386564,4,0,0
2.5,5,4,0,0,-1,0,0
2.5,5,4,0,0,-1,0,0
2.5,5,4,0,0,-1,0,0
2.5,5,4,0,0,-1,0,0
2.5,5,4,0,0,-1,0,0
2.5,5,4,0,0,-1,0,0
2.5,5,4,0,0,-1,0,0
2.5,5,4,0,0,-1,0,0
2.5,5,4,0,0,-1,0,0
2.5,5,4,0,0,-1,0,0
2.5,5,4,0,0,-1,0,0
2.5,5,4,0,0,-1,0,0
2.5,5,4,0,0,-1,0,0
2.5,5,4,0,0,-1,0,0
2.5,5,4,0,0,-1,0,0
2.5,5,4,0,0,-1,0,0
2.5,5,4,0,0,-1,0,0
2.5,5,4,0,0,-1,0,0
2.5,5,4,0,0,-1,0,0
2.5,5,4,0,0,-1,0,0
2.5,5,4,0,0,-1,0,0
2.5,5,4,0,0,-1,0,0
2.5,5,4,0,0,-1,0,0
2.5,5,4,0,0,-1,0,0
2.5,5,4,0,0,-1,0,0
2.5,5,4,0,0,-1,0,0
2.5,5,4,0,0,-1,0,0
2.5,5,4,0,0,-1,0,0
2.5,5,4,0,0,-1,0,0
2.5,5,4,3.42988e-07,0.0296342,4,0,0
2.5,5,4,0,0,-1,0,0
2.5,5,4,0,0,-1,0,0
2.5,5,4,0,0,-1,0,0
2.5,5,4,0,0,-1,0,0
2.5,5,4,0,0,-1,0,0
2.5,5,4,0,0,-1,0,0
2.5,5,4,0,0,-1,0,0
2.5,5,4,0,0,-1,0,0
2.5,5,4,0,0,-1,0,0
2.5,5,4,0,0,-1,0,0
2.5,5,4,0,0,-1,0,0
2.5,5,4,0,0,-1,0,0
2.5,5,4,0,0,-1,0,0
2.5,5,4,0,0,-1,0,0
2.5,5,4,0,0,-1,0,0
2.5,5,4,0,0,-1,0,0
2.5,5,4,0,0,-1,0,0
2.5,5,4,0,0,-1,0,0
2.5,5,4,0,0,-1,0,0
2.5,5,4,0,0,-1,0,0
2.5,5,4,0,0,-1,0,0
2.5,5,4,0,0,-1,0,0
2.5,5,4,0,0,-1,0,0
2.5,5,4,0,0,-1,0,0
2.5,5,4,0,0,-1,0,0
2.5,5,4,0,0,-1,0,0
2.5,5,4,0,0,-1,0,0
2.5,5,4,0,0,-1,0,0
2.5,5,4,0,0,-1,0,0
2.5,5,4,0,0,-1,0,0
2.5,5,4,0,0,-1,0,0
2.5,5,4,0,0,-1,0,0
2.5,5,4,0,0,-1,0,0
2.5,5,4,0,0,-1,0,0
2.5,5,4,0,0,-1,0,0
2.5,5,4,0,0,-1,0,0
2.5,5,4,0,0,-1,0,0
2.5,5,4,0,0,-1,0,0
2.5,5,4,0,0,-1,0,0
2.5,5,4,0,0,-1,0,0
2.5,5,4,0,0,-1,0,0
2.5,5,4,0,0,-1,0,0
2.5,5,4,0,0,-1,0,0
2.5,5,4,3.75171e-07,0.0324148,4,0,0
2.5,5,4,0,0,-1,0,0
2.5,5,4,0,0,-1,0,0
2.5,5,4,0,0,-1,0,0
2.5,5,4,0,0,-1,0,0
2.5,5,4,0,0,-1,0,0
2.5,5,4,0,0,-1,0,0
2.5,5,4,0,0,-1,0,0
2.5,5,4,0,0,-1,0,0
2.5,5,4,0,0,-1,0,0
2.5,5,4,0,0,-1,0,0
2.5,5,4,0,0,-1,0,0
2.5,5,4,0,0,-1,0,0
2.5,5,4,0,0,-1,0,0
2.5,5,4,0,0,-1,0,0
2.5,5,4,0,0,-1,0,0
2.5,5,4,0,0,-1,0,0
2.5,5,4,0,0,-1,0,0
2.5,5,4,0,0,-1,0,0
2.5,5,4,0,0,-1,0,0
2.5,5,4,0,0,-1,0,0
2.5,5,4,0,0,-1,0,0
2.5,5,4,0,0,-1,0,0
2.5,5,4,0,0,-1,0,0
2.5,5,4,0,0,-1,0,0
2.5,5,4,0,0,-1,0,0
2.5,5,4,0,0,-1,0,0
2.5,5,4,0,0,-1,0,0
2.5,5,4,0,0,-1,0,0
2.5,5,4,0,0,-1,0,0
2.5,5,4,0,0,-1,0,0
2.5,5,4,0,0,-1,0,0
2.5,5,4,0,0,-1,0,0
2.5,5,4,0,0,-1,0,0
2.5,5,4,0,0,-1,0,0
2.5,5,4,0,0,-1,0,0
2.5,5,4,0,0,-1,0,0
2.5,5,4,0,0,-1,0,0
2.5,5,4,0,0,-1,0,0
2.5,5,4,0,0,-1,0,0
2.5,5,4,3.8508e-07,0.0332709,4,0,0
2.5,5,4,0,0,-1,0,0
2.5,5,4,0,0,-1,0,0
2.5,5,4,0,0,-1,0,0
2.5,5,4,0,0,-1,0,0
2.5,5,4,0,0,-1,0,0
2.5,5,4,4.48038e-07,0.0387105,4,0,0
2.5,5,4,0,0,-1,0,0
2.5,5,4,0,0,-1,0,0
2.5,5,4,0,0,-1,0,0
2.5,5,4,0,0,-1,0,0
2.5,5,4,0,0,-1,0,0
2.5,5,4,2.99214e-07,0.0258521,4,0,0
2.5,5,4,0,0,-1,0,0
2.5,5,4,0,0,-1,0,0
2.5,5,4,0,0,-1,0,0
2.5,5,4,0,0,-1,0,0
2.5,5,4,0,0,-1,0,0
2.5,5,4,0,0,-1,0,0
2.5,5,4,0,0,-1,0,0
2.5,5,4,0,0,-1,0,0
2.5,5,4,0,0,-1,0,0
2.5,5,4,0,0,-1,0,0
2.5,5,4,0,0,-1,0,0
2.5,5,4,0,0,-1,0,0
2.5,5,4,0,0,-1,0,0
2.5,5,4,0,0,-1,0,0
2.5,5,4,0,0,-1,0,0
2.5,5,4,0,0,-1,0,0
2.5,5,4,0,0,-1,0,0
2.5,5,4,0,0,-1,0,0
2.5,5,4,0,0,-1,0,0
2.5,5,4,0,0,-1,0,0
2.5,5,4,0,0,-1,0,0
2.5,5,4,0,0,-1,0,0
2.5,5,4,0,0,-1,0,0
2.5,5,4,0,0,-1,0,0
2.5,5,4,0,0,-1,0,0
2.5,5,4,0,0,-1,0,0
2.5,5,4,0,0,-1,0,0
2.5,5,4,0,0,-1,0,0
2.5,5,4,0,0,-1,0,0
2.5,5,4,0,0,-1,0,0
2.5,5,4,0,0,-1,0,0
2.5,5,4,0,0,-1,0,0
2.5,5,4,0,0,-1,0,0
2.5,5,4,0,0,-1,0,0
2.5,5,4,4.38386e-07,0.0378766,4,0,0
2.5,5,4,0,0,-1,0,0
2.5,5,4,0,0,-1,0,0
2.5,5,4,0,0,-1,0,0
2.5,5,4,0,0,-1,0,0
2.5,5,4,0,0,-1,0,0
2.5,5,4,0,0,-1,0,0
2.5,5,4,0,0,-1,0,0
2.5,5,4,4.49515e-07,0.0388381,4,0,0
2.5,5,4,0,0,-1,0,0
2.5,5,4,0,0,-1,0,0
2.5,5,4,0,0,-1,0,0
2.5,5,4,0,0,-1,0,0
2.5,5,4,0,0,-1,0,0
2.5,5,4,0,0,-1,0,0
2.5,5,4,0,0,-1,0,0
2.5,5,4,0,0,-1,0,0
2.5,5,4,0,0,-1,0,0
2.5,5,4,0,0,-1,0,0
2.5,5,4,4.32056e-07,0.0373297,4,0,0
2.5,5,4,0,0,-1,0,0
2.5,5,4,0,0,-1,0,0
2.5,5,4,0,0,-1,0,0
2.5,5,4,0,0,-1,0,0
2.5,5,4,0,0,-1,0,0
2.5,5,4,0,0,-1,0,0
2.5,5,4,0,0,-1,0,0
2.5,5,4,0,0,-1,0,0
2.5,5,4,0,0,-1,0,0
2.5,5,4,0,0,-1,0,0
2.5,5,4,0,0,-1,0,0
2.5,5,4,0,0,-1,0,0
2.5,5,4,0,0,-1,0,0
2.5,5,4,3.79343e-07,0.0327752,4,0,0
2.5,5,4,0,0,-1,0,0
2.5,5,4,0,0,-1,0,0
2.5,5,4,0,0,-1,0,0
2.5,5,4,0,0,-1,0,0
2.5,5,4,0,0,-1,0,0
2.5,5,4,0,0,-1,0,0
2.5,5,4,0,0,-1,0,0
2.5,5,4,0,0,-1,0,0
2.5,5,4,0,0,-1,0,0
2.5,5,4,0,0,-1,0,0
2.5,5,4,0,0,-1,0,0
2.5,5,4,0,0,-1,0,0
2.5,5,4,0,0,-1,0,0
2.5,5,4,0,0,-1,0,0
2.5,5,4,0,0,-1,0,0
2.5,5,4,0,0,-1,0,0
2.5,5,4,0,0,-1,0,0
2.5,5,4,0,0,-1,0,0
2.5,5,4,0,0,-1,0,0
2.5,5,4,0,0,-1,0,0
2.5,5,4,0,0,-1,0,0
2.5,5,4,0,0,-1,0,0
2.5,5,4,0,0,-1,0,0
2.5,5,4,0,0,-1,0,0
2.5,5,4,0,0,-1,0,0
2.5,5,4,0,0,-1,0,0
2.5,5,4,0,0,-1,0,0
2.5,5,4,0,0,-1,0,0
2.5,5,4,0,0,-1,0,0
2.5,5,4,0,0,-1,0,0
2.5,5,4,0,0,-1,0,0
2.5,5,4,0,0,-1,0,0
2.5,5,4,0,0,-1,0,0
2.5,5,4,0,0,-1,0,0
2.5,5,4,0,0,-1,0,0
2.5,5,4,0,0,-1,0,0
2.5,5,4,0,0,-1,0,0
2.5,5,4,0,0,-1,0,0
2.5,5,4,0,0,-1,0,0
2.5,5,4,0,0,-1,0,0
2.5,5,4,0,0,-1,0,0
2.5,5,4,0,0,-1,0,0
2.5,5,4,0,0,-1,0,0
2.5,5,4,0,0,-1,0,0
2.5,5,4,4.51609e-07,0.039019,4,0,0
2.5,5,4,0,0,-1,0,0
2.5,5,4,1.70932e-07,0.0147685,4,0,0
2.5,5,4,0,0,-1,0,0
2.5,5,4,0,0,-1,0,0
2.5,5,4,0,0,-1,0,0
2.5,5,4,0,0,-1,0,0
2.5,5,4,0,0,-1,0,0
2.5,5,4,0,0,-1,0,0
2.5,5,4,0,0,-1,0,0
2.5,5,4,0,0,-1,0,0
2.5,5,4,0,0,-1,0,0
2.5,5,4,0,0,-1,0,0
2.5,5,4,0,0,-1,0,0
2.5,5,4,0,0,-1,0,0
2.5,5,4,0,0,-1,0,0
2.5,5,4,0,0,-1,0,0
2.5,5,4,4.51047e-07,0.0389705,4,0,0
2.5,5,4,0,0,-1,0,0
2.5,5,4,0,0,-1,0,0
2.5,5,4,0,0,-1,0,0
2.5,5,4,0,0,-1,0,0
2.5,5,4,0,0,-1,0,0
2.5,5,4,0,0,-1,0,0
2.5,5,4,0,0,-1,0,0
2.5,5,4,0,0,-1,0,0
2.5,5,4,0,0,-1,0,0
2.5,5,4,0,0,-1,0,0
2.5,5,4,0,0,-1,0,0
2.5,5,4,0,0,-1,0,0
2.5,5,4,0,0,-1,0,0
2.5,5,4,0,0,-1,0,0
2.5,5,4,0,0,-1,0,0
2.5,5,4,0,0,-1,0,0
2.5,5,4,0,0,-1,0,0
2.5,5,4,0,0,-1,0,0
2.5,5,4,0,0,-1,0,0
2.5,5,4,0,0,-1,0,0
2.5,5,4,0,0,-1,0,0
2.5,5,4,0,0,-1,0,0
2.5,5,4,0,0,-1,0,0
2.5,5,4,0,0,-1,0,0
2.5,5,4,0,0,-1,0,0
2.5,5,4,0,0,-1,0,0
2.5,5,4,0,0,-1,0,0
2.5,5,4,0,0,-1,0,0
2.5,5,4,0,0,-1,0,0
2.5,5,4,0,0,-1,0,0
2.5,5,4,0,0,-1,0,0
2.5,5,4,0,0,-1,0,0
2.5,5,4,0,0,-1,0,0
2.5,5,4,0,0,-1,0,0
2.5,5,4,0,0,-1,0,0
2.5,5,4,0,0,-1,0,0
2.5,5,4,0,0,-1,0,0
2.5,5,4,0,0,-1,0,0
2.5,5,4,0,0,-1,0,0
2.5,5,4,0,0,-1,0,0
2.5,5,4,0,0,-1,0,0
2.5,5,4,0,0,-1,0,0
2.5,5,4,0,0,-1,0,0
2.5,5,4,0,0,-1,0,0
2.5,5,4,0,0,-1,0,0
2.5,5,4,4.32061e-07,0.0373301,4,0,0
2.5,5,4,0,0,-1,0,0
2.5,5,4,0,0,-1,0,0
2.5,5,4,0,0,-1,0,0
2.5,5,4,0,0,-1,0,0
2.5,5,4,0,0,-1,0,0
2.5,5,4,0,0,-1,0,0
2.5,5,4,0,0,-1,0,0
2.5,5,4,0,0,-1,0,0
2.5,5,4,0,0,-1,0,0
2.5,5,4,0,0,-1,0,0
2.5,5,4,0,0,-1,0,0
2.5,5,4,0,0,-1,0,0
2.5,5,4,0,0,-1,0,0
2.5,5,4,0,0,-1,0,0
2.5,5,4,0,0,-1,0,0
2.5,5,4,0,0,-1,0,0
2.5,5,4,0,0,-1,0,0
2.5,5,4,1.1492e-07,0.00992907,3,1.1,0
2.5,5,4,4.35759e-07,0.0376495,4,0,0
2.5,5,4,0,0,-1,0,0
2.5,5,4,0,0,-1,0,0
2.5,5,4,0,0,-1,0,0
2.5,5,4,0,0,-1,0,0
2.5,5,4,0,0,-1,0,0
2.5,5,4,0,0,-1,0,0
2.5,5,4,0,0,-1,0,0
2.5,5,4,0,0,-1,0,0
2.5,5,4,0,0,-1,0,0
2.5,5,4,0,0,-1,0,0
2.5,5,4,0,0,-1,0,0
2.5,5,4,0,0,-1,0,0
2.5,5,4,0,0,-1,0,0
2.5,5,4,0,0,-1,0,0
2.5,5,4,0,0,-1,0,0
2.5,5,4,0,0,-1,0,0
2.5,5,4,0,0,-1,0,0
2.5,5,4,0,0,-1,0,0
2.5,5,4,0,0,-1,0,0
2.5,5,4,0,0,-1,0,0
2.5,5,4,0,0,-1,0,0
2.5,5,4,0,0,-1,0,0
2.5,5,4,0,0,-1,0,0
2.5,5,4,0,0,-1,0,0
2.5,5,4,3.20242e-07,0.0276689,4,0,0
2.5,5,4,0,0,-1,0,0
2.5,5,4,1.78022e-07,0.0153811,3,1.1,0
2.5,5,4,3.18694e-07,0.0275351,4,0,0
2.5,5,4,0,0,-1,0,0
2.5,5,4,0,0,-1,0,0
2.5,5,4,4.35406e-07,0.0376191,4,0,0
2.5,5,4,0,0,-1,0,0
2.5,5,4,0,0,-1,0,0
2.5,5,4,0,0,-1,0,0
2.5,5,4,4.50477e-07,0.0389212,4,0,0
2.5,5,4,0,0,-1,0,0
2.5,5,4,0,0,-1,0,0
2.5,5,4,0,0,-1,0,0
2.5,5,4,0,0,-1,0,0
2.5,5,4,0,0,-1,0,0
2.5,5,4,0,0,-1,0,0
2.5,5,4,0,0,-1,0,0
2.5,5,4,0,0,-1,0,0
2.5,5,4,0,0,-1,0,0
2.5,5,4,4.26292e-07,0.0368316,4,0,0
2.5,5,4,0,0,-1,0,0
2.5,5,4,0,0,-1,0,0
2.5,5,4,0,0,-1,0,0
2.5,5,4,0,0,-1,0,0
2.5,5,4,0,0,-1,0,0
2.5,5,4,4.04775e-07,0.0349726,4,0,0
2.5,5,4,0,0,-1,0,0
2.5,5,4,0,0,-1,0,0
2.5,5,4,0,0,-1,0,0
2.5,5,4,0,0,-1,0,0
2.5,5,4,0,0,-1,0,0
2.5,5,4,0,0,-1,0,0
2.5,5,4,0,0,-1,0,0
2.5,5,4,0,0,-1,0,0
2.5,5,4,0,0,-1,0,0
2.5,5,4,0,0,-1,0,0
2.5,5,4,0,0,-1,0,0
2.5,5,4,0,0,-1,0,0
2.5,5,4,0,0,-1,0,0
2.5,5,4,0,0,-1,0,0
2.5,5,4,0,0,-1,0,0
2.5,5,4,0,0,-1,0,0
2.5,5,4,0,0,-1,0,0
2.5,5,4,0,0,-1,0,0
2.5,5,4,0,0,-1,0,0
2.5,5,4,0,0,-1,0,0
2.5,5,4,0,0,-1,0,0
2.5,5,4,0,0,-1,0,0
2.5,5,4,0,0,-1,0,0
2.5,5,4,0,0,-1,0,0
2.5,5,4,0,0,-1,0,0
2.5,5,4,0,0,-1,0,0
2.5,5,4,0,0,-1,0,0
2.5,5,4,0,0,-1,0,0
2.5,5,4,0,0,-1,0,0
2.5,5,4,0,0,-1,0,0
2.5,5,4,0,0,-1,0,0
2.5,5,4,0,0,-1,0,0
2.5,5,4,0,0,-1,0,0
2.5,5,4,0,0,-1,0,0
2.5,5,4,3.67174e-07,0.0317238,4,0,0
2.5,5,4,0,0,-1,0,0
2.5,5,4,0,0,-1,0,0
2.5,5,4,0,0,-1,0,0
2.5,5,4,0,0,-1,0,0
2.5,5,4,0,0,-1,0,0
2.5,5,4,0,0,-1,0,0
2.5,5,4,0,0,-1,0,0
2.5,5,4,0,0,-1,0,0
2.5,5,4,0,0,-1,0,0
2.5,5,4,0,0,-1,0,0
2.5,5,4,0,0,-1,0,0
2.5,5,4,0,0,-1,0,0
2.5,5,4,0,0,-1,0,0
2.5,5,4,0,0,-1,0,0
2.5,5,4,0,0,-1,0,0
2.5,5,4,0,0,-1,0,0
2.5,5,4,0,0,-1,0,0
2.5,5,4,0,0,-1,0,0
2.5,5,4,0,0,-1,0,0
2.5,5,4,0,0,-1,0,0
2.5,5,4,0,0,-1,0,0
2.5,5,4,0,0,-1,0,0
2.5,5,4,0,0,-1,0,0
2.5,5,4,0,0,-1,0,0
2.5,5,4,0,0,-1,0,0
2.5,5,4,0,0,-1,0,0
2.5,5,4,0,0,-1,0,0
2.5,5,4,4.28007e-07,0.0369798,4,0,0
2.5,5,4,0,0,-1,0,0
2.5,5,4,0,0,-1,0,0
2.5,5,4,0,0,-1,0,0
2.5,5,4,0,0,-1,0,0
2.5,5,4,0,0,-1,0,0
2.5,5,4,0,0,-1,0,0
2.5,5,4,4.521e-07,0.0390615,4,0,0
2.5,5,4,0,0,-1,0,0
2.5,5,4,0,0,-1,0,0
2.5,5,4,0,0,-1,0,0
2.5,5,4,0,0,-1,0,0
2.5,5,4,0,0,-1,0,0
2.5,5,4,0,0,-1,0,0
2.5,5,4,0,0,-1,0,0
2.5,5,4,0,0,-1,0,0
2.5,5,4,0,0,-1,0,0
2.5,5,4,0,0,-1,0,0
2.5,5,4,0,0,-1,0,0
2.5,5,4,0,0,-1,0,0
2.5,5,4,0,0,-1,0,0
2.5,5,4,0,0,-1,0,0
2.5,5,4,0,0,-1,0,0
2.5,5,4,0,0,-1,0,0
2.5,5,4,0,0,-1,0,0
2.5,5,4,0,0,-1,0,0
2.5,5,4,0,0,-1,0,0
2.5,5,4,0,0,-1,0,0
2.5,5,4,0,0,-1,0,0
2.5,5,4,0,0,-1,0,0
2.5,5,4,0,0,-1,0,0
2.5,5,4,0,0,-1,0,0
2.5,5,4,0,0,-1,0,0
2.5,5,4,0,0,-1,0,0
2.5,5,4,0,0,-1,0,0
2.5,5,4,0,0,-1,0,0
2.5,5,4,0,0,-1,0,0
2.5,5,4,0,0,-1,0,0
2.5,5,4,4.52216e-07,0.0390715,4,0,0
2.5,5,4,0,0,-1,0,0
2.5,5,4,0,0,-1,0,0
2.5,5,4,0,0,-1,0,0
2.5,5,4,0,0,-1,0,0
2.5,5,4,0,0,-1,0,0
2.5,5,4,0,0,-1,0,0
2.5,5,4,0,0,-1,0,0
2.5,5,4,0,0,-1,0,0
2.5,5,4,0,0,-1,0,0
2.5,5,4,0,0,-1,0,0
2.5,5,4,0,0,-1,0,0
2.5,5,4,0,0,-1,0,0
2.5,5,4,0,0,-1,0,0
2.5,5,4,0,0,-1,0,0
2.5,5,4,0,0,-1,0,0
2.5,5,4,0,0,-1,0,0
2.5,5,4,0,0,-1,0,0
2.5,5,4,0,0,-1,0,0
2.5,5,4,0,0,-1,0,0
2.5,5,4,0,0,-1,0,0
2.5,5,4,0,0,-1,0,0
2.5,5,4,0,0,-1,0,0
2.5,5,4,0,0,-1,0,0
2.5,5,4,8.92216e-08,0.00770875,4,0,0
2.5,5,4,0,0,-1,0,0
2.5,5,4,0,0,-1,0,0
2.5,5,4,0,0,-1,0,0
2.5,5,4,0,0,-1,0,0
2.5,5,4,0,0,-1,0,0
2.5,5,4,0,0,-1,0,0
2.5,5,4,0,0,-1,0,0
2.5,5,4,0,0,-1,0,0
2.5,5,4,0,0,-1,0,0
2.5,5,4,0,0,-1,0,0
2.5,5,4,0,0,-1,0,0
2.5,5,4,0,0,-1,0,0
2.5,5,4,4.51819e-07,0.0390371,4,0,0
2.5,5,4,0,0,-1,0,0
2.5,5,4,0,0,-1,0,0
2.5,5,4,4.49102e-07,0.0388024,4,0,0
2.5,5,4,0,0,-1,0,0
2.5,5,4,0,0,-1,0,0
2.5,5,4,0,0,-1,0,0
2.5,5,4,0,0,-1,0,0
2.5,5,4,0,0,-1,0,0
2.5,5,4,3.00941e-07,0.0260013,4,0,0
2.5,5,4,0,0,-1,0,0
2.5,5,4,0,0,-1,0,0
2.5,5,4,0,0,-1,0,0
2.5,5,4,4.51337e-07,0.0389955,4,0,0
2.5,5,4,0,0,-1,0,0
2.5,5,4,0,0,-1,0,0
2.5,5,4,0,0,-1,0,0
2.5,5,4,0,0,-1,0,0
2.5,5,4,0,0,-1,0,0
2.5,5,4,0,0,-1,0,0
2.5,5,4,0,0,-1,0,0
2.5,5,4,4.05468e-07,0.0350324,4,0,0
2.5,5,4,0,0,-1,0,0
2.5,5,4,0,0,-1,0,0
2.5,5,4,0,0,-1,0,0
2.5,5,4,0,0,-1,0,0
2.5,5,4,0,0,-1,0,0
2.5,5,4,0,0,-1,0,0
2.5,5,4,0,0,-1,0,0
2.5,5,4,0,0,-1,0,0
2.5,5,4,0,0,-1,0,0
2.5,5,4,0,0,-1,0,0
2.5,5,4,0,0,-1,0,0
2.5,5,4,0,0,-1,0,0
2.5,5,4,0,0,-1,0,0
2.5,5,4,0,0,-1,0,0
2.5,5,4,0,0,-1,0,0
2.5,5,4,0,0,-1,0,0
2.5,5,4,0,0,-1,0,0
2.5,5,4,0,0,-1,0,0
2.5,5,4,0,0,-1,0,0
2.5,5,4,0,0,-1,0,0
2.5,5,4,4.0174e-07,0.0347103,4,0,0
2.5,5,4,0,0,-1,0,0
2.5,5,4,0,0,-1,0,0
2.5,5,4,0,0,-1,0,0
2.5,5,4,0,0,-1,0,0
2.5,5,4,0,0,-1,0,0
2.5,5,4,0,0,-1,0,0
2.5,5,4,0,0,-1,0,0
2.5,5,4,0,0,-1,0,0
2.5,5,4,0,0,-1,0,0
2.5,5,4,0,0,-1,0,0
2.5,5,4,0,0,-1,0,0
2.5,5,4,0,0,-1,0,0
2.5,5,4,0,0,-1,0,0
2.5,5,4,0,0,-1,0,0
2.5,5,4,0,0,-1,0,0
2.5,5,4,0,0,-1,0,0
2.5,5,4,0,0,-1,0,0
2.5,5,4,0,0,-1,0,0
2.5,5,4,4.30418e-07,0.0371881,4,0,0
2.5,5,4,0,0,-1,0,0
2.5,5,4,0,0,-1,0,0
2.5,5,4,0,0,-1,0,0
2.5,5,4,0,0,-1,0,0
2.5,5,4,4.5113e-07,0.0389776,4,0,0
2.5,5,4,0,0,-1,0,0
2.5,5,4,0,0,-1,0,0
2.5,5,4,0,0,-1,0,0
2.5,5,4,0,0,-1,0,0
2.5,5,4,0,0,-1,0,0
2.5,5,4,0,0,-1,0,0
2.5,5,4,0,0,-1,0,0
2.5,5,4,0,0,-1,0,0
2.5,5,4,0,0,-1,0,0
2.5,5,4,0,0,-1,0,0
2.5,5,4,0,0,-1,0,0
2.5,5,4,0,0,-1,0,0
2.5,5,4,0,0,-1,0,0
2.5,5,4,0,0,-1,0,0
2.5,5,4,0,0,-1,0,0
2.5,5,4,0,0,-1,0,0
2.5,5,4,3.37651e-08,0.0029173,4,0,0
2.5,5,4,0,0,-1,0,0
2.5,5,4,0,0,-1,0,0
2.5,5,4,0,0,-1,0,0
2.5,5,4,0,0,-1,0,0
2.5,5,4,0,0,-1,0,0
2.5,5,4,0,0,-1,0,0
2.5,5,4,0,0,-1,0,0
2.5,5,4,0,0,-1,0,0
2.5,5,4,0,0,-1,0,0
2.5,5,4,0,0,-1,0,0
2.5,5,4,0,0,-1,0,0
2.5,5,4,0,0,-1,0,0
2.5,5,4,0,0,-1,0,0
2.5,5,4,0,0,-1,0,0
2.5,5,4,0,0,-1,0,0
2.5,5,4,0,0,-1,0,0
2.5,5,4,0,0,-1,0,0
2.5,5,4,0,0,-1,0,0
2.5,5,4,0,0,-1,0,0
2.5,5,4,0,0,-1,0,0
2.5,5,4,0,0,-1,0,0
2.5,5,4,0,0,-1,0,0
2.5,5,4,0,0,-1,0,0
2.5,5,4,0,0,-1,0,0
2.5,5,4,0,0,-1,0,0
2.5,5,4,0,0,-1,0,0
2.5,5,4,0,0,-1,0,0
2.5,5,4,0,0,-1,0,0
2.5,5,4,0,0,-1,0,0
2.5,5,4,0,0,-1,0,0
2.5,5,4,0,0,-1,0,0
2.5,5,4,0,0,-1,0,0
2.5,5,4,0,0,-1,0,0
2.5,5,4,0,0,-1,0,0
2.5,5,4,0,0,-1,0,0
2.5,5,4,0,0,-1,0,0
2.5,5,4,0,0,-1,0,0
2.5,5,4,0,0,-1,0,0
2.5,5,4,0,0,-1,0,0
2.5,5,4,0,0,-1,0,0
2.5,5,4,0,0,-1,0,0
2.5,5,4,0,0,-1,0,0
2.5,5,4,0,0,-1,0,0
2.5,5,4,0,0,-1,0,0
2.5,5,4,0,0,-1,0,0
2.5,5,4,0,0,-1,0,0
2.5,5,4,0,0,-1,0,0
2.5,5,4,0,0,-1,0,0
2.5,5,4,0,0,-1,0,0
2.5,5,4,4.4904e-07,0.038797,4,0,0
2.5,5,4,0,0,-1,0,0
2.5,5,4,0,0,-1,0,0
2.5,5,4,0,0,-1,0,0
2.5,5,4,0,0,-1,0,0
2.5,5,4,0,0,-1,0,0
2.5,5,4,0,0,-1,0,0
2.5,5,4,0,0,-1,0,0
2.5,5,4,0,0,-1,0,0
2.5,5,4,0,0,-1,0,0
2.5,5,4,0,0,-1,0,0
2.5,5,4,0,0,-1,0,0
2.5,5,4,0,0,-1,0,0
2.5,5,4,0,0,-1,0,0
2.5,5,4,0,0,-1,0,0
2.5,5,4,0,0,-1,0,0
2.5,5,4,0,0,-1,0,0
2.5,5,4,0,0,-1,0,0
2.5,5,4,0,0,-1,0,0
2.5,5,4,0,0,-1,0,0
2.5,5,4,0,0,-1,0,0
2.5,5,4,0,0,-1,0,0
2.5,5,4,0,0,-1,0,0
2.5,5,4,0,0,-1,0,0
2.5,5,4,0,0,-1,0,0
2.5,5,4,0,0,-1,0,0
2.5,5,4,0,0,-1,0,0
2.5,5,4,0,0,-1,0,0
2.5,5,4,0,0,-1,0,0
2.5,5,4,0,0,-1,0,0
2.5,5,4,0,0,-1,0,0
2.5,5,4,0,0,-1,0,0
2.5,5,4,0,0,-1,0,0
2.5,5,4,0,0,-1,0,0
2.5,5,4,0,0,-1,0,0
2.5,5,4,0,0,-1,0,0
2.5,5,4,0,0,-1,0,0
2.5,5,4,0,0,-1,0,0
2.5,5,4,0,0,-1,0,0
2.5,5,4,0,0,-1,0,0
2.5,5,4,0,0,-1,0,0
2.5,5,4,0,0,-1,0,0
2.5,5,4,0,0,-1,0,0
2.5,5,4,0,0,-1,0,0
2.5,5,4,0,0,-1,0,0
2.5,5,4,0,0,-1,0,0
2.5,5,4,0,0,-1,0,0
2.5,5,4,0,0,-1,0,0
2.5,5,4,4.50001e-07,0.0388801,4,0,0
2.5,5,4,0,0,-1,0,0
2.5,5,4,0,0,-1,0,0
2.5,5,4,0,0,-1,0,0
2.5,5,4,0,0,-1,0,0
2.5,5,4,0,0,-1,0,0
2.5,5,4,0,0,-1,0,0
2.5,5,4,0,0,-1,0,0
2.5,5,4,0,0,-1,0,0
2.5,5,4,0,0,-1,0,0
2.5,5,4,0,0,-1,0,0
2.5,5,4,0,0,-1,0,0
2.5,5,4,0,0,-1,0,0
2.5,5,4,0,0,-1,0,0
2.5,5,4,0,0,-1,0,0
2.5,5,4,0,0,-1,0,0
2.5,5,4,0,0,-1,0,0
2.5,5,4,0,0,-1,0,0
2.5,5,4,0,0,-1,0,0
2.5,5,4,0,0,-1,0,0
2.5,5,4,0,0,-1,0,0
2.5,5,4,0,0,-1,0,0
2.5,5,4,0,0,-1,0,0
2.5,5,4,0,0,-1,0,0
2.5,5,4,0,0,-1,0,0
2.5,5,4,0,0,-1,0,0
2.5,5,4,0,0,-1,0,0
2.5,5,4,0,0,-1,0,0
2.5,5,4,0,0,-1,0,0
2.5,5,4,0,0,-1,0,0
2.5,5,4,0,0,-1,0,0
2.5,5,4,0,0,-1,0,0
2.5,5,4,3.48425e-07,0.0301039,4,0,0
2.5,5,4,0,0,-1,0,0
2.5,5,4,3.19469e-07,0.0276021,4,0,0
2.5,5,4,0,0,-1,0,0
2.5,5,4,0,0,-1,0,0
2.5,5,4,0,0,-1,0,0
2.5,5,4,0,0,-1,0,0
2.5,5,4,0,0,-1,0,0
2.5,5,4,0,0,-1,0,0
2.5,5,4,0,0,-1,0,0
2.5,5,4,0,0,-1,0,0
2.5,5,4,0,0,-1,0,0
2.5,5,4,2.57925e-07,0.0222848,4,0,0
2.5,5,4,0,0,-1,0,0
2.5,5,4,0,0,-1,0,0
2.5,5,4,0,0,-1,0,0
2.5,5,4,0,0,-1,0,0
2.5,5,4,0,0,-1,0,0
2.5,5,4,0,0,-1,0,0
2.5,5,4,0,0,-1,0,0
2.5,5,4,0,0,-1,0,0
2.5,5,4,0,0,-1,0,0
2.5,5,4,0,0,-1,0,0
2.5,5,4,0,0,-1,0,0
2.5,5,4,0,0,-1,0,0
2.5,5,4,0,0,-1,0,0
2.5,5,4,0,0,-1,0,0
2.5,5,4,0,0,-1,0,0
2.5,5,4,0,0,-1,0,0
2.5,5,4,0,0,-1,0,0
2.5,5,4,0,0,-1,0,0
2.5,5,4,0,0,-1,0,0
2.5,5,4,0,0,-1,0,0
2.5,5,4,0,0,-1,0,0
2.5,5,4,0,0,-1,0,0
2.5,5,4,0,0,-1,0,0
2.5,5,4,0,0,-1,0,0
2.5,5,4,0,0,-1,0,0
2.5,5,4,0,0,-1,0,0
2.5,5,4,4.51994e-07,0.0390523,4,0,0
2.5,5,4,0,0,-1,0,0
2.5,5,4,0,0,-1,0,0
2.5,5,4,0,0,-1,0,0
2.5,5,4,0,0,-1,0,0
2.5,5,4,0,0,-1,0,0
2.5,5,4,0,0,-1,0,0
2.5,5,4,0,0,-1,0,0
2.5,5,4,0,0,-1,0,0
2.5,5,4,0,0,-1,0,0
2.5,5,4,0,0,-1,0,0
2.5,5,4,0,0,-1,0,0
2.5,5,4,0,0,-1,0,0
2.5,5,4,0,0,-1,0,0
2.5,5,4,0,0,-1,0,0
2.5,5,4,0,0,-1,0,0
2.5,5,4,0,0,-1,0,0
2.5,5,4,0,0,-1,0,0
2.5,5,4,0,0,-1,0,0
2.5,5,4,0,0,-1,0,0
2.5,5,4,0,0,-1,0,0
2.5,5,4,4.32727e-07,0.0373876,4,0,0
2.5,5,4,0,0,-1,0,0
2.5,5,4,0,0,-1,0,0
2.5,5,4,0,0,-1,0,0
2.5,5,4,0,0,-1,0,0
2.5,5,4,0,0,-1,0,0
2.5,5,4,0,0,-1,0,0
2.5,5,4,0,0,-1,0,0
2.5,5,4,0,0,-1,0,0
2.5,5,4,0,0,-1,0,0
2.5,5,4,0,0,-1,0,0
2.5,5,4,0,0,-1,0,0
2.5,5,4,0,0,-1,0,0
2.5,5,4,0,0,-1,0,0
2.5,5,4,0,0,-1,0,0
2.5,5,4,0,0,-1,0,0
2.5,5,4,0,0,-1,0,0
2.5,5,4,0,0,-1,0,0
2.5,5,4,0,0,-1,0,0
2.5,5,4,0,0,-1,0,0
2.5,5,4,4.41214e-07,0.0381209,4,0,0
2.5,5,4,0,0,-1,0,0
2.5,5,4,0,0,-1,0,0
2.5,5,4,0,0,-1,0,0
2.5,5,4,0,0,-1,0,0
2.5,5,4,0,0,-1,0,0
2.5,5,4,4.46282e-07,0.0385588,4,0,0
2.5,5,4,0,0,-1,0,0
2.5,5,4,0,0,-1,0,0
2.5,5,4,0,0,-1,0,0
2.5,5,4,0,0,-1,0,0
2.5,5,4,0,0,-1,0,0
2.5,5,4,0,0,-1,0,0
2.5,5,4,0,0,-1,0,0
2.5,5,4,0,0,-1,0,0
2.5,5,4,0,0,-1,0,0
2.5,5,4,0,0,-1,0,0
2.5,5,4,0,0,-1,0,0
2.5,5,4,0,0,-1,0,0
2.5,5,4,0,0,-1,0,0
2.5,5,4,0,0,-1,0,0
2.5,5,4,0,0,-1,0,0
2.5,5,4,0,0,-1,0,0
2.5,5,4,0,0,-1,0,0
2.5,5,4,0,0,-1,0,0
2.5,5,4,0,0,-1,0,0
2.5,5,4,0,0,-1,0,0
2.5,5,4,0,0,-1,0,0
2.5,5,4,0,0,-1,0,0
2.5,5,4,0,0,-1,0,0
2.5,5,4,0,0,-1,0,0
2.5,5,4,0,0,-1,0,0
2.5,5,4,0,0,-1,0,0
2.5,5,4,0,0,-1,0,0
2.5,5,4,0,0,-1,0,0
2.5,5,4,0,0,-1,0,0
2.5,5,4,0,0,-1,0,0
2.5,5,4,0,0,-1,0,0
2.5,5,4,0,0,-1,0,0
2.5,5,4,0,0,-1,0,0
2.5,5,4,0,0,-1,0,0
2.5,5,4,0,0,-1,0,0
2.5,5,4,0,0,-1,0,0
2.5,5,4,0,0,-1,0,0
2.5,5,4,0,0,-1,0,0
2.5,5,4,0,0,-1,0,0
2.5,5,4,0,0,-1,0,0
2.5,5,4,0,0,-1,0,0
2.5,5,4,0,0,-1,0,0
2.5,5,4,0,0,-1,0,0
2.5,5,4,0,0,-1,0,0
2.5,5,4,0,0,-1,0,0
2.5,5,4,0,0,-1,0,0
2.5,5,4,0,0,-1,0,0
2.5,5,4,0,0,-1,0,0
2.5,5,4,0,0,-1,0,0
2.5,5,4,0,0,-1,0,0
2.5,5,4,0,0,-1,0,0
2.5,5,4,0,0,-1,0,0
2.5,5,4,0,0,-1,0,0
2.5,5,4,0,0,-1,0,0
2.5,5,4,0,0,-1,0,0
2.5,5,4,0,0,-1,0,0
2.5,5,4,0,0,-1,0,0
2.5,5,4,0,0,-1,0,0
2.5,5,4,0,0,-1,0,0
2.5,5,4,0,0,-1,0,0
2.5,5,4,0,0,-1,0,0
2.5,5,4,0,0,-1,0,0
2.5,5,4,0,0,-1,0,0
2.5,5,4,0,0,-1,0,0
2.5,5,4,0,0,-1,0,0
2.5,5,4,0,0,-1,0,0
2.5,5,4,0,0,-1,0,0
2.5,5,4,0,0,-1,0,0
2.5,5,4,0,0,-1,0,0
2.5,5,4,0,0,-1,0,0
2.5,5,4,0,0,-1,0,0
2.5,5,4,0,0,-1,0,0
2.5,5,4,3.28128e-07,0.0283502,4,0,0
2.5,5,4,0,0,-1,0,0
2.5,5,4,0,0,-1,0,0
2.5,5,4,0,0,-1,0,0
2.5,5,4,0,0,-1,0,0
2.5,5,4,0,0,-1,0,0
2.5,5,4,0,0,-1,0,0
2.5,5,4,0,0,-1,0,0
2.5,5,4,0,0,-1,0,0
2.5,5,4,0,0,-1,0,0
2.5,5,4,0,0,-1,0,0
2.5,5,4,0,0,-1,0,0
2.5,5,4,0,0,-1,0,0
2.5,5,4,0,0,-1,0,0
2.5,5,4,0,0,-1,0,0
2.5,5,4,0,0,-1,0,0
2.5,5,4,0,0,-1,0,0
2.5,5,4,0,0,-1,0,0
2.5,5,4,0,0,-1,0,0
2.5,5,4,4.51174e-07,0.0389814,4,0,0
2.5,5,4,0,0,-1,0,0
2.5,5,4,0,0,-1,0,0
2.5,5,4,0,0,-1,0,0
2.5,5,4,0,0,-1,0,0
2.5,5,4,0,0,-1,0,0
2.5,5,4,0,0,-1,0,0
2.5,5,4,0,0,-1,0,0
2.5,5,4,0,0,-1,0,0
2.5,5,4,0,0,-1,0,0
2.5,5,4,0,0,-1,0,0
2.5,5,4,0,0,-1,0,0
2.5,5,4,0,0,-1,0,0
2.5,5,4,0,0,-1,0,0
2.5,5,4,0,0,-1,0,0
2.5,5,4,0,0,-1,0,0
2.5,5,4,0,0,-1,0,0
2.5,5,4,0,0,-1,0,0
2.5,5,4,0,0,-1,0,0
2.5,5,4,4.33856e-07,0.0374851,4,0,0
2.5,5,4,0,0,-1,0,0
2.5,5,4,0,0,-1,0,0
2.5,5,4,0,0,-1,0,0
2.5,5,4,0,0,-1,0,0
2.5,5,4,0,0,-1,0,0
2.5,5,4,0,0,-1,0,0
2.5,5,4,0,0,-1,0,0
2.5,5,4,0,0,-1,0,0
2.5,5,4,0,0,-1,0,0
2.5,5,4,0,0,-1,0,0
2.5,5,4,0,0,-1,0,0
2.5,5,4,0,0,-1,0,0
2.5,5,4,0,0,-1,0,0
2.5,5,4,0,0,-1,0,0
2.5,5,4,0,0,-1,0,0
2.5,5,4,0,0,-1,0,0
2.5,5,4,0,0,-1,0,0
2.5,5,4,0,0,-1,0,0
2.5,5,4,0,0,-1,0,0
2.5,5,4,4.50072e-07,0.0388862,4,0,0
2.5,5,4,0,0,-1,0,0
2.5,5,4,0,0,-1,0,0
2.5,5,4,0,0,-1,0,0
2.5,5,4,0,0,-1,0,0
2.5,5,4,0,0,-1,0,0
2.5,5,4,0,0,-1,0,0
2.5,5,4,0,0,-1,0,0
2.5,5,4,0,0,-1,0,0
2.5,5,4,0,0,-1,0,0
2.5,5,4,0,0,-1,0,0
2.5,5,4,0,0,-1,0,0
2.5,5,4,0,0,-1,0,0
2.5,5,4,0,0,-1,0,0
2.5,5,4,0,0,-1,0,0
2.5,5,4,0,0,-1,0,0
2.5,5,4,3.42348e-07,0.0295789,3,1.1,0
2.5,5,4,0,0,-1,0,0
2.5,5,4,0,0,-1,0,0
2.5,5,4,0,0,-1,0,0
2.5,5,4,0,0,-1,0,0
2.5,5,4,0,0,-1,0,0
2.5,5,4,0,0,-1,0,0
2.5,5,4,0,0,-1,0,0
2.5,5,4,0,0,-1,0,0
2.5,5,4,0,0,-1,0,0
2.5,5,4,0,0,-1,0,0
2.5,5,4,0,0,-1,0,0
2.5,5,4,0,0,-1,0,0
2.5,5,4,0,0,-1,0,0
2.5,5,4,0,0,-1,0,0
2.5,5,4,0,0,-1,0,0
2.5,5,4,0,0,-1,0,0
2.5,5,4,0,0,-1,0,0
2.5,5,4,0,0,-1,0,0
2.5,5,4,0,0,-1,0,0
2.5,5,4,0,0,-1,0,0
2.5,5,4,0,0,-1,0,0
2.5,5,4,0,0,-1,0,0
2.5,5,4,0,0,-1,0,0
2.5,5,4,0,0,-1,0,0
2.5,5,4,0,0,-1,0,0
2.5,5,4,0,0,-1,0,0
2.5,5,4,0,0,-1,0,0
2.5,5,4,0,0,-1,0,0
2.5,5,4,0,0,-1,0,0
2.5,5,4,0,0,-1,0,0
2.5,5,4,0,0,-1,0,0
2.5,5,4,0,0,-1,0,0
2.5,5,4,0,0,-1,0,0
2.5,5,4,0,0,-1,0,0
2.5,5,4,0,0,-1,0,0
2.5,5,4,0,0,-1,0,0
2.5,5,4,0,0,-1,0,0
2.5,5,4,0,0,-1,0,0
2.5,5,4,0,0,-1,0,0
2.5,5,4,0,0,-1,0,0
2.5,5,4,0,0,-1,0,0
2.5,5,4,0,0,-1,0,0
2.5,5,4,0,0,-1,0,0
2.5,5,4,0,0,-1,0,0
2.5,5,4,0,0,-1,0,0
2.5,5,4,0,0,-1,0,0
2.5,5,4,0,0,-1,0,0
2.5,5,4,4.48906e-07,0.0387855,4,0,0
2.5,5,4,0,0,-1,0,0
2.5,5,4,0,0,-1,0,0
2.5,5,4,0,0,-1,0,0
2.5,5,4,0,0,-1,0,0
2.5,5,4,0,0,-1,0,0
2.5,5,4,0,0,-1,0,0
2.5,5,4,0,0,-1,0,0
2.5,5,4,0,0,-1,0,0
2.5,5,4,0,0,-1,0,0
2.5,5,4,0,0,-1,0,0
2.5,5,4,4.51173e-07,0.0389814,4,0,0
2.5,5,4,0,0,-1,0,0
2.5,5,4,0,0,-1,0,0
2.5,5,4,0,0,-1,0,0
2.5,5,4,0,0,-1,0,0
2.5,5,4,0,0,-1,0,0
2.5,5,4,0,0,-1,0,0
2.5,5,4,0,0,-1,0,0
2.5,5,4,0,0,-1,0,0
2.5,5,4,0,0,-1,0,0
2.5,5,4,0,0,-1,0,0
2.5,5,4,0,0,-1,0,0
2.5,5,4,0,0,-1,0,0
2.5,5,4,0,0,-1,0,0
2.5,5,4,0,0,-1,0,0
2.5,5,4,0,0,-1,0,0
2.5,5,4,0,0,-1,0,0
2.5,5,4,0,0,-1,0,0
2.5,5,4,0,0,-1,0,0
2.5,5,4,4.07829e-07,0.0352364,4,0,0
2.5,5,4,0,0,-1,0,0
2.5,5,4,0,0,-1,0,0
2.5,5,4,0,0,-1,0,0
2.5,5,4,0,0,-1,0,0
2.5,5,4,0,0,-1,0,0
2.5,5,4,0,0,-1,0,0
2.5,5,4,0,0,-1,0,0
2.5,5,4,0,0,-1,0,0
2.5,5,4,0,0,-1,0,0
2.5,5,4,0,0,-1,0,0
2.5,5,4,0,0,-1,0,0
2.5,5,4,0,0,-1,0,0
2.5,5,4,0,0,-1,0,0
2.5,5,4,0,0,-1,0,0
2.5,5,4,0,0,-1,0,0
2.5,5,4,0,0,-1,0,0
2.5,5,4,0,0,-1,0,0
2.5,5,4,0,0,-1,0,0
2.5,5,4,0,0,-1,0,0
2.5,5,4,0,0,-1,0,0
2.5,5,4,0,0,-1,0,0
2.5,5,4,0,0,-1,0,0
2.5,5,4,0,0,-1,0,0
2.5,5,4,0,0,-1,0,0
2.5,5,4,0,0,-1,0,0
2.5,5,4,0,0,-1,0,0
2.5,5,4,4.49664e-07,0.038851,4,0,0
2.5,5,4,0,0,-1,0,0
2.5,5,4,0,0,-1,0,0
2.5,5,4,0,0,-1,0,0
2.5,5,4,0,0,-1,0,0
2.5,5,4,0,0,-1,0,0
2.5,5,4,0,0,-1,0,0
2.5,5,4,0,0,-1,0,0
2.5,5,4,0,0,-1,0,0
2.5,5,4,0,0,-1,0,0
2.5,5,4,0,0,-1,0,0
2.5,5,4,0,0,-1,0,0
2.5,5,4,0,0,-1,0,0
2.5,5,4,0,0,-1,0,0
2.5,5,4,4.40107e-07,0.0380253,4,0,0
2.5,5,4,0,0,-1,0,0
2.5,5,4,0,0,-1,0,0
2.5,5,4,0,0,-1,0,0
2.5,5,4,0,0,-1,0,0
2.5,5,4,0,0,-1,0,0
2.5,5,4,0,0,-1,0,0
2.5,5,4,0,0,-1,0,0
2.5,5,4,0,0,-1,0,0
2.5,5,4,0,0,-1,0,0
2.5,5,4,0,0,-1,0,0
2.5,5,4,0,0,-1,0,0
2.5,5,4,0,0,-1,0,0
2.5,5,4,0,0,-1,0,0
2.5,5,4,4.36073e-07,0.0376767,4,0,0
2.5,5,4,0,0,-1,0,0
2.5,5,4,0,0,-1,0,0
2.5,5,4,0,0,-1,0,0
2.5,5,4,0,0,-1,0,0
2.5,5,4,0,0,-1,0,0
2.5,5,4,0,0,-1,0,0
2.5,5,4,0,0,-1,0,0
2.5,5,4,0,0,-1,0,0
2.5,5,4,0,0,-1,0,0
2.5,5,4,0,0,-1,0,0
2.5,5,4,0,0,-1,0,0
2.5,5,4,0,0,-1,0,0
2.5,5,4,0,0,-1,0,0
2.5,5,4,0,0,-1,0,0
2.5,5,4,0,0,-1,0,0
2.5,5,4,0,0,-1,0,0
2.5,5,4,4.4859e-07,0.0387582,4,0,0
2.5,5,4,0,0,-1,0,0
2.5,5,4,0,0,-1,0,0
2.5,5,4,0,0,-1,0,0
2.5,5,4,0,0,-1,0,0
2.5,5,4,0,0,-1,0,0
2.5,5,4,0,0,-1,0,0
2.5,5,4,0,0,-1,0,0
2.5,5,4,0,0,-1,0,0
2.5,5,4,0,0,-1,0,0
2.5,5,4,0,0,-1,0,0
2.5,5,4,0,0,-1,0,0
2.5,5,4,0,0,-1,0,0
2.5,5,4,4.24201e-07,0.036651,4,0,0
2.5,5,4,0,0,-1,0,0
2.5,5,4,0,0,-1,0,0
2.5,5,4,0,0,-1,0,0
2.5,5,4,0,0,-1,0,0
2.5,5,4,0,0,-1,0,0
2.5,5,4,0,0,-1,0,0
2.5,5,4,0,0,-1,0,0
2.5,5,4,4.52308e-07,0.0390794,4,0,0
2.5,5,4,0,0,-1,0,0
2.5,5,4,0,0,-1,0,0
2.5,5,4,0,0,-1,0,0
2.5,5,4,0,0,-1,0,0
2.5,5,4,4.52173e-07,0.0390678,4,0,0
2.5,5,4,0,0,-1,0,0
2.5,5,4,0,0,-1,0,0
2.5,5,4,0,0,-1,0,0
2.5,5,4,0,0,-1,0,0
2.5,5,4,0,0,-1,0,0
2.5,5,4,0,0,-1,0,0
2.5,5,4,0,0,-1,0,0
2.5,5,4,0,0,-1,0,0
2.5,5,4,0,0,-1,0,0
2.5,5,4,0,0,-1,0,0
2.5,5,4,0,0,-1,0,0
2.5,5,4,0,0,-1,0,0
2.5,5,4,0,0,-1,0,0
2.5,5,4,0,0,-1,0,0
2.5,5,4,0,0,-1,0,0
2.5,5,4,0,0,-1,0,0
2.5,5,4,0,0,-1,0,0
2.5,5,4,0,0,-1,0,0
2.5,5,4,0,0,-1,0,0
2.5,5,4,0,0,-1,0,0
2.5,5,4,0,0,-1,0,0
2.5,5,4,0,0,-1,0,0
2.5,5,4,0,0,-1,0,0
2.5,5,4,0,0,-1,0,0
2.5,5,4,0,0,-1,0,0
2.5,5,4,0,0,-1,0,0
2.5,5,4,0,0,-1,0,0
2.5,5,4,0,0,-1,0,0
2.5,5,4,0,0,-1,0,0
2.5,5,4,0,0,-1,0,0
2.5,5,4,0,0,-1,0,0
2.5,5,4,0,0,-1,0,0
2.5,5,4,0,0,-1,0,0
2.5,5,4,0,0,-1,0,0
2.5,5,4,0,0,-1,0,0
2.5,5,4,3.76755e-07,0.0325516,4,0,0
2.5,5,4,0,0,-1,0,0
2.5,5,4,2.79297e-07,0.0241313,4,0,0
2.5,5,4,0,0,-1,0,0
2.5,5,4,0,0,-1,0,0
2.5,5,4,0,0,-1,0,0
2.5,5,4,0,0,-1,0,0
2.5,5,4,0,0,-1,0,0
2.5,5,4,0,0,-1,0,0
2.5,5,4,0,0,-1,0,0
2.5,5,4,0,0,-1,0,0
2.5,5,4,0,0,-1,0,0
2.5,5,4,0,0,-1,0,0
2.5,5,4,0,0,-1,0,0
2.5,5,4,3.28773e-07,0.028406,4,0,0
2.5,5,4,0,0,-1,0,0
2.5,5,4,3.35293e-07,0.0289694,4,0,0
2.5,5,4,0,0,-1,0,0
2.5,5,4,0,0,-1,0,0
2.5,5,4,0,0,-1,0,0
2.5,5,4,0,0,-1,0,0
2.5,5,4,0,0,-1,0,0
2.5,5,4,0,0,-1,0,0
2.5,5,4,0,0,-1,0,0
2.5,5,4,0,0,-1,0,0
2.5,5,4,0,0,-1,0,0
2.5,5,4,0,0,-1,0,0
2.5,5,4,0,0,-1,0,0
2.5,5,4,0,0,-1,0,0
2.5,5,4,0,0,-1,0,0
2.5,5,4,0,0,-1,0,0
2.5,5,4,0,0,-1,0,0
2.5,5,4,0,0,-1,0,0
2.5,5,4,0,0,-1,0,0
2.5,5,4,0,0,-1,0,0
2.5,5,4,0,0,-1,0,0
2.5,5,4,0,0,-1,0,0
2.5,5,4,0,0,-1,0,0
2.5,5,4,0,0,-1,0,0
2.5,5,4,0,0,-1,0,0
2.5,5,4,0,0,-1,0,0
2.5,5,4,0,0,-1,0,0
2.5,5,4,0,0,-1,0,0
2.5,5,4,0,0,-1,0,0
2.5,5,4,0,0,-1,0,0
2.5,5,4,0,0,-1,0,0
2.5,5,4,0,0,-1,0,0
2.5,5,4,0,0,-1,0,0
2.5,5,4,0,0,-1,0,0
2.5,5,4,0,0,-1,0,0
2.5,5,4,0,0,-1,0,0
2.5,5,4,0,0,-1,0,0
2.5,5,4,0,0,-1,0,0
2.5,5,4,0,0,-1,0,0
2.5,5,4,0,0,-1,0,0
2.5,5,4,0,0,-1,0,0
2.5,5,4,0,0,-1,0,0
2.5,5,4,0,0,-1,0,0
2.5,5,4,0,0,-1,0,0
2.5,5,4,0,0,-1,0,0
2.5,5,4,0,0,-1,0,0
2.5,5,4,5.80355e-08,0.00501427,4,0,0
2.5,5,4,0,0,-1,0,0
2.5,5,4,2.8757e-07,0.0248461,4,0,0
2.5,5,4,0,0,-1,0,0
2.5,5,4,0,0,-1,0,0
2.5,5,4,0,0,-1,0,0
2.5,5,4,0,0,-1,0,0
2.5,5,4,0,0,-1,0,0
2.5,5,4,0,0,-1,0,0
2.5,5,4,0,0,-1,0,0
2.5,5,4,0,0,-1,0,0
2.5,5,4,0,0,-1,0,0
2.5,5,4,0,0,-1,0,0
2.5,5,4,0,0,-1,0,0
2.5,5,4,0,0,-1,0,0
2.5,5,4,4.46552e-07,0.0385821,4,0,0
2.5,5,4,0,0,-1,0,0
2.5,5,4,0,0,-1,0,0
2.5,5,4,0,0,-1,0,0
2.5,5,4,4.51533e-07,0.0390125,4,0,0
2.5,5,4,0,0,-1,0,0
2.5,5,4,0,0,-1,0,0
2.5,5,4,0,0,-1,0,0
2.5,5,4,0,0,-1,0,0
2.5,5,4,0,0,-1,0,0
2.5,5,4,2.34893e-07,0.0202948,4,0,0
2.5,5,4,0,0,-1,0,0
2.5,5,4,0,0,-1,0,0
2.5,5,4,0,0,-1,0,0
2.5,5,4,0,0,-1,0,0
2.5,5,4,0,0,-1,0,0
2.5,5,4,0,0,-1,0,0
2.5,5,4,4.46581e-07,0.0385846,4,0,0
2.5,5,4,0,0,-1,0,0
2.5,5,4,0,0,-1,0,0
2.5,5,4,0,0,-1,0,0
2.5,5,4,0,0,-1,0,0
2.5,5,4,0,0,-1,0,0
2.5,5,4,0,0,-1,0,0
2.5,5,4,0,0,-1,0,0
2.5,5,4,0,0,-1,0,0
2.5,5,4,0,0,-1,0,0
2.5,5,4,0,0,-1,0,0
2.5,5,4,0,0,-1,0,0
2.5,5,4,0,0,-1,0,0
2.5,5,4,0,0,-1,0,0
2.5,5,4,0,0,-1,0,0
2.5,5,4,0,0,-1,0,0
2.5,5,4,0,0,-1,0,0
2.5,5,4,0,0,-1,0,0
2.5,5,4,0,0,-1,0,0
2.5,5,4,3.75029e-07,0.0324025,4,0,0
2.5,5,4,0,0,-1,0,0
2.5,5,4,0,0,-1,0,0
2.5,5,4,0,0,-1,0,0
2.5,5,4,0,0,-1,0,0
2.5,5,4,0,0,-1,0,0
2.5,5,4,0,0,-1,0,0
2.5,5,4,0,0,-1,0,0
2.5,5,4,0,0,-1,0,0
2.5,5,4,0,0,-1,0,0
2.5,5,4,0,0,-1,0,0
2.5,5,4,0,0,-1,0,0
2.5,5,4,0,0,-1,0,0
2.5,5,4,0,0,-1,0,0
2.5,5,4,0,0,-1,0,0
2.5,5,4,3.83937e-07,0.0331722,4,0,0
2.5,5,4,0,0,-1,0,0
2.5,5,4,0,0,-1,0,0
2.5,5,4,0,0,-1,0,0
2.5,5,4,0,0,-1,0,0
2.5,5,4,0,0,-1,0,0
2.5,5,4,0,0,-1,0,0
2.5,5,4,0,0,-1,0,0
2.5,5,4,0,0,-1,0,0
2.5,5,4,0,0,-1,0,0
2.5,5,4,0,0,-1,0,0
2.5,5,4,0,0,-1,0,0
2.5,5,4,0,0,-1,0,0
2.5,5,4,0,0,-1,0,0
2.5,5,4,0,0,-1,0,0
2.5,5,4,0,0,-1,0,0
2.5,5,4,0,0,-1,0,0
2.5,5,4,0,0,-1,0,0
2.5,5,4,0,0,-1,0,0
2.5,5,4,0,0,-1,0,0
2.5,5,4,0,0,-1,0,0
2.5,5,4,0,0,-1,0,0
2.5,5,4,0,0,-1,0,0
2.5,5,4,0,0,-1,0,0
2.5,5,4,0,0,-1,0,0
2.5,5,4,0,0,-1,0,0
2.5,5,4,0,0,-1,0,0
2.5,5,4,0,0,-1,0,0
2.5,5,4,0,0,-1,0,0
2.5,5,4,0,0,-1,0,0
2.5,5,4,0,0,-1,0,0
2.5,5,4,0,0,-1,0,0
2.5,5,4,0,0,-1,0,0
2.5,5,4,4.51921e-07,0.039046,4,0,0
2.5,5,4,0,0,-1,0,0
2.5,5,4,0,0,-1,0,0
2.5,5,4,0,0,-1,0,0
2.5,5,4,0,0,-1,0,0
2.5,5,4,0,0,-1,0,0
2.5,5,4,0,0,-1,0,0
2.5,5,4,0,0,-1,0,0
2.5,5,4,0,0,-1,0,0
2.5,5,4,0,0,-1,0,0
2.5,5,4,0,0,-1,0,0
2.5,5,4,0,0,-1,0,0
2.5,5,4,0,0,-1,0,0
2.5,5,4,0,0,-1,0,0
2.5,5,4,0,0,-1,0,0
2.5,5,4,0,0,-1,0,0
2.5,5,4,0,0,-1,0,0
2.5,5,4,0,0,-1,0,0
2.5,5,4,0,0,-1,0,0
2.5,5,4,0,0,-1,0,0
2.5,5,4,0,0,-1,0,0
2.5,5,4,0,0,-1,0,0
2.5,5,4,0,0,-1,0,0
2.5,5,4,0,0,-1,0,0
2.5,5,4,0,0,-1,0,0
2.5,5,4,0,0,-1,0,0
2.5,5,4,0,0,-1,0,0
2.5,5,4,0,0,-1,0,0
2.5,5,4,0,0,-1,0,0
2.5,5,4,0,0,-1,0,0
2.5,5,4,0,0,-1,0,0
2.5,5,4,0,0,-1,0,0
2.5,5,4,0,0,-1,0,0
2.5,5,4,0,0,-1,0,0
2.5,5,4,0,0,-1,0,0
2.5,5,4,0,0,-1,0,0
2.5,5,4,0,0,-1,0,0
2.5,5,4,0,0,-1,0,0
2.5,5,4,0,0,-1,0,0
2.5,5,4,0,0,-1,0,0
2.5,5,4,0,0,-1,0,0
2.5,5,4,0,0,-1,0,0
2.5,5,4,0,0,-1,0,0
2.5,5,4,0,0,-1,0,0
2.5,5,4,0,0,-1,0,0
2.5,5,4,0,0,-1,0,0
2.5,5,4,0,0,-1,0,0
2.5,5,4,0,0,-1,0,0
2.5,5,4,0,0,-1,0,0
2.5,5,4,0,0,-1,0,0
2.5,5,4,0,0,-1,0,0
2.5,5,4,0,0,-1,0,0
2.5,5,4,0,0,-1,0,0
2.5,5,4,0,0,-1,0,0
2.5,5,4,0,0,-1,0,0
2.5,5,4,0,0,-1,0,0
2.5,5,4,0,0,-1,0,0
2.5,5,4,0,0,-1,0,0
2.5,5,4,0,0,-1,0,0
2.5,5,4,0,0,-1,0,0
2.5,5,4,0,0,-1,0,0
2.5,5,4,0,0,-1,0,0
2.5,5,4,0,0,-1,0,0
2.5,5,4,0,0,-1,0,0
2.5,5,4,0,0,-1,0,0
2.5,5,4,0,0,-1,0,0
2.5,5,4,0,0,-1,0,0
2.5,5,4,0,0,-1,0,0
2.5,5,4,0,0,-1,0,0
2.5,5,4,0,0,-1,0,0
2.5,5,4,0,0,-1,0,0
2.5,5,4,0,0,-1,0,0
2.5,5,4,0,0,-1,0,0
2.5,5,4,0,0,-1,0,0
2.5,5,4,0,0,-1,0,0
2.5,5,4,0,0,-1,0,0
2.5,5,4,0,0,-1,0,0
2.5,5,4,0,0,-1,0,0
2.5,5,4,0,0,-1,0,0
2.5,5,4,0,0,-1,0,0
2.5,5,4,0,0,-1,0,0
2.5,5,4,0,0,-1,0,0
2.5,5,4,0,0,-1,0,0
2.5,5,4,0,0,-1,0,0
2.5,5,4,0,0,-1,0,0
2.5,5,4,0,0,-1,0,0
2.5,5,4,0,0,-1,0,0
2.5,5,4,0,0,-1,0,0
2.5,5,4,0,0,-1,0,0
2.5,5,4,0,0,-1,0,0
2.5,5,4,0,0,-1,0,0
2.5,5,4,0,0,-1,0,0
2.5,5,4,0,0,-1,0,0
2.5,5,4,0,0,-1,0,0
2.5,5,4,4.51812e-07,0.0390366,4,0,0
2.5,5,4,0,0,-1,0,0
2.5,5,4,0,0,-1,0,0
2.5,5,4,0,0,-1,0,0
2.5,5,4,0,0,-1,0,0
2.5,5,4,0,0,-1,0,0
2.5,5,4,0,0,-1,0,0
2.5,5,4,0,0,-1,0,0
2.5,5,4,0,0,-1,0,0
2.5,5,4,0,0,-1,0,0
2.5,5,4,0,0,-1,0,0
2.5,5,4,0,0,-1,0,0
2.5,5,4,0,0,-1,0,0
2.5,5,4,2.70102e-07,0.0233368,4,0,0
2.5,5,4,0,0,-1,0,0
2.5,5,4,0,0,-1,0,0
2.5,5,4,0,0,-1,0,0
2.5,5,4,0,0,-1,0,0
2.5,5,4,4.51826e-07,0.0390378,4,0,0
2.5,5,4,0,0,-1,0,0
2.5,5,4,0,0,-1,0,0
2.5,5,4,0,0,-1,0,0
2.5,5,4,0,0,-1,0,0
2.5,5,4,0,0,-1,0,0
2.5,5,4,3.90004e-07,0.0336963,4,0,0
2.5,5,4,0,0,-1,0,0
2.5,5,4,0,0,-1,0,0
2.5,5,4,0,0,-1,0,0
2.5,5,4,0,0,-1,0,0
2.5,5,4,0,0,-1,0,0
2.5,5,4,0,0,-1,0,0
2.5,5,4,0,0,-1,0,0
2.5,5,4,0,0,-1,0,0
2.5,5,4,0,0,-1,0,0
2.5,5,4,0,0,-1,0,0
2.5,5,4,0,0,-1,0,0
2.5,5,4,0,0,-1,0,0
2.5,5,4,0,0,-1,0,0
2.5,5,4,4.5169e-07,0.039026,4,0,0
2.5,5,4,0,0,-1,0,0
2.5,5,4,0,0,-1,0,0
2.5,5,4,0,0,-1,0,0
2.5,5,4,0,0,-1,0,0
2.5,5,4,4.36489e-07,0.0377126,4,0,0
2.5,5,4,0,0,-1,0,0
2.5,5,4,0,0,-1,0,0
2.5,5,4,0,0,-1,0,0
2.5,5,4,0,0,-1,0,0
2.5,5,4,0,0,-1,0,0
2.5,5,4,0,0,-1,0,0
2.5,5,4,0,0,-1,0,0
2.5,5,4,0,0,-1,0,0
2.5,5,4,0,0,-1,0,0
2.5,5,4,0,0,-1,0,0
2.5,5,4,0,0,-1,0,0
2.5,5,4,0,0,-1,0,0
2.5,5,4,0,0,-1,0,0
2.5,5,4,0,0,-1,0,0
2.5,5,4,0,0,-1,0,0
2.5,5,4,0,0,-1,0,0
2.5,5,4,0,0,-1,0,0
2.5,5,4,0,0,-1,0,0
2.5,5,4,0,0,-1,0,0
2.5,5,4,0,0,-1,0,0
2.5,5,4,0,0,-1,0,0
2.5,5,4,0,0,-1,0,0
2.5,5,4,0,0,-1,0,0
2.5,5,4,0,0,-1,0,0
2.5,5,4,0,0,-1,0,0
2.5,5,4,0,0,-1,0,0
2.5,5,4,4.51312e-07,0.0389934,4,0,0
2.5,5,4,0,0,-1,0,0
2.5,5,4,0,0,-1,0,0
2.5,5,4,0,0,-1,0,0
2.5,5,4,0,0,-1,0,0
2.5,5,4,0,0,-1,0,0
2.5,5,4,0,0,-1,0,0
2.5,5,4,0,0,-1,0,0
2.5,5,4,0,0,-1,0,0
2.5,5,4,0,0,-1,0,0
2.5,5,4,0,0,-1,0,0
2.5,5,4,0,0,-1,0,0
2.5,5,4,0,0,-1,0,0
2.5,5,4,0,0,-1,0,0
2.5,5,4,0,0,-1,0,0
2.5,5,4,0,0,-1,0,0
2.5,5,4,0,0,-1,0,0
2.5,5,4,0,0,-1,0,0
2.5,5,4,0,0,-1,0,0
2.5,5,4,0,0,-1,0,0
2.5,5,4,0,0,-1,0,0
2.5,5,4,0,0,-1,0,0
2.5,5,4,0,0,-1,0,0
2.5,5,4,0,0,-1,0,0
2.5,5,4,0,0,-1,0,0
2.5,5,4,0,0,-1,0,0
2.5,5,4,0,0,-1,0,0
2.5,5,4,0,0,-1,0,0
2.5,5,4,0,0,-1,0,0
2.5,5,4,0,0,-1,0,0
2.5,5,4,0,0,-1,0,0
2.5,5,4,0,0,-1,0,0
2.5,5,4,0,0,-1,0,0
2.5,5,4,0,0,-1,0,0
2.5,5,4,0,0,-1,0,0
2.5,5,4,0,0,-1,0,0
2.5,5,4,0,0,-1,0,0
2.5,5,4,0,0,-1,0,0
2.5,5,4,4.07738e-07,0.0352286,4,0,0
2.5,5,4,0,0,-1,0,0
2.5,5,4,0,0,-1,0,0
2.5,5,4,0,0,-1,0,0
2.5,5,4,4.24211e-07,0.0366518,4,0,0
2.5,5,4,0,0,-1,0,0
2.5,5,4,0,0,-1,0,0
2.5,5,4,0,0,-1,0,0
2.5,5,4,0,0,-1,0,0
2.5,5,4,0,0,-1,0,0
2.5,5,4,0,0,-1,0,0
2.5,5,4,0,0,-1,0,0
2.5,5,4,0,0,-1,0,0
2.5,5,4,0,0,-1,0,0
2.5,5,4,0,0,-1,0,0
2.5,5,4,4.49597e-07,0.0388451,4,0,0
2.5,5,4,0,0,-1,0,0
2.5,5,4,0,0,-1,0,0
2.5,5,4,0,0,-1,0,0
2.5,5,4,0,0,-1,0,0
2.5,5,4,0,0,-1,0,0
2.5,5,4,0,0,-1,0,0
2.5,5,4,0,0,-1,0,0
2.5,5,4,0,0,-1,0,0
2.5,5,4,0,0,-1,0,0
2.5,5,4,0,0,-1,0,0
2.5,5,4,0,0,-1,0,0
2.5,5,4,0,0,-1,0,0
2.5,5,4,0,0,-1,0,0
2.5,5,4,0,0,-1,0,0
2.5,5,4,0,0,-1,0,0
2.5,5,4,0,0,-1,0,0
2.5,5,4,0,0,-1,0,0
2.5,5,4,0,0,-1,0,0
2.5,5,4,0,0,-1,0,0
2.5,5,4,0,0,-1,0,0
2.5,5,4,0,0,-1,0,0
2.5,5,4,0,0,-1,0,0
2.5,5,4,0,0,-1,0,0
2.5,5,4,0,0,-1,0,0
2.5,5,4,0,0,-1,0,0
2.5,5,4,0,0,-1,0,0
2.5,5,4,0,0,-1,0,0
2.5,5,4,0,0,-1,0,0
2.5,5,4,0,0,-1,0,0
2.5,5,4,0,0,-1,0,0
2.5,5,4,0,0,-1,0,0
2.5,5,4,0,0,-1,0,0
2.5,5,4,0,0,-1,0,0
2.5,5,4,0,0,-1,0,0
2.5,5,4,0,0,-1,0,0
2.5,5,4,0,0,-1,0,0
2.5,5,4,0,0,-1,0,0
2.5,5,4,0,0,-1,0,0
2.5,5,4,0,0,-1,0,0
2.5,5,4,0,0,-1,0,0
2.5,5,4,0,0,-1,0,0
2.5,5,4,0,0,-1,0,0
2.5,5,4,0,0,-1,0,0
2.5,5,4,0,0,-1,0,0
2.5,5,4,0,0,-1,0,0
2.5,5,4,0,0,-1,0,0
2.5,5,4,0,0,-1,0,0
2.5,5,4,0,0,-1,0,0
2.5,5,4,0,0,-1,0,0
2.5,5,4,0,0,-1,0,0
2.5,5,4,0,0,-1,0,0
2.5,5,4,0,0,-1,0,0
2.5,5,4,0,0,-1,0,0
2.5,5,4,0,0,-1,0,0
2.5,5,4,0,0,-1,0,0
2.5,5,4,0,0,-1,0,0
2.5,5,4,0,0,-1,0,0
2.5,5,4,0,0,-1,0,0
2.5,5,4,0,0,-1,0,0
2.5,5,4,0,0,-1,0,0
2.5,5,4,0,0,-1,0,0
2.5,5,4,0,0,-1,0,0
2.5,5,4,0,0,-1,0,0
2.5,5,4,0,0,-1,0,0
2.5,5,4,0,0,-1,0,0
2.5,5,4,3.15863e-07,0.0272906,4,0,0
2.5,5,4,0,0,-1,0,0
2.5,5,4,0,0,-1,0,0
2.5,5,4,0,0,-1,0,0
2.5,5,4,0,0,-1,0,0
2.5,5,4,0,0,-1,0,0
2.5,5,4,0,0,-1,0,0
2.5,5,4,0,0,-1,0,0
2.5,5,4,0,0,-1,0,0
2.5,5,4,0,0,-1,0,0
2.5,5,4,4.51333e-07,0.0389952,4,0,0
2.5,5,4,0,0,-1,0,0
2.5,5,4,0,0,-1,0,0
2.5,5,4,0,0,-1,0,0
2.5,5,4,0,0,-1,0,0
2.5,5,4,0,0,-1,0,0
2.5,5,4,0,0,-1,0,0
2.5,5,4,0,0,-1,0,0
2.5,5,4,0,0,-1,0,0
2.5,5,4,0,0,-1,0,0
2.5,5,4,0,0,-1,0,0
2.5,5,4,0,0,-1,0,0
2.5,5,4,0,0,-1,0,0
2.5,5,4,0,0,-1,0,0
2.5,5,4,0,0,-1,0,0
2.5,5,4,0,0,-1,0,0
2.5,5,4,0,0,-1,0,0
2.5,5,4,4.50256e-07,0.0389021,4,0,0
2.5,5,4,0,0,-1,0,0
2.5,5,4,0,0,-1,0,0
2.5,5,4,4.45813e-07,0.0385183,4,0,0
2.5,5,4,0,0,-1,0,0
2.5,5,4,0,0,-1,0,0
2.5,5,4,0,0,-1,0,0
2.5,5,4,0,0,-1,0,0
2.5,5,4,0,0,-1,0,0
2.5,5,4,0,0,-1,0,0
2.5,5,4,0,0,-1,0,0
2.5,5,4,0,0,-1,0,0
2.5,5,4,0,0,-1,0,0
2.5,5,4,0,0,-1,0,0
2.5,5,4,0,0,-1,0,0
2.5,5,4,4.24511e-07,0.0366777,4,0,0
2.5,5,4,0,0,-1,0,0
2.5,5,4,0,0,-1,0,0
2.5,5,4,0,0,-1,0,0
2.5,5,4,0,0,-1,0,0
2.5,5,4,0,0,-1,0,0
2.5,5,4,0,0,-1,0,0
2.5,5,4,0,0,-1,0,0
2.5,5,4,0,0,-1,0,0
2.5,5,4,0,0,-1,0,0
2.5,5,4,0,0,-1,0,0
2.5,5,4,0,0,-1,0,0
2.5,5,4,0,0,-1,0,0
2.5,5,4,0,0,-1,0,0
2.5,5,4,0,0,-1,0,0
2.5,5,4,0,0,-1,0,0
2.5,5,4,0,0,-1,0,0
2.5,5,4,0,0,-1,0,0
2.5,5,4,0,0,-1,0,0
2.5,5,4,0,0,-1,0,0
2.5,5,4,0,0,-1,0,0
2.5,5,4,0,0,-1,0,0
2.5,5,4,0,0,-1,0,0
2.5,5,4,0,0,-1,0,0
2.5,5,4,0,0,-1,0,0
2.5,5,4,0,0,-1,0,0
2.5,5,4,0,0,-1,0,0
2.5,5,4,0,0,-1,0,0
2.5,5,4,0,0,-1,0,0
2.5,5,4,0,0,-1,0,0
2.5,5,4,0,0,-1,0,0
2.5,5,4,0,0,-1,0,0
2.5,5,4,0,0,-1,0,0
2.5,5,4,0,0,-1,0,0
2.5,5,4,0,0,-1,0,0
2.5,5,4,0,0,-1,0,0
2.5,5,4,0,0,-1,0,0
2.5,5,4,0,0,-1,0,0
2.5,5,4,0,0,-1,0,0
2.5,5,4,0,0,-1,0,0
2.5,5,4,0,0,-1,0,0
2.5,5,4,0,0,-1,0,0
2.5,5,4,0,0,-1,0,0
2.5,5,4,0,0,-1,0,0
2.5,5,4,0,0,-1,0,0
2.5,5,4,0,0,-1,0,0
2.5,5,4,0,0,-1,0,0
2.5,5,4,0,0,-1,0,0
2.5,5,4,0,0,-1,0,0
2.5,5,4,0,0,-1,0,0
2.5,5,4,0,0,-1,0,0
2.5,5,4,0,0,-1,0,0
2.5,5,4,0,0,-1,0,0
2.5,5,4,0,0,-1,0,0
2.5,5,4,0,0,-1,0,0
2.5,5,4,0,0,-1,0,0
2.5,5,4,0,0,-1,0,0
2.5,5,4,0,0,-1,0,0
2.5,5,4,0,0,-1,0,0
2.5,5,4,0,0,-1,0,0
2.5,5,4,0,0,-1,0,0
2.5,5,4,0,0,-1,0,0
2.5,5,4,0,0,-1,0,0
2.5,5,4,0,0,-1,0,0
2.5,5,4,0,0,-1,0,0
2.5,5,4,0,0,-1,0,0
2.5,5,4,0,0,-1,0,0
2.5,5,4,0,0,-1,0,0
2.5,5,4,0,0,-1,0,0
2.5,5,4,0,0,-1,0,0
2.5,5,4,0,0,-1,0,0
2.5,5,4,0,0,-1,0,0
2.5,5,4,0,0,-1,0,0
2.5,5,4,0,0,-1,0,0
2.5,5,4,0,0,-1,0,0
2.5,5,4,0,0,-1,0,0
2.5,5,4,0,0,-1,0,0
2.5,5,4,0,0,-1,0,0
2.5,5,4,0,0,-1,0,0
2.5,5,4,0,0,-1,0,0
2.5,5,4,0,0,-1,0,0
2.5,5,4,0,0,-1,0,0
2.5,5,4,0,0,-1,0,0
2.5,5,4,0,0,-1,0,0
2.5,5,4,0,0,-1,0,0
2.5,5,4,0,0,-1,0,0
2.5,5,4,0,0,-1,0,0
2.5,5,4,0,0,-1,0,0
2.5,5,4,0,0,-1,0,0
2.5,5,4,0,0,-1,0,0
2.5,5,4,0,0,-1,0,0
2.5,5,4,0,0,-1,0,0
2.5,5,4,0,0,-1,0,0
2.5,5,4,0,0,-1,0,0
2.5,5,4,0,0,-1,0,0
2.5,5,4,0,0,-1,0,0
2.5,5,4,0,0,-1,0,0
2.5,5,4,0,0,-1,0,0
2.5,5,4,0,0,-1,0,0
2.5,5,4,0,0,-1,0,0
2.5,5,4,0,0,-1,0,0
2.5,5,4,0,0,-1,0,0
2.5,5,4,0,0,-1,0,0
2.5,5,4,0,0,-1,0,0
2.5,5,4,0,0,-1,0,0
2.5,5,4,0,0,-1,0,0
2.5,5,4,0,0,-1,0,0
2.5,5,4,0,0,-1,0,0
2.5,5,4,0,0,-1,0,0
2.5,5,4,0,0,-1,0,0
2.5,5,4,0,0,-1,0,0
2.5,5,4,0,0,-1,0,0
2.5,5,4,0,0,-1,0,0
2.5,5,4,0,0,-1,0,0
2.5,5,4,0,0,-1,0,0
2.5,5,4,0,0,-1,0,0
2.5,5,4,0,0,-1,0,0
2.5,5,4,0,0,-1,0,0
2.5,5,4,0,0,-1,0,0
2.5,5,4,0,0,-1,0,0
2.5,5,4,0,0,-1,0,0
2.5,5,4,0,0,-1,0,0
2.5,5,4,0,0,-1,0,0
2.5,5,4,0,0,-1,0,0
2.5,5,4,0,0,-1,0,0
2.5,5,4,0,0,-1,0,0
2.5,5,4,0,0,-1,0,0
2.5,5,4,0,0,-1,0,0
2.5,5,4,0,0,-1,0,0
2.5,5,4,0,0,-1,0,0
2.5,5,4,0,0,-1,0,0
2.5,5,4,0,0,-1,0,0
2.5,5,4,0,0,-1,0,0
2.5,5,4,0,0,-1,0,0
2.5,5,4,0,0,-1,0,0
2.5,5,4,0,0,-1,0,0
2.5,5,4,4.5058e-07,0.0389301,4,0,0
2.5,5,4,0,0,-1,0,0
2.5,5,4,0,0,-1,0,0
2.5,5,4,0,0,-1,0,0
2.5,5,4,0,0,-1,0,0
2.5,5,4,0,0,-1,0,0
2.5,5,4,0,0,-1,0,0
2.5,5,4,0,0,-1,0,0
2.5,5,4,0,0,-1,0,0
2.5,5,4,0,0,-1,0,0
2.5,5,4,0,0,-1,0,0
2.5,5,4,0,0,-1,0,0
2.5,5,4,0,0,-1,0,0
2.5,5,4,0,0,-1,0,0
2.5,5,4,0,0,-1,0,0
2.5,5,4,0,0,-1,0,0
2.5,5,4,0,0,-1,0,0
2.5,5,4,0,0,-1,0,0
2.5,5,4,0,0,-1,0,0
2.5,5,4,0,0,-1,0,0
2.5,5,4,0,0,-1,0,0
2.5,5,4,0,0,-1,0,0
2.5,5,4,0,0,-1,0,0
2.5,5,4,0,0,-1,0,0
2.5,5,4,0,0,-1,0,0
2.5,5,4,0,0,-1,0,0
2.5,5,4,0,0,-1,0,0
2.5,5,4,0,0,-1,0,0
2.5,5,4,0,0,-1,0,0
2.5,5,4,0,0,-1,0,0
2.5,5,4,0,0,-1,0,0
2.5,5,4,0,0,-1,0,0
2.5,5,4,0,0,-1,0,0
2.5,5,4,0,0,-1,0,0
2.5,5,4,0,0,-1,0,0
2.5,5,4,0,0,-1,0,0
2.5,5,4,0,0,-1,0,0
2.5,5,4,0,0,-1,0,0
2.5,5,4,0,0,-1,0,0
2.5,5,4,0,0,-1,0,0
2.5,5,4,0,0,-1,0,0
2.5,5,4,4.37567e-07,0.0378058,4,0,0
2.5,5,4,0,0,-1,0,0
2.5,5,4,0,0,-1,0,0
2.5,5,4,0,0,-1,0,0
2.5,5,4,0,0,-1,0,0
2.5,5,4,0,0,-1,0,0
2.5,5,4,0,0,-1,0,0
2.5,5,4,0,0,-1,0,0
2.5,5,4,0,0,-1,0,0
2.5,5,4,0,0,-1,0,0
2.5,5,4,4.36728e-07,0.0377333,4,0,0
2.5,5,4,0,0,-1,0,0
2.5,5,4,0,0,-1,0,0
2.5,5,4,0,0,-1,0,0
2.5,5,4,0,0,-1,0,0
2.5,5,4,0,0,-1,0,0
2.5,5,4,0,0,-1,0,0
2.5,5,4,0,0,-1,0,0
2.5,5,4,0,0,-1,0,0
2.5,5,4,0,0,-1,0,0
2.5,5,4,0,0,-1,0,0
2.5,5,4,0,0,-1,0,0
2.5,5,4,0,0,-1,0,0
2.5,5,4,0,0,-1,0,0
2.5,5,4,0,0,-1,0,0
2.5,5,4,0,0,-1,0,0
2.5,5,4,0,0,-1,0,0
2.5,5,4,0,0,-1,0,0
2.5,5,4,0,0,-1,0,0
2.5,5,4,0,0,-1,0,0
2.5,5,4,0,0,-1,0,0
2.5,5,4,0,0,-1,0,0
2.5,5,4,0,0,-1,0,0
2.5,5,4,0,0,-1,0,0
2.5,5,4,0,0,-1,0,0
2.5,5,4,0,0,-1,0,0
2.5,5,4,0,0,-1,0,0
2.5,5,4,0,0,-1,0,0
2.5,5,4,0,0,-1,0,0
2.5,5,4,0,0,-1,0,0
2.5,5,4,0,0,-1,0,0
2.5,5,4,0,0,-1,0,0
2.5,5,4,0,0,-1,0,0
2.5,5,4,0,0,-1,0,0
2.5,5,4,0,0,-1,0,0
2.5,5,4,0,0,-1,0,0
2.5,5,4,0,0,-1,0,0
2.5,5,4,0,0,-1,0,0
2.5,5,4,0,0,-1,0,0
2.5,5,4,3.03122e-07,0.0261897,4,0,0
2.5,5,4,0,0,-1,0,0
2.5,5,4,0,0,-1,0,0
2.5,5,4,0,0,-1,0,0
2.5,5,4,0,0,-1,0,0
2.5,5,4,0,0,-1,0,0
2.5,5,4,0,0,-1,0,0
2.5,5,4,0,0,-1,0,0
2.5,5,4,0,0,-1,0,0
2.5,5,4,0,0,-1,0,0
2.5,5,4,0,0,-1,0,0
2.5,5,4,0,0,-1,0,0
2.5,5,4,0,0,-1,0,0
2.5,5,4,0,0,-1,0,0
2.5,5,4,0,0,-1,0,0
2.5,5,4,0,0,-1,0,0
2.5,5,4,0,0,-1,0,0
2.5,5,4,0,0,-1,0,0
2.5,5,4,0,0,-1,0,0
2.5,5,4,0,0,-1,0,0
2.5,5,4,0,0,-1,0,0
2.5,5,4,0,0,-1,0,0
2.5,5,4,0,0,-1,0,0
2.5,5,4,0,0,-1,0,0
2.5,5,4,0,0,-1,0,0
2.5,5,4,0,0,-1,0,0
2.5,5,4,0,0,-1,0,0
2.5,5,4,0,0,-1,0,0
2.5,5,4,0,0,-1,0,0
2.5,5,4,0,0,-1,0,0
2.5,5,4,0,0,-1,0,0
2.5,5,4,0,0,-1,0,0
2.5,5,4,0,0,-1,0,0
2.5,5,4,0,0,-1,0,0
2.5,5,4,0,0,-1,0,0
2.5,5,4,0,0,-1,0,0
2.5,5,4,0,0,-1,0,0
2.5,5,4,0,0,-1,0,0
2.5,5,4,0,0,-1,0,0
2.5,5,4,0,0,-1,0,0
2.5,5,4,0,0,-1,0,0
2.5,5,4,0,0,-1,0,0
2.5,5,4,0,0,-1,0,0
2.5,5,4,0,0,-1,0,0
2.5,5,4,0,0,-1,0,0
2.5,5,4,0,0,-1,0,0
2.5,5,4,0,0,-1,0,0
2.5,5,4,0,0,-1,0,0
2.5,5,4,0,0,-1,0,0
2.5,5,4,0,0,-1,0,0
2.5,5,4,0,0,-1,0,0
2.5,5,4,0,0,-1,0,0
2.5,5,4,0,0,-1,0,0
2.5,5,4,0,0,-1,0,0
2.5,5,4,4.31971e-07,0.0373223,4,0,0
2.5,5,4,0,0,-1,0,0
2.5,5,4,0,0,-1,0,0
2.5,5,4,0,0,-1,0,0
2.5,5,4,0,0,-1,0,0
2.5,5,4,0,0,-1,0,0
2.5,5,4,0,0,-1,0,0
2.5,5,4,0,0,-1,0,0
2.5,5,4,0,0,-1,0,0
2.5,5,4,0,0,-1,0,0
2.5,5,4,0,0,-1,0,0
2.5,5,4,0,0,-1,0,0
2.5,5,4,0,0,-1,0,0
2.5,5,4,0,0,-1,0,0
2.5,5,4,2.74497e-07,0.0237165,4,0,0
2.5,5,4,0,0,-1,0,0
2.5,5,4,0,0,-1,0,0
2.5,5,4,0,0,-1,0,0
2.5,5,4,0,0,-1,0,0
2.5,5,4,0,0,-1,0,0
2.5,5,4,4.311e-07,0.037247,4,0,0
2.5,5,4,0,0,-1,0,0
2.5,5,4,0,0,-1,0,0
2.5,5,4,0,0,-1,0,0
2.5,5,4,0,0,-1,0,0
2.5,5,4,0,0,-1,0,0
2.5,5,4,0,0,-1,0,0
2.5,5,4,0,0,-1,0,0
2.5,5,4,0,0,-1,0,0
2.5,5,4,0,0,-1,0,0
2.5,5,4,0,0,-1,0,0
2.5,5,4,0,0,-1,0,0
2.5,5,4,4.29648e-07,0.0371216,4,0,0
2.5,5,4,0,0,-1,0,0
2.5,5,4,0,0,-1,0,0
2.5,5,4,0,0,-1,0,0
2.5,5,4,0,0,-1,0,0
2.5,5,4,0,0,-1,0,0
2.5,5,4,0,0,-1,0,0
2.5,5,4,0,0,-1,0,0
2.5,5,4,4.50214e-07,0.0388985,4,0,0
2.5,5,4,0,0,-1,0,0
2.5,5,4,1.07246e-07,0.00926603,4,0,0
2.5,5,4,0,0,-1,0,0
2.5,5,4,0,0,-1,0,0
2.5,5,4,0,0,-1,0,0
2.5,5,4,0,0,-1,0,0
2.5,5,4,4.52311e-07,0.0390797,4,0,0
2.5,5,4,0,0,-1,0,0
2.5,5,4,0,0,-1,0,0
2.5,5,4,4.52292e-07,0.039078,4,0,0
2.5,5,4,0,0,-1,0,0
2.5,5,4,0,0,-1,0,0
2.5,5,4,0,0,-1,0,0
2.5,5,4,0,0,-1,0,0
2.5,5,4,3.71848e-07,0.0321277,4,0,0
2.5,5,4,0,0,-1,0,0
2.5,5,4,0,0,-1,0,0
2.5,5,4,0,0,-1,0,0
2.5,5,4,0,0,-1,0,0
2.5,5,4,2.18997e-07,0.0189213,4,0,0
2.5,5,4,0,0,-1,0,0
2.5,5,4,0,0,-1,0,0
2.5,5,4,3.7577e-07,0.0324665,4,0,0
2.5,5,4,0,0,-1,0,0
2.5,5,4,0,0,-1,0,0
2.5,5,4,0,0,-1,0,0
2.5,5,4,0,0,-1,0,0
2.5,5,4,0,0,-1,0,0
2.5,5,4,0,0,-1,0,0
2.5,5,4,3.10143e-07,0.0267964,4,0,0
2.5,5,4,0,0,-1,0,0
2.5,5,4,0,0,-1,0,0
2.5,5,4,0,0,-1,0,0
2.5,5,4,0,0,-1,0,0
2.5,5,4,0,0,-1,0,0
2.5,5,4,0,0,-1,0,0
2.5,5,4,0,0,-1,0,0
2.5,5,4,0,0,-1,0,0
2.5,5,4,0,0,-1,0,0
2.5,5,4,0,0,-1,0,0
2.5,5,4,0,0,-1,0,0
2.5,5,4,0,0,-1,0,0
2.5,5,4,0,0,-1,0,0
2.5,5,4,0,0,-1,0,0
2.5,5,4,0,0,-1,0,0
2.5,5,4,0,0,-1,0,0
2.5,5,4,0,0,-1,0,0
2.5,5,4,0,0,-1,0,0
2.5,5,4,0,0,-1,0,0
2.5,5,4,0,0,-1,0,0
2.5,5,4,0,0,-1,0,0
2.5,5,4,0,0,-1,0,0
2.5,5,4,0,0,-1,0,0
2.5,5,4,0,0,-1,0,0
2.5,5,4,0,0,-1,0,0
2.5,5,4,0,0,-1,0,0
2.5,5,4,4.52185e-07,0.0390688,4,0,0
2.5,5,4,0,0,-1,0,0
2.5,5,4,0,0,-1,0,0
2.5,5,4,0,0,-1,0,0
2.5,5,4,0,0,-1,0,0
2.5,5,4,0,0,-1,0,0
2.5,5,4,0,0,-1,0,0
2.5,5,4,0,0,-1,0,0
2.5,5,4,0,0,-1,0,0
2.5,5,4,0,0,-1,0,0
2.5,5,4,0,0,-1,0,0
2.5,5,4,0,0,-1,0,0
2.5,5,4,0,0,-1,0,0
2.5,5,4,0,0,-1,0,0
2.5,5,4,0,0,-1,0,0
2.5,5,4,0,0,-1,0,0
2.5,5,4,4.52193e-07,0.0390694,4,0,0
2.5,5,4,0,0,-1,0,0
2.5,5,4,0,0,-1,0,0
2.5,5,4,0,0,-1,0,0
2.5,5,4,0,0,-1,0,0
2.5,5,4,0,0,-1,0,0
2.5,5,4,0,0,-1,0,0
2.5,5,4,0,0,-1,0,0
2.5,5,4,0,0,-1,0,0
2.5,5,4,0,0,-1,0,0
2.5,5,4,0,0,-1,0,0
2.5,5,4,0,0,-1,0,0
2.5,5,4,0,0,-1,0,0
2.5,5,4,0,0,-1,0,0
2.5,5,4,0,0,-1,0,0
2.5,5,4,0,0,-1,0,0
2.5,5,4,0,0,-1,0,0
2.5,5,4,0,0,-1,0,0
2.5,5,4,0,0,-1,0,0
2.5,5,4,0,0,-1,0,0
2.5,5,4,0,0,-1,0,0
2.5,5,4,0,0,-1,0,0
2.5,5,4,0,0,-1,0,0
2.5,5,4,0,0,-1,0,0
2.5,5,4,0,0,-1,0,0
2.5,5,4,0,0,-1,0,0
2.5,5,4,0,0,-1,0,0
2.5,5,4,0,0,-1,0,0
2.5,5,4,0,0,-1,0,0
2.5,5,4,0,0,-1,0,0
2.5,5,4,0,0,-1,0,0
2.5,5,4,0,0,-1,0,0
2.5,5,4,0,0,-1,0,0
2.5,5,4,0,0,-1,0,0
2.5,5,4,0,0,-1,0,0
2.5,5,4,0,0,-1,0,0
2.5,5,4,0,0,-1,0,0
2.5,5,4,0,0,-1,0,0
2.5,5,4,0,0,-1,0,0
2.5,5,4,0,0,-1,0,0
2.5,5,4,0,0,-1,0,0
2.5,5,4,0,0,-1,0,0
2.5,5,4,0,0,-1,0,0
2.5,5,4,0,0,-1,0,0
2.5,5,4,0,0,-1,0,0
2.5,5,4,0,0,-1,0,0
2.5,5,4,0,0,-1,0,0
2.5,5,4,0,0,-1,0,0
2.5,5,4,0,0,-1,0,0
2.5,5,4,0,0,-1,0,0
2.5,5,4,0,0,-1,0,0
2.5,5,4,0,0,-1,0,0
2.5,5,4,0,0,-1,0,0
2.5,5,4,0,0,-1,0,0
2.5,5,4,0,0,-1,0,0
2.5,5,4,0,0,-1,0,0
2.5,5,4,0,0,-1,0,0
2.5,5,4,0,0,-1,0,0
2.5,5,4,0,0,-1,0,0
2.5,5,4,0,0,-1,0,0
2.5,5,4,0,0,-1,0,0
2.5,5,4,0,0,-1,0,0
2.5,5,4,0,0,-1,0,0
2.5,5,4,0,0,-1,0,0
2.5,5,4,0,0,-1,0,0
2.5,5,4,0,0,-1,0,0
2.5,5,4,0,0,-1,0,0
2.5,5,4,0,0,-1,0,0
2.5,5,4,0,0,-1,0,0
2.5,5,4,0,0,-1,0,0
2.5,5,4,0,0,-1,0,0
2.5,5,4,0,0,-1,0,0
2.5,5,4,0,0,-1,0,0
2.5,5,4,0,0,-1,0,0
2.5,5,4,0,0,-1,0,0
2.5,5,4,0,0,-1,0,0
2.5,5,4,0,0,-1,0,0
2.5,5,4,0,0,-1,0,0
2.5,5,4,0,0,-1,0,0
2.5,5,4,0,0,-1,0,0
2.5,5,4,0,0,-1,0,0
2.5,5,4,0,0,-1,0,0
2.5,5,4,0,0,-1,0,0
2.5,5,4,0,0,-1,0,0
2.5,5,4,0,0,-1,0,0
2.5,5,4,0,0,-1,0,0
2.5,5,4,0,0,-1,0,0
2.5,5,4,0,0,-1,0,0
2.5,5,4,0,0,-1,0,0
2.5,5,4,0,0,-1,0,0
2.5,5,4,0,0,-1,0,0
2.5,5,4,0,0,-1,0,0
2.5,5,4,0,0,-1,0,0
2.5,5,4,0,0,-1,0,0
2.5,5,4,0,0,-1,0,0
2.5,5,4,0,0,-1,0,0
2.5,5,4,0,0,-1,0,0
2.5,5,4,0,0,-1,0,0
2.5,5,4,0,0,-1,0,0
2.5,5,4,0,0,-1,0,0
2.5,5,4,0,0,-1,0,0
2.5,5,4,0,0,-1,0,0
2.5,5,4,0,0,-1,0,0
2.5,5,4,0,0,-1,0,0
2.5,5,4,0,0,-1,0,0
2.5,5,4,3.73735e-07,0.0322907,4,0,0
2.5,5,4,0,0,-1,0,0
2.5,5,4,4.19922e-07,0.0362813,4,0,0
2.5,5,4,0,0,-1,0,0
2.5,5,4,0,0,-1,0,0
2.5,5,4,0,0,-1,0,0
2.5,5,4,0,0,-1,0,0
2.5,5,4,0,0,-1,0,0
2.5,5,4,0,0,-1,0,0
2.5,5,4,0,0,-1,0,0
2.5,5,4,0,0,-1,0,0
2.5,5,4,0,0,-1,0,0
2.5,5,4,0,0,-1,0,0
2.5,5,4,0,0,-1,0,0
2.5,5,4,0,0,-1,0,0
2.5,5,4,0,0,-1,0,0
2.5,5,4,0,0,-1,0,0
2.5,5,4,0,0,-1,0,0
2.5,5,4,0,0,-1,0,0
2.5,5,4,0,0,-1,0,0
2.5,5,4,0,0,-1,0,0
2.5,5,4,0,0,-1,0,0
2.5,5,4,0,0,-1,0,0
2.5,5,4,0,0,-1,0,0
2.5,5,4,0,0,-1,0,0
2.5,5,4,0,0,-1,0,0
2.5,5,4,0,0,-1,0,0
2.5,5,4,0,0,-1,0,0
2.5,5,4,0,0,-1,0,0
2.5,5,4,0,0,-1,0,0
2.5,5,4,0,0,-1,0,0
2.5,5,4,0,0,-1,0,0
2.5,5,4,0,0,-1,0,0
2.5,5,4,0,0,-1,0,0
2.5,5,4,0,0,-1,0,0
2.5,5,4,0,0,-1,0,0
2.5,5,4,0,0,-1,0,0
2.5,5,4,0,0,-1,0,0
2.5,5,4,0,0,-1,0,0
2.5,5,4,0,0,-1,0,0
2.5,5,4,0,0,-1,0,0
2.5,5,4,0,0,-1,0,0
2.5,5,4,0,0,-1,0,0
2.5,5,4,0,0,-1,0,0
2.5,5,4,0,0,-1,0,0
2.5,5,4,0,0,-1,0,0
2.5,5,4,0,0,-1,0,0
2.5,5,4,0,0,-1,0,0
2.5,5,4,0,0,-1,0,0
2.5,5,4,3.51807e-07,0.0303961,4,0,0
2.5,5,4,0,0,-1,0,0
2.5,5,4,0,0,-1,0,0
2.5,5,4,0,0,-1,0,0
2.5,5,4,0,0,-1,0,0
2.5,5,4,0,0,-1,0,0
2.5,5,4,0,0,-1,0,0
2.5,5,4,0,0,-1,0,0
2.5,5,4,0,0,-1,0,0
2.5,5,4,0,0,-1,0,0
2.5,5,4,0,0,-1,0,0
2.5,5,4,0,0,-1,0,0
2.5,5,4,0,0,-1,0,0
2.5,5,4,0,0,-1,0,0
2.5,5,4,0,0,-1,0,0
2.5,5,4,0,0,-1,0,0
2.5,5,4,0,0,-1,0,0
2.5,5,4,0,0,-1,0,0
2.5,5,4,0,0,-1,0,0
2.5,5,4,0,0,-1,0,0
2.5,5,4,0,0,-1,0,0
2.5,5,4,0,0,-1,0,0
2.5,5,4,0,0,-1,0,0
2.5,5,4,0,0,-1,0,0
2.5,5,4,0,0,-1,0,0
2.5,5,4,0,0,-1,0,0
2.5,5,4,0,0,-1,0,0
2.5,5,4,0,0,-1,0,0
2.5,5,4,0,0,-1,0,0
2.5,5,4,0,0,-1,0,0
2.5,5,4,0,0,-1,0,0
2.5,5,4,4.43284e-07,0.0382997,4,0,0
2.5,5,4,0,0,-1,0,0
2.5,5,4,0,0,-1,0,0
2.5,5,4,0,0,-1,0,0
2.5,5,4,0,0,-1,0,0
2.5,5,4,0,0,-1,0,0
2.5,5,4,0,0,-1,0,0
2.5,5,4,0,0,-1,0,0
2.5,5,4,0,0,-1,0,0
2.5,5,4,0,0,-1,0,0
2.5,5,4,0,0,-1,0,0
2.5,5,4,0,0,-1,0,0
2.5,5,4,0,0,-1,0,0
2.5,5,4,0,0,-1,0,0
2.5,5,4,0,0,-1,0,0
2.5,5,4,0,0,-1,0,0
2.5,5,4,0,0,-1,0,0
2.5,5,4,0,0,-1,0,0
2.5,5,4,0,0,-1,0,0
2.5,5,4,0,0,-1,0,0
2.5,5,4,0,0,-1,0,0
2.5,5,4,0,0,-1,0,0
2.5,5,4,0,0,-1,0,0
2.5,5,4,0,0,-1,0,0
2.5,5,4,0,0,-1,0,0
2.5,5,4,0,0,-1,0,0
2.5,5,4,0,0,-1,0,0
2.5,5,4,3.51863e-07,0.0304009,4,0,0
2.5,5,4,0,0,-1,0,0
2.5,5,4,2.00562e-07,0.0173286,4,0,0
2.5,5,4,0,0,-1,0,0
2.5,5,4,3.16127e-08,0.00273134,4,0,0
2.5,5,4,0,0,-1,0,0
2.5,5,4,0,0,-1,0,0
2.5,5,4,0,0,-1,0,0
2.5,5,4,0,0,-1,0,0
2.5,5,4,0,0,-1,0,0
2.5,5,4,0,0,-1,0,0
2.5,5,4,0,0,-1,0,0
2.5,5,4,0,0,-1,0,0
2.5,5,4,0,0,-1,0,0
2.5,5,4,0,0,-1,0,0
2.5,5,4,0,0,-1,0,0
2.5,5,4,0,0,-1,0,0
2.5,5,4,0,0,-1,0,0
2.5,5,4,0,0,-1,0,0
2.5,5,4,0,0,-1,0,0
2.5,5,4,0,0,-1,0,0
2.5,5,4,0,0,-1,0,0
2.5,5,4,0,0,-1,0,0
2.5,5,4,4.52171e-07,0.0390676,4,0,0
2.5,5,4,0,0,-1,0,0
2.5,5,4,0,0,-1,0,0
2.5,5,4,0,0,-1,0,0
2.5,5,4,0,0,-1,0,0
2.5,5,4,0,0,-1,0,0
2.5,5,4,0,0,-1,0,0
2.5,5,4,0,0,-1,0,0
2.5,5,4,0,0,-1,0,0
2.5,5,4,0,0,-1,0,0
2.5,5,4,0,0,-1,0,0
2.5,5,4,4.52224e-07,0.0390721,4,0,0
2.5,5,4,0,0,-1,0,0
2.5,5,4,0,0,-1,0,0
2.5,5,4,0,0,-1,0,0
2.5,5,4,0,0,-1,0,0
2.5,5,4,0,0,-1,0,0
2.5,5,4,0,0,-1,0,0
2.5,5,4,0,0,-1,0,0
2.5,5,4,0,0,-1,0,0
2.5,5,4,0,0,-1,0,0
2.5,5,4,0,0,-1,0,0
2.5,5,4,0,0,-1,0,0
2.5,5,4,0,0,-1,0,0
2.5,5,4,0,0,-1,0,0
2.5,5,4,0,0,-1,0,0
2.5,5,4,0,0,-1,0,0
2.5,5,4,0,0,-1,0,0
2.5,5,4,0,0,-1,0,0
2.5,5,4,0,0,-1,0,0
2.5,5,4,0,0,-1,0,0
2.5,5,4,0,0,-1,0,0
2.5,5,4,0,0,-1,0,0
2.5,5,4,0,0,-1,0,0
2.5,5,4,0,0,-1,0,0
2.5,5,4,0,0,-1,0,0
2.5,5,4,0,0,-1,0,0
2.5,5,4,0,0,-1,0,0
2.5,5,4,0,0,-1,0,0
2.5,5,4,0,0,-1,0,0
2.5,5,4,0,0,-1,0,0
2.5,5,4,0,0,-1,0,0
2.5,5,4,0,0,-1,0,0
2.5,5,4,0,0,-1,0,0
2.5,5,4,0,0,-1,0,0
2.5,5,4,0,0,-1,0,0
2.5,5,4,0,0,-1,0,0
2.5,5,4,0,0,-1,0,0
2.5,5,4,0,0,-1,0,0
2.5,5,4,0,0,-1,0,0
2.5,5,4,0,0,-1,0,0
2.5,5,4,0,0,-1,0,0
2.5,5,4,0,0,-1,0,0
2.5,5,4,2.76666e-07,0.0239039,4,0,0
2.5,5,4,0,0,-1,0,0
2.5,5,4,0,0,-1,0,0
2.5,5,4,0,0,-1,0,0
2.5,5,4,0,0,-1,0,0
2.5,5,4,0,0,-1,0,0
2.5,5,4,0,0,-1,0,0
2.5,5,4,0,0,-1,0,0
2.5,5,4,0,0,-1,0,0
2.5,5,4,4.50605e-07,0.0389323,4,0,0
2.5,5,4,0,0,-1,0,0
2.5,5,4,0,0,-1,0,0
2.5,5,4,0,0,-1,0,0
2.5,5,4,0,0,-1,0,0
2.5,5,4,3.85192e-07,0.0332806,4,0,0
2.5,5,4,0,0,-1,0,0
2.5,5,4,0,0,-1,0,0
2.5,5,4,0,0,-1,0,0
2.5,5,4,0,0,-1,0,0
2.5,5,4,0,0,-1,0,0
2.5,5,4,0,0,-1,0,0
2.5,5,4,0,0,-1,0,0
2.5,5,4,0,0,-1,0,0
2.5,5,4,0,0,-1,0,0
2.5,5,4,0,0,-1,0,0
2.5,5,4,0,0,-1,0,0
2.5,5,4,0,0,-1,0,0
2.5,5,4,4.29321e-07,0.0370934,4,0,0
2.5,5,4,0,0,-1,0,0
2.5,5,4,0,0,-1,0,0
2.5,5,4,0,0,-1,0,0
2.5,5,4,0,0,-1,0,0
2.5,5,4,0,0,-1,0,0
2.5,5,4,0,0,-1,0,0
2.5,5,4,0,0,-1,0,0
2.5,5,4,0,0,-1,0,0
2.5,5,4,0,0,-1,0,0
2.5,5,4,0,0,-1,0,0
2.5,5,4,0,0,-1,0,0
2.5,5,4,0,0,-1,0,0
2.5,5,4,0,0,-1,0,0
2.5,5,4,0,0,-1,0,0
2.5,5,4,0,0,-1,0,0
2.5,5,4,0,0,-1,0,0
2.5,5,4,0,0,-1,0,0
2.5,5,4,0,0,-1,0,0
2.5,5,4,0,0,-1,0,0
2.5,5,4,0,0,-1,0,0
2.5,5,4,0,0,-1,0,0
2.5,5,4,0,0,-1,0,0
2.5,5,4,3.3413e-07,0.0288688,4,0,0
2.5,5,4,0,0,-1,0,0
2.5,5,4,0,0,-1,0,0
2.5,5,4,0,0,-1,0,0
2.5,5,4,0,0,-1,0,0
2.5,5,4,0,0,-1,0,0
2.5,5,4,4.52294e-07,0.0390782,4,0,0
2.5,5,4,0,0,-1,0,0
2.5,5,4,0,0,-1,0,0
2.5,5,4,0,0,-1,0,0
2.5,5,4,0,0,-1,0,0
2.5,5,4,0,0,-1,0,0
2.5,5,4,0,0,-1,0,0
2.5,5,4,0,0,-1,0,0
2.5,5,4,0,0,-1,0,0
2.5,5,4,0,0,-1,0,0
2.5,5,4,0,0,-1,0,0
2.5,5,4,0,0,-1,0,0
2.5,5,4,0,0,-1,0,0
2.5,5,4,0,0,-1,0,0
2.5,5,4,0,0,-1,0,0
2.5,5,4,0,0,-1,0,0
2.5,5,4,0,0,-1,0,0
2.5,5,4,0,0,-1,0,0
2.5,5,4,0,0,-1,0,0
2.5,5,4,4.50729e-07,0.038943,4,0,0
2.5,5,4,0,0,-1,0,0
2.5,5,4,0,0,-1,0,0
2.5,5,4,0,0,-1,0,0
2.5,5,4,0,0,-1,0,0
2.5,5,4,0,0,-1,0,0
2.5,5,4,0,0,-1,0,0
2.5,5,4,0,0,-1,0,0
2.5,5,4,0,0,-1,0,0
2.5,5,4,0,0,-1,0,0
2.5,5,4,0,0,-1,0,0
2.5,5,4,0,0,-1,0,0
2.5,5,4,0,0,-1,0,0
2.5,5,4,0,0,-1,0,0
2.5,5,4,0,0,-1,0,0
2.5,5,4,0,0,-1,0,0
2.5,5,4,0,0,-1,0,0
2.5,5,4,0,0,-1,0,0
2.5,5,4,0,0,-1,0,0
2.5,5,4,0,0,-1,0,0
2.5,5,4,0,0,-1,0,0
2.5,5,4,0,0,-1,0,0
2.5,5,4,0,0,-1,0,0
2.5,5,4,0,0,-1,0,0
2.5,5,4,0,0,-1,0,0
2.5,5,4,0,0,-1,0,0
2.5,5,4,0,0,-1,0,0
2.5,5,4,0,0,-1,0,0
2.5,5,4,0,0,-1,0,0
2.5,5,4,0,0,-1,0,0
2.5,5,4,0,0,-1,0,0
2.5,5,4,0,0,-1,0,0
2.5,5,4,0,0,-1,0,0
2.5,5,4,0,0,-1,0,0
2.5,5,4,0,0,-1,0,0
2.5,5,4,0,0,-1,0,0
2.5,5,4,0,0,-1,0,0
2.5,5,4,0,0,-1,0,0
2.5,5,4,0,0,-1,0,0
2.5,5,4,0,0,-1,0,0
2.5,5,4,0,0,-1,0,0
2.5,5,4,0,0,-1,0,0
2.5,5,4,0,0,-1,0,0
2.5,5,4,0,0,-1,0,0
2.5,5,4,0,0,-1,0,0
2.5,5,4,0,0,-1,0,0
2.5,5,4,0,0,-1,0,0
2.5,5,4,0,0,-1,0,0
2.5,5,4,0,0,-1,0,0
2.5,5,4,0,0,-1,0,0
2.5,5,4,0,0,-1,0,0
2.5,5,4,0,0,-1,0,0
2.5,5,4,0,0,-1,0,0
2.5,5,4,0,0,-1,0,0
2.5,5,4,0,0,-1,0,0
2.5,5,4,0,0,-1,0,0
2.5,5,4,0,0,-1,0,0
2.5,5,4,0,0,-1,0,0
2.5,5,4,0,0,-1,0,0
2.5,5,4,0,0,-1,0,0
2.5,5,4,0,0,-1,0,0
2.5,5,4,0,0,-1,0,0
2.5,5,4,0,0,-1,0,0
2.5,5,4,0,0,-1,0,0
2.5,5,4,0,0,-1,0,0
2.5,5,4,0,0,-1,0,0
2.5,5,4,0,0,-1,0,0
2.5,5,4,0,0,-1,0,0
2.5,5,4,0,0,-1,0,0
2.5,5,4,0,0,-1,0,0
2.5,5,4,0,0,-1,0,0
2.5,5,4,0,0,-1,0,0
2.5,5,4,0,0,-1,0,0
2.5,5,4,0,0,-1,0,0
2.5,5,4,0,0,-1,0,0
2.5,5,4,0,0,-1,0,0
2.5,5,4,0,0,-1,0,0
2.5,5,4,0,0,-1,0,0
2.5,5,4,0,0,-1,0,0
2.5,5,4,0,0,-1,0,0
2.5,5,4,0,0,-1,0,0
2.5,5,4,0,0,-1,0,0
2.5,5,4,0,0,-1,0,0
2.5,5,4,0,0,-1,0,0
2.5,5,4,0,0,-1,0,0
2.5,5,4,0,0,-1,0,0
2.5,5,4,0,0,-1,0,0
2.5,5,4,0,0,-1,0,0
2.5,5,4,0,0,-1,0,0
2.5,5,4,0,0,-1,0,0
2.5,5,4,0,0,-1,0,0
2.5,5,4,0,0,-1,0,0
2.5,5,4,0,0,-1,0,0
2.5,5,4,0,0,-1,0,0
2.5,5,4,0,0,-1,0,0
2.5,5,4,0,0,-1,0,0
2.5,5,4,0,0,-1,0,0
2.5,5,4,0,0,-1,0,0
2.5,5,4,0,0,-1,0,0
2.5,5,4,0,0,-1,0,0
2.5,5,4,0,0,-1,0,0
2.5,5,4,0,0,-1,0,0
2.5,5,4,0,0,-1,0,0
2.5,5,4,0,0,-1,0,0
2.5,5,4,0,0,-1,0,0
2.5,5,4,0,0,-1,0,0
2.5,5,4,0,0,-1,0,0
2.5,5,4,0,0,-1,0,0
2.5,5,4,0,0,-1,0,0
2.5,5,4,0,0,-1,0,0
2.5,5,4,0,0,-1,0,0
2.5,5,4,0,0,-1,0,0
2.5,5,4,0,0,-1,0,0
2.5,5,4,0,0,-1,0,0
2.5,5,4,0,0,-1,0,0
2.5,5,4,0,0,-1,0,0
2.5,5,4,0,0,-1,0,0
2.5,5,4,0,0,-1,0,0
2.5,5,4,0,0,-1,0,0
2.5,5,4,0,0,-1,0,0
2.5,5,4,0,0,-1,0,0
2.5,5,4,0,0,-1,0,0
2.5,5,4,0,0,-1,0,0
2.5,5,4,0,0,-1,0,0
2.5,5,4,0,0,-1,0,0
2.5,5,4,0,0,-1,0,0
2.5,5,4,0,0,-1,0,0
2.5,5,4,0,0,-1,0,0
2.5,5,4,0,0,-1,0,0
2.5,5,4,0,0,-1,0,0
2.5,5,4,0,0,-1,0,0
2.5,5,4,0,0,-1,0,0
2.5,5,4,0,0,-1,0,0
2.5,5,4,2.47205e-07,0.0213585,3,1.1,0
2.5,5,4,1.95266e-07,0.016871,4,0,0
2.5,5,4,0,0,-1,0,0
2.5,5,4,0,0,-1,0,0
2.5,5,4,0,0,-1,0,0
2.5,5,4,0,0,-1,0,0
2.5,5,4,0,0,-1,0,0
2.5,5,4,0,0,-1,0,0
2.5,5,4,0,0,-1,0,0
2.5,5,4,3.85634e-07,0.0333188,4,0,0
2.5,5,4,0,0,-1,0,0
2.5,5,4,3.39456e-07,0.029329,4,0,0
2.5,5,4,0,0,-1,0,0
2.5,5,4,0,0,-1,0,0
2.5,5,4,0,0,-1,0,0
2.5,5,4,0,0,-1,0,0
2.5,5,4,0,0,-1,0,0
2.5,5,4,0,0,-1,0,0
2.5,5,4,0,0,-1,0,0
2.5,5,4,0,0,-1,0,0
2.5,5,4,0,0,-1,0,0
2.5,5,4,0,0,-1,0,0
2.5,5,4,0,0,-1,0,0
2.5,5,4,0,0,-1,0,0
2.5,5,4,0,0,-1,0,0
2.5,5,4,0,0,-1,0,0
2.5,5,4,0,0,-1,0,0
2.5,5,4,0,0,-1,0,0
2.5,5,4,0,0,-1,0,0
2.5,5,4,0,0,-1,0,0
2.5,5,4,0,0,-1,0,0
2.5,5,4,4.52311e-07,0.0390797,4,0,0
2.5,5,4,0,0,-1,0,0
2.5,5,4,0,0,-1,0,0
2.5,5,4,0,0,-1,0,0
2.5,5,4,0,0,-1,0,0
2.5,5,4,0,0,-1,0,0
2.5,5,4,0,0,-1,0,0
2.5,5,4,0,0,-1,0,0
2.5,5,4,0,0,-1,0,0
2.5,5,4,0,0,-1,0,0
2.5,5,4,0,0,-1,0,0
2.5,5,4,0,0,-1,0,0
2.5,5,4,0,0,-1,0,0
2.5,5,4,0,0,-1,0,0
2.5,5,4,0,0,-1,0,0
2.5,5,4,0,0,-1,0,0
2.5,5,4,0,0,-1,0,0
2.5,5,4,0,0,-1,0,0
2.5,5,4,0,0,-1,0,0
2.5,5,4,0,0,-1,0,0
2.5,5,4,0,0,-1,0,0
2.5,5,4,0,0,-1,0,0
2.5,5,4,0,0,-1,0,0
2.5,5,4,4.52263e-07,0.0390756,4,0,0
2.5,5,4,0,0,-1,0,0
2.5,5,4,0,0,-1,0,0
2.5,5,4,0,0,-1,0,0
2.5,5,4,0,0,-1,0,0
2.5,5,4,0,0,-1,0,0
2.5,5,4,0,0,-1,0,0
2.5,5,4,0,0,-1,0,0
2.5,5,4,0,0,-1,0,0
2.5,5,4,0,0,-1,0,0
2.5,5,4,0,0,-1,0,0
2.5,5,4,0,0,-1,0,0
2.5,5,4,0,0,-1,0,0
2.5,5,4,4.46661e-07,0.0385915,4,0,0
2.5,5,4,0,0,-1,0,0
2.5,5,4,0,0,-1,0,0
2.5,5,4,0,0,-1,0,0
2.5,5,4,0,0,-1,0,0
2.5,5,4,0,0,-1,0,0
2.5,5,4,0,0,-1,0,0
2.5,5,4,0,0,-1,0,0
2.5,5,4,0,0,-1,0,0
2.5,5,4,0,0,-1,0,0
2.5,5,4,0,0,-1,0,0
2.5,5,4,0,0,-1,0,0
2.5,5,4,0,0,-1,0,0
2.5,5,4,0,0,-1,0,0
2.5,5,4,0,0,-1,0,0
2.5,5,4,0,0,-1,0,0
2.5,5,4,1.56265e-07,0.0135013,4,0,0
2.5,5,4,0,0,-1,0,0
2.5,5,4,0,0,-1,0,0
2.5,5,4,0,0,-1,0,0
2.5,5,4,0,0,-1,0,0
2.5,5,4,0,0,-1,0,0
2.5,5,4,0,0,-1,0,0
2.5,5,4,0,0,-1,0,0
2.5,5,4,0,0,-1,0,0
2.5,5,4,0,0,-1,0,0
2.5,5,4,0,0,-1,0,0
2.5,5,4,0,0,-1,0,0
2.5,5,4,0,0,-1,0,0
2.5,5,4,0,0,-1,0,0
2.5,5,4,0,0,-1,0,0
2.5,5,4,4.52264e-07,0.0390756,4,0,0
2.5,5,4,0,0,-1,0,0
2.5,5,4,0,0,-1,0,0
2.5,5,4,0,0,-1,0,0
2.5,5,4,4.22378e-07,0.0364935,4,0,0
2.5,5,4,0,0,-1,0,0
2.5,5,4,0,0,-1,0,0
2.5,5,4,0,0,-1,0,0
2.5,5,4,0,0,-1,0,0
2.5,5,4,0,0,-1,0,0
2.5,5,4,0,0,-1,0,0
2.5,5,4,0,0,-1,0,0
2.5,5,4,0,0,-1,0,0
2.5,5,4,0,0,-1,0,0
2.5,5,4,0,0,-1,0,0
2.5,5,4,0,0,-1,0,0
2.5,5,4,0,0,-1,0,0
2.5,5,4,0,0,-1,0,0
2.5,5,4,0,0,-1,0,0
2.5,5,4,0,0,-1,0,0
2.5,5,4,0,0,-1,0,0
2.5,5,4,0,0,-1,0,0
2.5,5,4,0,0,-1,0,0
2.5,5,4,0,0,-1,0,0
2.5,5,4,0,0,-1,0,0
2.5,5,4,0,0,-1,0,0
2.5,5,4,0,0,-1,0,0
2.5,5,4,0,0,-1,0,0
2.5,5,4,0,0,-1,0,0
2.5,5,4,0,0,-1,0,0
2.5,5,4,0,0,-1,0,0
2.5,5,4,0,0,-1,0,0
2.5,5,4,0,0,-1,0,0
2.5,5,4,0,0,-1,0,0
2.5,5,4,0,0,-1,0,0
2.5,5,4,0,0,-1,0,0
2.5,5,4,0,0,-1,0,0
2.5,5,4,0,0,-1,0,0
2.5,5,4,0,0,-1,0,0
2.5,5,4,0,0,-1,0,0
2.5,5,4,0,0,-1,0,0
2.5,5,4,0,0,-1,0,0
2.5,5,4,0,0,-1,0,0
2.5,5,4,0,0,-1,0,0
2.5,5,4,0,0,-1,0,0
2.5,5,4,0,0,-1,0,0
2.5,5,4,0,0,-1,0,0
2.5,5,4,0,0,-1,0,0
2.5,5,4,0,0,-1,0,0
2.5,5,4,0,0,-1,0,0
2.5,5,4,0,0,-1,0,0
2.5,5,4,0,0,-1,0,0
2.5,5,4,0,0,-1,0,0
2.5,5,4,0,0,-1,0,0
2.5,5,4,0,0,-1,0,0
2.5,5,4,0,0,-1,0,0
2.5,5,4,0,0,-1,0,0
2.5,5,4,0,0,-1,0,0
2.5,5,4,0,0,-1,0,0
2.5,5,4,0,0,-1,0,0
2.5,5,4,0,0,-1,0,0
2.5,5,4,0,0,-1,0,0
2.5,5,4,0,0,-1,0,0
2.5,5,4,0,0,-1,0,0
2.5,5,4,0,0,-1,0,0
2.5,5,4,0,0,-1,0,0
2.5,5,4,3.15863e-07,0.0272906,4,0,0
2.5,5,4,0,0,-1,0,0
2.5,5,4,0,0,-1,0,0
2.5,5,4,0,0,-1,0,0
2.5,5,4,0,0,-1,0,0
2.5,5,4,0,0,-1,0,0
2.5,5,4,0,0,-1,0,0
2.5,5,4,0,0,-1,0,0
2.5,5,4,0,0,-1,0,0
2.5,5,4,0,0,-1,0,0
2.5,5,4,4.51333e-07,0.0389952,4,0,0
2.5,5,4,0,0,-1,0,0
2.5,5,4,0,0,-1,0,0
2.5,5,4,0,0,-1,0,0
2.5,5,4,0,0,-1,0,0
2.5,5,4,0,0,-1,0,0
2.5,5,4,0,0,-1,0,0
2.5,5,4,0,0,-1,0,0
2.5,5,4,0,0,-1,0,0
2.5,5,4,0,0,-1,0,0
2.5,5,4,0,0,-1,0,0
2.5,5,4,0,0,-1,0,0
2.5,5,4,0,0,-1,0,0
2.5,5,4,0,0,-1,0,0
2.5,5,4,0,0,-1,0,0
2.5,5,4,0,0,-1,0,0
2.5,5,4,0,0,-1,0,0
2.5,5,4,4.50256e-07,0.0389021,4,0,0
2.5,5,4,0,0,-1,0,0
2.5,5,4,0,0,-1,0,0
2.5,5,4,4.45813e-07,0.0385183,4,0,0
2.5,5,4,0,0,-1,0,0
2.5,5,4,0,0,-1,0,0
2.5,5,4,0,0,-1,0,0
2.5,5,4,0,0,-1,0,0
2.5,5,4,0,0,-1,0,0
2.5,5,4,0,0,-1,0,0
2.5,5,4,0,0,-1,0,0
2.5,5,4,0,0,-1,0,0
2.5,5,4,0,0,-1,0,0
2.5,5,4,0,0,-1,0,0
2.5,5,4,0,0,-1,0,0
2.5,5,4,4.24511e-07,0.0366777,4,0,0
2.5,5,4,0,0,-1,0,0
2.5,5,4,0,0,-1,0,0
2.5,5,4,0,0,-1,0,0
2.5,5,4,0,0,-1,0,0
2.5,5,4,0,0,-1,0,0
2.5,5,4,0,0,-1,0,0
2.5,5,4,0,0,-1,0,0
2.5,5,4,0,0,-1,0,0
2.5,5,4,0,0,-1,0,0
2.5,5,4,0,0,-1,0,0
2.5,5,4,0,0,-1,0,0
2.5,5,4,0,0,-1,0,0
2.5,5,4,0,0,-1,0,0
2.5,5,4,0,0,-1,0,0
2.5,5,4,0,0,-1,0,0
2.5,5,4,0,0,-1,0,0
2.5,5,4,0,0,-1,0,0
2.5,5,4,0,0,-1,0,0
2.5,5,4,0,0,-1,0,0
2.5,5,4,0,0,-1,0,0
2.5,5,4,0,0,-1,0,0
2.5,5,4,0,0,-1,0,0
2.5,5,4,0,0,-1,0,0
2.5,5,4,0,0,-1,0,0
2.5,5,4,0,0,-1,0,0
2.5,5,4,0,0,-1,0,0
2.5,5,4,0,0,-1,0,0
2.5,5,4,0,0,-1,0,0
2.5,5,4,0,0,-1,0,0
2.5,5,4,0,0,-1,0,0
2.5,5,4,0,0,-1,0,0
2.5,5,4,0,0,-1,0,0
2.5,5,4,0,0,-1,0,0
2.5,5,4,0,0,-1,0,0
2.5,5,4,0,0,-1,0,0
2.5,5,4,0,0,-1,0,0
2.5,5,4,0,0,-1,0,0
2.5,5,4,0,0,-1,0,0
2.5,5,4,0,0,-1,0,0
2.5,5,4,0,0,-1,0,0
2.5,5,4,0,0,-1,0,0
2.5,5,4,0,0,-1,0,0
2.5,5,4,0,0,-1,0,0
2.5,5,4,0,0,-1,0,0
2.5,5,4,0,0,-1,0,0
2.5,5,4,0,0,-1,0,0
2.5,5,4,0,0,-1,0,0
2.5,5,4,0,0,-1,0,0
2.5,5,4,0,0,-1,0,0
2.5,5,4,0,0,-1,0,0
2.5,5,4,0,0,-1,0,0
2.5,5,4,0,0,-1,0,0
2.5,5,4,0,0,-1,0,0
2.5,5,4,0,0,-1,0,0
2.5,5,4,0,0,-1,0,0
2.5,5,4,0,0,-1,0,0
2.5,5,4,0,0,-1,0,0
2.5,5,4,0,0,-1,0,0
2.5,5,4,0,0,-1,0,0
2.5,5,4,0,0,-1,0,0
2.5,5,4,0,0,-1,0,0
2.5,5,4,0,0,-1,0,0
2.5,5,4,0,0,-1,0,0
2.5,5,4,0,0,-1,0,0
2.5,5,4,0,0,-1,0,0
2.5,5,4,0,0,-1,0,0
2.5,5,4,0,0,-1,0,0
2.5,5,4,0,0,-1,0,0
2.5,5,4,0,0,-1,0,0
2.5,5,4,0,0,-1,0,0
2.5,5,4,0,0,-1,0,0
2.5,5,4,0,0,-1,0,0
2.5,5,4,0,0,-1,0,0
2.5,5,4,0,0,-1,0,0
2.5,5,4,0,0,-1,0,0
2.5,5,4,0,0,-1,0,0
2.5,5,4,0,0,-1,0,0
2.5,5,4,0,0,-1,0,0
2.5,5,4,0,0,-1,0,0
2.5,5,4,0,0,-1,0,0
2.5,5,4,0,0,-1,0,0
2.5,5,4,0,0,-1,0,0
2.5,5,4,0,0,-1,0,0
2.5,5,4,0,0,-1,0,0
2.5,5,4,0,0,-1,0,0
2.5,5,4,0,0,-1,0,0
2.5,5,4,0,0,-1,0,0
2.5,5,4,0,0,-1,0,0
2.5,5,4,0,0,-1,0,0
2.5,5,4,0,0,-1,0,0
2.5,5,4,0,0,-1,0,0
2.5,5,4,0,0,-1,0,0
2.5,5,4,0,0,-1,0,0
2.5,5,4,0,0,-1,0,0
2.5,5,4,0,0,-1,0,0
2.5,5,4,0,0,-1,0,0
2.5,5,4,0,0,-1,0,0
2.5,5,4,0,0,-1,0,0
2.5,5,4,0,0,-1,0,0
2.5,5,4,0,0,-1,0,0
2.5,5,4,0,0,-1,0,0
2.5,5,4,0,0,-1,0,0
2.5,5,4,0,0,-1,0,0
2.5,5,4,0,0,-1,0,0
2.5,5,4,0,0,-1,0,0
2.5,5,4,0,0,-1,0,0
2.5,5,4,0,0,-1,0,0
2.5,5,4,0,0,-1,0,0
2.5,5,4,0,0,-1,0,0
2.5,5,4,0,0,-1,0,0
2.5,5,4,0,0,-1,0,0
2.5,5,4,0,0,-1,0,0
2.5,5,4,0,0,-1,0,0
2.5,5,4,0,0,-1,0,0
2.5,5,4,0,0,-1,0,0
2.5,5,4,0,0,-1,0,0
2.5,5,4,0,0,-1,0,0
2.5,5,4,0,0,-1,0,0
2.5,5,4,0,0,-1,0,0
2.5,5,4,0,0,-1,0,0
2.5,5,4,0,0,-1,0,0
2.5,5,4,0,0,-1,0,0
2.5,5,4,0,0,-1,0,0
2.5,5,4,0,0,-1,0,0
2.5,5,4,0,0,-1,0,0
2.5,5,4,0,0,-1,0,0
2.5,5,4,0,0,-1,0,0
2.5,5,4,0,0,-1,0,0
2.5,5,4,0,0,-1,0,0
2.5,5,4,0,0,-1,0,0
2.5,5,4,0,0,-1,0,0
2.5,5,4,0,0,-1,0,0
2.5,5,4,0,0,-1,0,0
2.5,5,4,0,0,-1,0,0
2.5,5,4,0,0,-1,0,0
2.5,5,4,4.5058e-07,0.0389301,4,0,0
2.5,5,4,0,0,-1,0,0
2.5,5,4,0,0,-1,0,0
2.5,5,4,0,0,-1,0,0
2.5,5,4,0,0,-1,0,0
2.5,5,4,0,0,-1,0,0
2.5,5,4,0,0,-1,0,0
2.5,5,4,0,0,-1,0,0
2.5,5,4,0,0,-1,0,0
2.5,5,4,0,0,-1,0,0
2.5,5,4,0,0,-1,0,0
2.5,5,4,0,0,-1,0,0
2.5,5,4,0,0,-1,0,0
2.5,5,4,0,0,-1,0,0
2.5,5,4,0,0,-1,0,0
2.5,5,4,0,0,-1,0,0
2.5,5,4,0,0,-1,0,0
2.5,5,4,0,0,-1,0,0
2.5,5,4,0,0,-1,0,0
2.5,5,4,0,0,-1,0,0
2.5,5,4,0,0,-1,0,0
2.5,5,4,0,0,-1,0,0
2.5,5,4,0,0,-1,0,0
2.5,5,4,0,0,-1,0,0
2.5,5,4,0,0,-1,0,0
2.5,5,4,0,0,-1,0,0
2.5,5,4,0,0,-1,0,0
2.5,5,4,0,0,-1,0,0
2.5,5,4,0,0,-1,0,0
2.5,5,4,0,0,-1,0,0
2.5,5,4,0,0,-1,0,0
2.5,5,4,0,0,-1,0,0
2.5,5,4,0,0,-1,0,0
2.5,5,4,0,0,-1,0,0
2.5,5,4,0,0,-1,0,0
2.5,5,4,0,0,-1,0,0
2.5,5,4,0,0,-1,0,0
2.5,5,4,0,0,-1,0,0
2.5,5,4,0,0,-1,0,0
2.5,5,4,4.17426e-07,0.0360656,4,0,0
2.5,5,4,0,0,-1,0,0
2.5,5,4,0,0,-1,0,0
2.5,5,4,0,0,-1,0,0
2.5,5,4,0,0,-1,0,0
2.5,5,4,0,0,-1,0,0
2.5,5,4,0,0,-1,0,0
2.5,5,4,0,0,-1,0,0
2.5,5,4,0,0,-1,0,0
2.5,5,4,0,0,-1,0,0
2.5,5,4,0,0,-1,0,0
2.5,5,4,0,0,-1,0,0
2.5,5,4,0,0,-1,0,0
2.5,5,4,0,0,-1,0,0
2.5,5,4,0,0,-1,0,0
2.5,5,4,0,0,-1,0,0
2.5,5,4,0,0,-1,0,0
2.5,5,4,0,0,-1,0,0
2.5,5,4,0,0,-1,0,0
2.5,5,4,0,0,-1,0,0
2.5,5,4,0,0,-1,0,0
2.5,5,4,0,0,-1,0,0
2.5,5,4,0,0,-1,0,0
2.5,5,4,0,0,-1,0,0
2.5,5,4,0,0,-1,0,0
2.5,5,4,0,0,-1,0,0
2.5,5,4,0,0,-1,0,0
2.5,5,4,0,0,-1,0,0
2.5,5,4,0,0,-1,0,0
2.5,5,4,0,0,-1,0,0
2.5,5,4,0,0,-1,0,0
2.5,5,4,0,0,-1,0,0
2.5,5,4,0,0,-1,0,0
2.5,5,4,0,0,-1,0,0
2.5,5,4,0,0,-1,0,0
2.5,5,4,0,0,-1,0,0
2.5,5,4,0,0,-1,0,0
2.5,5,4,0,0,-1,0,0
2.5,5,4,0,0,-1,0,0
2.5,5,4,0,0,-1,0,0
2.5,5,4,0,0,-1,0,0
2.5,5,4,0,0,-1,0,0
2.5,5,4,0,0,-1,0,0
2.5,5,4,0,0,-1,0,0
2.5,5,4,0,0,-1,0,0
2.5,5,4,0,0,-1,0,0
2.5,5,4,0,0,-1,0,0
2.5,5,4,0,0,-1,0,0
2.5,5,4,0,0,-1,0,0
2.5,5,4,0,0,-1,0,0
2.5,5,4,0,0,-1,0,0
2.5,5,4,0,0,-1,0,0
2.5,5,4,0,0,-1,0,0
2.5,5,4,0,0,-1,0,0
2.5,5,4,0,0,-1,0,0
2.5,5,4,0,0,-1,0,0
2.5,5,4,0,0,-1,0,0
2.5,5,4,0,0,-1,0,0
2.5,5,4,0,0,-1,0,0
2.5,5,4,0,0,-1,0,0
2.5,5,4,0,0,-1,0,0
2.5,5,4,0,0,-1,0,0
2.5,5,4,0,0,-1,0,0
2.5,5,4,0,0,-1,0,0
2.5,5,4,0,0,-1,0,0
2.5,5,4,0,0,-1,0,0
2.5,5,4,0,0,-1,0,0
2.5,5,4,0,0,-1,0,0
2.5,5,4,0,0,-1,0,0
2.5,5,4,0,0,-1,0,0
2.5,5,4,0,0,-1,0,0
2.5,5,4,4.49302e-07,0.0388197,4,0,0
2.5,5,4,0,0,-1,0,0
2.5,5,4,0,0,-1,0,0
2.5,5,4,0,0,-1,0,0
2.5,5,4,0,0,-1,0,0
2.5,5,4,0,0,-1,0,0
2.5,5,4,0,0,-1,0,0
2.5,5,4,0,0,-1,0,0
2.5,5,4,0,0,-1,0,0
2.5,5,4,0,0,-1,0,0
2.5,5,4,0,0,-1,0,0
2.5,5,4,0,0,-1,0,0
2.5,5,4,0,0,-1,0,0
2.5,5,4,0,0,-1,0,0
2.5,5,4,0,0,-1,0,0
2.5,5,4,0,0,-1,0,0
2.5,5,4,0,0,-1,0,0
2.5,5,4,0,0,-1,0,0
2.5,5,4,0,0,-1,0,0
2.5,5,4,0,0,-1,0,0
2.5,5,4,0,0,-1,0,0
2.5,5,4,0,0,-1,0,0
2.5,5,4,0,0,-1,0,0
2.5,5,4,0,0,-1,0,0
2.5,5,4,0,0,-1,0,0
2.5,5,4,0,0,-1,0,0
2.5,5,4,0,0,-1,0,0
2.5,5,4,0,0,-1,0,0
2.5,5,4,0,0,-1,0,0
2.5,5,4,0,0,-1,0,0
2.5,5,4,0,0,-1,0,0
2.5,5,4,0,0,-1,0,0
2.5,5,4,0,0,-1,0,0
2.5,5,4,0,0,-1,0,0
2.5,5,4,0,0,-1,0,0
2.5,5,4,0,0,-1,0,0
2.5,5,4,4.40343e-07,0.0380457,4,0,0
2.5,5,4,0,0,-1,0,0
2.5,5,4,0,0,-1,0,0
2.5,5,4,0,0,-1,0,0
2.5,5,4,0,0,-1,0,0
2.5,5,4,0,0,-1,0,0
2.5,5,4,0,0,-1,0,0
2.5,5,4,0,0,-1,0,0
2.5,5,4,0,0,-1,0,0
2.5,5,4,0,0,-1,0,0
2.5,5,4,4.50605e-07,0.0389323,4,0,0
2.5,5,4,0,0,-1,0,0
2.5,5,4,0,0,-1,0,0
2.5,5,4,0,0,-1,0,0
2.5,5,4,0,0,-1,0,0
2.5,5,4,0,0,-1,0,0
2.5,5,4,3.12724e-07,0.0270193,4,0,0
2.5,5,4,0,0,-1,0,0
2.5,5,4,0,0,-1,0,0
2.5,5,4,0,0,-1,0,0
2.5,5,4,0,0,-1,0,0
2.5,5,4,0,0,-1,0,0
2.5,5,4,0,0,-1,0,0
2.5,5,4,0,0,-1,0,0
2.5,5,4,0,0,-1,0,0
2.5,5,4,0,0,-1,0,0
2.5,5,4,0,0,-1,0,0
2.5,5,4,0,0,-1,0,0
2.5,5,4,0,0,-1,0,0
2.5,5,4,0,0,-1,0,0
2.5,5,4,0,0,-1,0,0
2.5,5,4,0,0,-1,0,0
2.5,5,4,0,0,-1,0,0
2.5,5,4,0,0,-1,0,0
2.5,5,4,0,0,-1,0,0
2.5,5,4,0,0,-1,0,0
2.5,5,4,0,0,-1,0,0
2.5,5,4,0,0,-1,0,0
2.5,5,4,0,0,-1,0,0
2.5,5,4,0,0,-1,0,0
2.5,5,4,0,0,-1,0,0
2.5,5,4,0,0,-1,0,0
2.5,5,4,0,0,-1,0,0
2.5,5,4,0,0,-1,0,0
2.5,5,4,0,0,-1,0,0
2.5,5,4,0,0,-1,0,0
2.5,5,4,0,0,-1,0,0
2.5,5,4,0,0,-1,0,0
2.5,5,4,0,0,-1,0,0
2.5,5,4,0,0,-1,0,0
2.5,5,4,0,0,-1,0,0
2.5,5,4,3.12561e-07,0.0270053,4,0,0
2.5,5,4,0,0,-1,0,0
2.5,5,4,2.92091e-07,0.0252366,4,0,0
2.5,5,4,0,0,-1,0,0
2.5,5,4,0,0,-1,0,0
2.5,5,4,0,0,-1,0,0
2.5,5,4,0,0,-1,0,0
2.5,5,4,0,0,-1,0,0
2.5,5,4,0,0,-1,0,0
2.5,5,4,0,0,-1,0,0
2.5,5,4,0,0,-1,0,0
2.5,5,4,0,0,-1,0,0
2.5,5,4,3.23159e-07,0.0279209,3,1.1,0
2.5,5,4,0,0,-1,0,0
2.5,5,4,3.95674e-07,0.0341862,4,0,0
2.5,5,4,0,0,-1,0,0
2.5,5,4,0,0,-1,0,0
2.5,5,4,0,0,-1,0,0
2.5,5,4,0,0,-1,0,0
2.5,5,4,0,0,-1,0,0
2.5,5,4,0,0,-1,0,0
2.5,5,4,0,0,-1,0,0
2.5,5,4,0,0,-1,0,0
2.5,5,4,0,0,-1,0,0
2.5,5,4,0,0,-1,0,0
2.5,5,4,0,0,-1,0,0
2.5,5,4,0,0,-1,0,0
2.5,5,4,0,0,-1,0,0
2.5,5,4,0,0,-1,0,0
2.5,5,4,0,0,-1,0,0
2.5,5,4,0,0,-1,0,0
2.5,5,4,0,0,-1,0,0
2.5,5,4,0,0,-1,0,0
2.5,5,4,3.73316e-07,0.0322545,4,0,0
2.5,5,4,0,0,-1,0,0
2.5,5,4,0,0,-1,0,0
2.5,5,4,0,0,-1,0,0
2.5,5,4,0,0,-1,0,0
2.5,5,4,0,0,-1,0,0
2.5,5,4,0,0,-1,0,0
2.5,5,4,0,0,-1,0,0
2.5,5,4,0,0,-1,0,0
2.5,5,4,0,0,-1,0,0
2.5,5,4,0,0,-1,0,0
2.5,5,4,0,0,-1,0,0
2.5,5,4,0,0,-1,0,0
2.5,5,4,0,0,-1,0,0
2.5,5,4,0,0,-1,0,0
2.5,5,4,0,0,-1,0,0
2.5,5,4,0,0,-1,0,0
2.5,5,4,0,0,-1,0,0
2.5,5,4,0,0,-1,0,0
2.5,5,4,0,0,-1,0,0
2.5,5,4,0,0,-1,0,0
2.5,5,4,0,0,-1,0,0
2.5,5,4,0,0,-1,0,0
2.5,5,4,0,0,-1,0,0
2.5,5,4,0,0,-1,0,0
2.5,5,4,0,0,-1,0,0
2.5,5,4,0,0,-1,0,0
2.5,5,4,0,0,-1,0,0
2.5,5,4,0,0,-1,0,0
2.5,5,4,0,0,-1,0,0
2.5,5,4,0,0,-1,0,0
2.5,5,4,0,0,-1,0,0
2.5,5,4,2.8034e-07,0.0242213,4,0,0
2.5,5,4,0,0,-1,0,0
2.5,5,4,2.86113e-07,0.0247202,4,0,0
2.5,5,4,0,0,-1,0,0
2.5,5,4,0,0,-1,0,0
2.5,5,4,0,0,-1,0,0
2.5,5,4,0,0,-1,0,0
2.5,5,4,0,0,-1,0,0
2.5,5,4,0,0,-1,0,0
2.5,5,4,0,0,-1,0,0
2.5,5,4,0,0,-1,0,0
2.5,5,4,0,0,-1,0,0
2.5,5,4,0,0,-1,0,0
2.5,5,4,2.59102e-07,0.0223864,4,0,0
2.5,5,4,0,0,-1,0,0
2.5,5,4,0,0,-1,0,0
2.5,5,4,0,0,-1,0,0
2.5,5,4,0,0,-1,0,0
2.5,5,4,0,0,-1,0,0
2.5,5,4,0,0,-1,0,0
2.5,5,4,0,0,-1,0,0
2.5,5,4,0,0,-1,0,0
2.5,5,4,0,0,-1,0,0
2.5,5,4,0,0,-1,0,0
2.5,5,4,0,0,-1,0,0
2.5,5,4,0,0,-1,0,0
2.5,5,4,0,0,-1,0,0
2.5,5,4,0,0,-1,0,0
2.5,5,4,0,0,-1,0,0
2.5,5,4,0,0,-1,0,0
2.5,5,4,4.139e-07,0.0357609,4,0,0
2.5,5,4,0,0,-1,0,0
2.5,5,4,0,0,-1,0,0
2.5,5,4,0,0,-1,0,0
2.5,5,4,0,0,-1,0,0
2.5,5,4,0,0,-1,0,0
2.5,5,4,0,0,-1,0,0
2.5,5,4,0,0,-1,0,0
2.5,5,4,0,0,-1,0,0
2.5,5,4,0,0,-1,0,0
2.5,5,4,0,0,-1,0,0
2.5,5,4,0,0,-1,0,0
2.5,5,4,0,0,-1,0,0
2.5,5,4,0,0,-1,0,0
2.5,5,4,0,0,-1,0,0
2.5,5,4,0,0,-1,0,0
2.5,5,4,0,0,-1,0,0
2.5,5,4,0,0,-1,0,0
2.5,5,4,0,0,-1,0,0
2.5,5,4,0,0,-1,0,0
2.5,5,4,0,0,-1,0,0
2.5,5,4,0,0,-1,0,0
2.5,5,4,0,0,-1,0,0
2.5,5,4,0,0,-1,0,0
2.5,5,4,0,0,-1,0,0
2.5,5,4,0,0,-1,0,0
2.5,5,4,0,0,-1,0,0
2.5,5,4,0,0,-1,0,0
2.5,5,4,0,0,-1,0,0
2.5,5,4,0,0,-1,0,0
2.5,5,4,0,0,-1,0,0
2.5,5,4,0,0,-1,0,0
2.5,5,4,0,0,-1,0,0
2.5,5,4,0,0,-1,0,0
2.5,5,4,0,0,-1,0,0
2.5,5,4,0,0,-1,0,0
2.5,5,4,0,0,-1,0,0
2.5,5,4,0,0,-1,0,0
2.5,5,4,0,0,-1,0,0
2.5,5,4,0,0,-1,0,0
2.5,5,4,0,0,-1,0,0
2.5,5,4,0,0,-1,0,0
2.5,5,4,0,0,-1,0,0
2.5,5,4,0,0,-1,0,0
2.5,5,4,0,0,-1,0,0
2.5,5,4,0,0,-1,0,0
2.5,5,4,3.88648e-07,0.0335792,4,0,0
2.5,5,4,0,0,-1,0,0
2.5,5,4,0,0,-1,0,0
2.5,5,4,0,0,-1,0,0
2.5,5,4,0,0,-1,0,0
2.5,5,4,0,0,-1,0,0
2.5,5,4,0,0,-1,0,0
2.5,5,4,0,0,-1,0,0
2.5,5,4,0,0,-1,0,0
2.5,5,4,0,0,-1,0,0
2.5,5,4,0,0,-1,0,0
2.5,5,4,0,0,-1,0,0
2.5,5,4,0,0,-1,0,0
2.5,5,4,0,0,-1,0,0
2.5,5,4,0,0,-1,0,0
2.5,5,4,0,0,-1,0,0
2.5,5,4,0,0,-1,0,0
2.5,5,4,0,0,-1,0,0
2.5,5,4,6.9862e-08,0.00603608,3,1.1,0
2.5,5,4,4.49124e-07,0.0388043,4,0,0
2.5,5,4,0,0,-1,0,0
2.5,5,4,0,0,-1,0,0
2.5,5,4,0,0,-1,0,0
2.5,5,4,0,0,-1,0,0
2.5,5,4,0,0,-1,0,0
2.5,5,4,0,0,-1,0,0
2.5,5,4,0,0,-1,0,0
2.5,5,4,0,0,-1,0,0
2.5,5,4,0,0,-1,0,0
2.5,5,4,0,0,-1,0,0
2.5,5,4,0,0,-1,0,0
2.5,5,4,0,0,-1,0,0
2.5,5,4,0,0,-1,0,0
2.5,5,4,0,0,-1,0,0
2.5,5,4,0,0,-1,0,0
2.5,5,4,0,0,-1,0,0
2.5,5,4,0,0,-1,0,0
2.5,5,4,0,0,-1,0,0
2.5,5,4,0,0,-1,0,0
2.5,5,4,0,0,-1,0,0
2.5,5,4,0,0,-1,0,0
2.5,5,4,0,0,-1,0,0
2.5,5,4,0,0,-1,0,0
2.5,5,4,0,0,-1,0,0
2.5,5,4,3.70299e-07,0.0319938,4,0,0
2.5,5,4,0,0,-1,0,0
2.5,5,4,0,0,-1,0,0
2.5,5,4,4.48809e-07,0.0387771,4,0,0
2.5,5,4,0,0,-1,0,0
2.5,5,4,0,0,-1,0,0
2.5,5,4,4.52301e-07,0.0390788,4,0,0
2.5,5,4,0,0,-1,0,0
2.5,5,4,0,0,-1,0,0
2.5,5,4,0,0,-1,0,0
2.5,5,4,3.69947e-07,0.0319634,4,0,0
2.5,5,4,0,0,-1,0,0
2.5,5,4,0,0,-1,0,0
2.5,5,4,0,0,-1,0,0
2.5,5,4,0,0,-1,0,0
2.5,5,4,0,0,-1,0,0
2.5,5,4,0,0,-1,0,0
2.5,5,4,0,0,-1,0,0
2.5,5,4,0,0,-1,0,0
2.5,5,4,0,0,-1,0,0
2.5,5,4,0,0,-1,0,0
2.5,5,4,0,0,-1,0,0
2.5,5,4,0,0,-1,0,0
2.5,5,4,0,0,-1,0,0
2.5,5,4,4.49528e-07,0.0388392,4,0,0
2.5,5,4,0,0,-1,0,0
2.5,5,4,0,0,-1,0,0
2.5,5,4,0,0,-1,0,0
2.5,5,4,0,0,-1,0,0
2.5,5,4,0,0,-1,0,0
2.5,5,4,0,0,-1,0,0
2.5,5,4,0,0,-1,0,0
2.5,5,4,0,0,-1,0,0
2.5,5,4,0,0,-1,0,0
2.5,5,4,0,0,-1,0,0
2.5,5,4,0,0,-1,0,0
2.5,5,4,0,0,-1,0,0
2.5,5,4,0,0,-1,0,0
2.5,5,4,0,0,-1,0,0
2.5,5,4,0,0,-1,0,0
2.5,5,4,0,0,-1,0,0
2.5,5,4,0,0,-1,0,0
2.5,5,4,0,0,-1,0,0
2.5,5,4,0,0,-1,0,0
2.5,5,4,0,0,-1,0,0
2.5,5,4,0,0,-1,0,0
2.5,5,4,0,0,-1,0,0
2.5,5,4,0,0,-1,0,0
2.5,5,4,0,0,-1,0,0
2.5,5,4,0,0,-1,0,0
2.5,5,4,0,0,-1,0,0
2.5,5,4,0,0,-1,0,0
2.5,5,4,0,0,-1,0,0
2.5,5,4,0,0,-1,0,0
2.5,5,4,0,0,-1,0,0
2.5,5,4,0,0,-1,0,0
2.5,5,4,0,0,-1,0,0
2.5,5,4,0,0,-1,0,0
2.5,5,4,0,0,-1,0,0
2.5,5,4,0,0,-1,0,0
2.5,5,4,3.91322e-07,0.0338103,4,0,0
2.5,5,4,0,0,-1,0,0
2.5,5,4,0,0,-1,0,0
2.5,5,4,0,0,-1,0,0
2.5,5,4,0,0,-1,0,0
2.5,5,4,0,0,-1,0,0
2.5,5,4,0,0,-1,0,0
2.5,5,4,0,0,-1,0,0
2.5,5,4,0,0,-1,0,0
2.5,5,4,0,0,-1,0,0
2.5,5,4,0,0,-1,0,0
2.5,5,4,0,0,-1,0,0
2.5,5,4,0,0,-1,0,0
2.5,5,4,0,0,-1,0,0
2.5,5,4,0,0,-1,0,0
2.5,5,4,4.4848e-07,0.0387487,4,0,0
2.5,5,4,0,0,-1,0,0
2.5,5,4,0,0,-1,0,0
2.5,5,4,0,0,-1,0,0
2.5,5,4,0,0,-1,0,0
2.5,5,4,0,0,-1,0,0
2.5,5,4,0,0,-1,0,0
2.5,5,4,0,0,-1,0,0
2.5,5,4,0,0,-1,0,0
2.5,5,4,0,0,-1,0,0
2.5,5,4,0,0,-1,0,0
2.5,5,4,0,0,-1,0,0
2.5,5,4,0,0,-1,0,0
2.5,5,4,0,0,-1,0,0
2.5,5,4,0,0,-1,0,0
2.5,5,4,0,0,-1,0,0
2.5,5,4,0,0,-1,0,0
2.5,5,4,0,0,-1,0,0
2.5,5,4,0,0,-1,0,0
2.5,5,4,0,0,-1,0,0
2.5,5,4,0,0,-1,0,0
2.5,5,4,3.73682e-07,0.0322861,4,0,0
2.5,5,4,0,0,-1,0,0
2.5,5,4,0,0,-1,0,0
2.5,5,4,0,0,-1,0,0
2.5,5,4,0,0,-1,0,0
2.5,5,4,0,0,-1,0,0
2.5,5,4,0,0,-1,0,0
2.5,5,4,0,0,-1,0,0
2.5,5,4,0,0,-1,0,0
2.5,5,4,0,0,-1,0,0
2.5,5,4,0,0,-1,0,0
2.5,5,4,0,0,-1,0,0
2.5,5,4,0,0,-1,0,0
2.5,5,4,0,0,-1,0,0
2.5,5,4,0,0,-1,0,0
2.5,5,4,0,0,-1,0,0
2.5,5,4,0,0,-1,0,0
2.5,5,4,0,0,-1,0,0
2.5,5,4,0,0,-1,0,0
2.5,5,4,4.52257e-07,0.039075,4,0,0
2.5,5,4,0,0,-1,0,0
2.5,5,4,0,0,-1,0,0
2.5,5,4,0,0,-1,0,0
2.5,5,4,0,0,-1,0,0
2.5,5,4,0,0,-1,0,0
2.5,5,4,0,0,-1,0,0
2.5,5,4,0,0,-1,0,0
2.5,5,4,0,0,-1,0,0
2.5,5,4,0,0,-1,0,0
2.5,5,4,0,0,-1,0,0
2.5,5,4,0,0,-1,0,0
2.5,5,4,0,0,-1,0,0
2.5,5,4,0,0,-1,0,0
2.5,5,4,0,0,-1,0,0
2.5,5,4,0,0,-1,0,0
2.5,5,4,0,0,-1,0,0
2.5,5,4,0,0,-1,0,0
2.5,5,4,0,0,-1,0,0
2.5,5,4,0,0,-1,0,0
2.5,5,4,9.58196e-09,0.000827881,4,0,0
2.5,5,4,0,0,-1,0,0
2.5,5,4,0,0,-1,0,0
2.5,5,4,0,0,-1,0,0
2.5,5,4,0,0,-1,0,0
2.5,5,4,0,0,-1,0,0
2.5,5,4,0,0,-1,0,0
2.5,5,4,0,0,-1,0,0
2.5,5,4,0,0,-1,0,0
2.5,5,4,0,0,-1,0,0
2.5,5,4,0,0,-1,0,0
2.5,5,4,0,0,-1,0,0
2.5,5,4,0,0,-1,0,0
2.5,5,4,0,0,-1,0,0
2.5,5,4,0,0,-1,0,0
2.5,5,4,0,0,-1,0,0
2.5,5,4,0,0,-1,0,0
2.5,5,4,0,0,-1,0,0
2.5,5,4,0,0,-1,0,0
2.5,5,4,0,0,-1,0,0
2.5,5,4,0,0,-1,0,0
2.5,5,4,0,0,-1,0,0
2.5,5,4,0,0,-1,0,0
2.5,5,4,0,0,-1,0,0
2.5,5,4,0,0,-1,0,0
2.5,5,4,0,0,-1,0,0
2.5,5,4,0,0,-1,0,0
2.5,5,4,0,0,-1,0,0
2.5,5,4,0,0,-1,0,0
2.5,5,4,2.05337e-07,0.0177412,4,0,0
2.5,5,4,0,0,-1,0,0
2.5,5,4,0,0,-1,0,0
2.5,5,4,0,0,-1,0,0
2.5,5,4,0,0,-1,0,0
2.5,5,4,0,0,-1,0,0
2.5,5,4,0,0,-1,0,0
2.5,5,4,0,0,-1,0,0
2.5,5,4,0,0,-1,0,0
2.5,5,4,0,0,-1,0,0
2.5,5,4,0,0,-1,0,0
2.5,5,4,0,0,-1,0,0
2.5,5,4,0,0,-1,0,0
2.5,5,4,0,0,-1,0,0
2.5,5,4,4.10686e-07,0.0354833,4,0,0
2.5,5,4,0,0,-1,0,0
2.5,5,4,0,0,-1,0,0
2.5,5,4,0,0,-1,0,0
2.5,5,4,0,0,-1,0,0
2.5,5,4,3.7452e-07,0.0323585,4,0,0
2.5,5,4,0,0,-1,0,0
2.5,5,4,0,0,-1,0,0
2.5,5,4,0,0,-1,0,0
2.5,5,4,0,0,-1,0,0
2.5,5,4,0,0,-1,0,0
2.5,5,4,0,0,-1,0,0
2.5,5,4,0,0,-1,0,0
2.5,5,4,0,0,-1,0,0
2.5,5,4,0,0,-1,0,0
2.5,5,4,0,0,-1,0,0
2.5,5,4,0,0,-1,0,0
2.5,5,4,0,0,-1,0,0
2.5,5,4,4.49762e-07,0.0388594,4,0,0
2.5,5,4,0,0,-1,0,0
2.5,5,4,0,0,-1,0,0
2.5,5,4,0,0,-1,0,0
2.5,5,4,0,0,-1,0,0
2.5,5,4,0,0,-1,0,0
2.5,5,4,0,0,-1,0,0
2.5,5,4,0,0,-1,0,0
2.5,5,4,0,0,-1,0,0
2.5,5,4,0,0,-1,0,0
2.5,5,4,0,0,-1,0,0
2.5,5,4,0,0,-1,0,0
2.5,5,4,0,0,-1,0,0
2.5,5,4,0,0,-1,0,0
2.5,5,4,0,0,-1,0,0
2.5,5,4,0,0,-1,0,0
2.5,5,4,0,0,-1,0,0
2.5,5,4,0,0,-1,0,0
2.5,5,4,0,0,-1,0,0
2.5,5,4,0,0,-1,0,0
2.5,5,4,0,0,-1,0,0
2.5,5,4,0,0,-1,0,0
2.5,5,4,0,0,-1,0,0
2.5,5,4,0,0,-1,0,0
2.5,5,4,4.16527e-07,0.0359879,4,0,0
2.5,5,4,0,0,-1,0,0
2.5,5,4,4.45269e-07,0.0384712,4,0,0
2.5,5,4,0,0,-1,0,0
2.5,5,4,0,0,-1,0,0
2.5,5,4,0,0,-1,0,0
2.5,5,4,0,0,-1,0,0
2.5,5,4,0,0,-1,0,0
2.5,5,4,0,0,-1,0,0
2.5,5,4,0,0,-1,0,0
2.5,5,4,0,0,-1,0,0
2.5,5,4,0,0,-1,0,0
2.5,5,4,0,0,-1,0,0
2.5,5,4,0,0,-1,0,0
2.5,5,4,0,0,-1,0,0
2.5,5,4,0,0,-1,0,0
2.5,5,4,0,0,-1,0,0
2.5,5,4,0,0,-1,0,0
2.5,5,4,0,0,-1,0,0
2.5,5,4,0,0,-1,0,0
2.5,5,4,0,0,-1,0,0
2.5,5,4,0,0,-1,0,0
2.5,5,4,0,0,-1,0,0
2.5,5,4,4.38441e-07,0.0378813,4,0,0
2.5,5,4,0,0,-1,0,0
2.5,5,4,0,0,-1,0,0
2.5,5,4,0,0,-1,0,0
2.5,5,4,0,0,-1,0,0
2.5,5,4,0,0,-1,0,0
2.5,5,4,0,0,-1,0,0
2.5,5,4,0,0,-1,0,0
2.5,5,4,0,0,-1,0,0
2.5,5,4,0,0,-1,0,0
2.5,5,4,0,0,-1,0,0
2.5,5,4,0,0,-1,0,0
2.5,5,4,0,0,-1,0,0
2.5,5,4,0,0,-1,0,0
2.5,5,4,0,0,-1,0,0
2.5,5,4,0,0,-1,0,0
2.5,5,4,0,0,-1,0,0
2.5,5,4,0,0,-1,0,0
2.5,5,4,0,0,-1,0,0
2.5,5,4,0,0,-1,0,0
2.5,5,4,0,0,-1,0,0
2.5,5,4,0,0,-1,0,0
2.5,5,4,0,0,-1,0,0
2.5,5,4,0,0,-1,0,0
2.5,5,4,0,0,-1,0,0
2.5,5,4,0,0,-1,0,0
2.5,5,4,0,0,-1,0,0
2.5,5,4,0,0,-1,0,0
2.5,5,4,0,0,-1,0,0
2.5,5,4,0,0,-1,0,0
2.5,5,4,0,0,-1,0,0
2.5,5,4,0,0,-1,0,0
2.5,5,4,0,0,-1,0,0
2.5,5,4,0,0,-1,0,0
2.5,5,4,0,0,-1,0,0
2.5,5,4,0,0,-1,0,0
2.5,5,4,0,0,-1,0,0
2.5,5,4,0,0,-1,0,0
2.5,5,4,0,0,-1,0,0
2.5,5,4,0,0,-1,0,0
2.5,5,4,0,0,-1,0,0
2.5,5,4,0,0,-1,0,0
2.5,5,4,0,0,-1,0,0
2.5,5,4,0,0,-1,0,0
2.5,5,4,0,0,-1,0,0
2.5,5,4,0,0,-1,0,0
2.5,5,4,0,0,-1,0,0
2.5,5,4,0,0,-1,0,0
2.5,5,4,0,0,-1,0,0
2.5,5,4,0,0,-1,0,0
2.5,5,4,0,0,-1,0,0
2.5,5,4,0,0,-1,0,0
2.5,5,4,0,0,-1,0,0
2.5,5,4,0,0,-1,0,0
2.5,5,4,0,0,-1,0,0
2.5,5,4,0,0,-1,0,0
2.5,5,4,0,0,-1,0,0
2.5,5,4,0,0,-1,0,0
2.5,5,4,0,0,-1,0,0
2.5,5,4,0,0,-1,0,0
2.5,5,4,0,0,-1,0,0
2.5,5,4,0,0,-1,0,0
2.5,5,4,0,0,-1,0,0
2.5,5,4,0,0,-1,0,0
2.5,5,4,0,0,-1,0,0
2.5,5,4,0,0,-1,0,0
2.5,5,4,0,0,-1,0,0
2.5,5,4,0,0,-1,0,0
2.5,5,4,0,0,-1,0,0
2.5,5,4,0,0,-1,0,0
2.5,5,4,0,0,-1,0,0
2.5,5,4,0,0,-1,0,0
2.5,5,4,0,0,-1,0,0
2.5,5,4,0,0,-1,0,0
2.5,5,4,0,0,-1,0,0
2.5,5,4,0,0,-1,0,0
2.5,5,4,0,0,-1,0,0
2.5,5,4,0,0,-1,0,0
2.5,5,4,0,0,-1,0,0
2.5,5,4,0,0,-1,0,0
2.5,5,4,0,0,-1,0,0
2.5,5,4,0,0,-1,0,0
2.5,5,4,0,0,-1,0,0
2.5,5,4,0,0,-1,0,0
2.5,5,4,0,0,-1,0,0
2.5,5,4,0,0,-1,0,0
2.5,5,4,0,0,-1,0,0
2.5,5,4,0,0,-1,0,0
2.5,5,4,0,0,-1,0,0
2.5,5,4,0,0,-1,0,0
2.5,5,4,0,0,-1,0,0
2.5,5,4,0,0,-1,0,0
2.5,5,4,0,0,-1,0,0
2.5,5,4,0,0,-1,0,0
2.5,5,4,0,0,-1,0,0
2.5,5,4,0,0,-1,0,0
2.5,5,4,0,0,-1,0,0
2.5,5,4,0,0,-1,0,0
2.5,5,4,0,0,-1,0,0
2.5,5,4,0,0,-1,0,0
2.5,5,4,4.49908e-07,0.038872,4,0,0
2.5,5,4,0,0,-1,0,0
2.5,5,4,0,0,-1,0,0
2.5,5,4,0,0,-1,0,0
2.5,5,4,0,0,-1,0,0
2.5,5,4,0,0,-1,0,0
2.5,5,4,0,0,-1,0,0
2.5,5,4,0,0,-1,0,0
2.5,5,4,0,0,-1,0,0
2.5,5,4,0,0,-1,0,0
2.5,5,4,0,0,-1,0,0
2.5,5,4,0,0,-1,0,0
2.5,5,4,0,0,-1,0,0
2.5,5,4,0,0,-1,0,0
2.5,5,4,0,0,-1,0,0
2.5,5,4,0,0,-1,0,0
2.5,5,4,0,0,-1,0,0
2.5,5,4,0,0,-1,0,0
2.5,5,4,0,0,-1,0,0
2.5,5,4,0,0,-1,0,0
2.5,5,4,0,0,-1,0,0
2.5,5,4,0,0,-1,0,0
2.5,5,4,0,0,-1,0,0
2.5,5,4,0,0,-1,0,0
2.5,5,4,0,0,-1,0,0
2.5,5,4,0,0,-1,0,0
2.5,5,4,0,0,-1,0,0
2.5,5,4,0,0,-1,0,0
2.5,5,4,4.5036e-07,0.0389111,4,0,0
2.5,5,4,0,0,-1,0,0
2.5,5,4,0,0,-1,0,0
2.5,5,4,0,0,-1,0,0
2.5,5,4,0,0,-1,0,0
2.5,5,4,0,0,-1,0,0
2.5,5,4,0,0,-1,0,0
2.5,5,4,0,0,-1,0,0
2.5,5,4,0,0,-1,0,0
2.5,5,4,0,0,-1,0,0
2.5,5,4,0,0,-1,0,0
2.5,5,4,0,0,-1,0,0
2.5,5,4,0,0,-1,0,0
2.5,5,4,0,0,-1,0,0
2.5,5,4,0,0,-1,0,0
2.5,5,4,0,0,-1,0,0
2.5,5,4,0,0,-1,0,0
2.5,5,4,0,0,-1,0,0
2.5,5,4,0,0,-1,0,0
2.5,5,4,0,0,-1,0,0
2.5,5,4,0,0,-1,0,0
2.5,5,4,0,0,-1,0,0
2.5,5,4,0,0,-1,0,0
2.5,5,4,0,0,-1,0,0
2.5,5,4,4.28615e-07,0.0370324,4,0,0
2.5,5,4,0,0,-1,0,0
2.5,5,4,0,0,-1,0,0
2.5,5,4,0,0,-1,0,0
2.5,5,4,0,0,-1,0,0
2.5,5,4,4.41927e-07,0.0381825,4,0,0
2.5,5,4,0,0,-1,0,0
2.5,5,4,0,0,-1,0,0
2.5,5,4,0,0,-1,0,0
2.5,5,4,0,0,-1,0,0
2.5,5,4,0,0,-1,0,0
2.5,5,4,0,0,-1,0,0
2.5,5,4,0,0,-1,0,0
2.5,5,4,0,0,-1,0,0
2.5,5,4,0,0,-1,0,0
2.5,5,4,0,0,-1,0,0
2.5,5,4,4.45106e-07,0.0384572,4,0,0
2.5,5,4,0,0,-1,0,0
2.5,5,4,0,0,-1,0,0
2.5,5,4,0,0,-1,0,0
2.5,5,4,0,0,-1,0,0
2.5,5,4,0,0,-1,0,0
2.5,5,4,0,0,-1,0,0
2.5,5,4,3.69498e-07,0.0319246,4,0,0
2.5,5,4,0,0,-1,0,0
2.5,5,4,0,0,-1,0,0
2.5,5,4,0,0,-1,0,0
2.5,5,4,0,0,-1,0,0
2.5,5,4,0,0,-1,0,0
2.5,5,4,0,0,-1,0,0
2.5,5,4,0,0,-1,0,0
2.5,5,4,0,0,-1,0,0
2.5,5,4,0,0,-1,0,0
2.5,5,4,0,0,-1,0,0
2.5,5,4,0,0,-1,0,0
2.5,5,4,0,0,-1,0,0
2.5,5,4,0,0,-1,0,0
2.5,5,4,0,0,-1,0,0
2.5,5,4,4.04532e-07,0.0349516,4,0,0
2.5,5,4,0,0,-1,0,0
2.5,5,4,0,0,-1,0,0
2.5,5,4,0,0,-1,0,0
2.5,5,4,0,0,-1,0,0
2.5,5,4,0,0,-1,0,0
2.5,5,4,0,0,-1,0,0
2.5,5,4,1.51297e-07,0.013072,4,0,0
2.5,5,4,0,0,-1,0,0
2.5,5,4,0,0,-1,0,0
2.5,5,4,0,0,-1,0,0
2.5,5,4,0,0,-1,0,0
2.5,5,4,0,0,-1,0,0
2.5,5,4,3.57809e-07,0.0309147,4,0,0
2.5,5,4,0,0,-1,0,0
2.5,5,4,0,0,-1,0,0
2.5,5,4,0,0,-1,0,0
2.5,5,4,0,0,-1,0,0
2.5,5,4,0,0,-1,0,0
2.5,5,4,0,0,-1,0,0
2.5,5,4,0,0,-1,0,0
2.5,5,4,0,0,-1,0,0
2.5,5,4,4.50923e-07,0.0389598,4,0,0
2.5,5,4,0,0,-1,0,0
2.5,5,4,0,0,-1,0,0
2.5,5,4,0,0,-1,0,0
2.5,5,4,0,0,-1,0,0
2.5,5,4,0,0,-1,0,0
2.5,5,4,0,0,-1,0,0
2.5,5,4,0,0,-1,0,0
2.5,5,4,0,0,-1,0,0
2.5,5,4,0,0,-1,0,0
2.5,5,4,0,0,-1,0,0
2.5,5,4,0,0,-1,0,0
2.5,5,4,0,0,-1,0,0
2.5,5,4,0,0,-1,0,0
2.5,5,4,0,0,-1,0,0
2.5,5,4,0,0,-1,0,0
2.5,5,4,0,0,-1,0,0
2.5,5,4,0,0,-1,0,0
2.5,5,4,0,0,-1,0,0
2.5,5,4,0,0,-1,0,0
2.5,5,4,0,0,-1,0,0
2.5,5,4,0,0,-1,0,0
2.5,5,4,0,0,-1,0,0
2.5,5,4,0,0,-1,0,0
2.5,5,4,0,0,-1,0,0
2.5,5,4,0,0,-1,0,0
2.5,5,4,0,0,-1,0,0
2.5,5,4,0,0,-1,0,0
2.5,5,4,0,0,-1,0,0
2.5,5,4,0,0,-1,0,0
2.5,5,4,0,0,-1,0,0
2.5,5,4,0,0,-1,0,0
2.5,5,4,0,0,-1,0,0
2.5,5,4,0,0,-1,0,0
2.5,5,4,0,0,-1,0,0
2.5,5,4,0,0,-1,0,0
2.5,5,4,0,0,-1,0,0
2.5,5,4,0,0,-1,0,0
2.5,5,4,0,0,-1,0,0
2.5,5,4,0,0,-1,0,0
2.5,5,4,0,0,-1,0,0
2.5,5,4,0,0,-1,0,0
2.5,5,4,0,0,-1,0,0
2.5,5,4,0,0,-1,0,0
2.5,5,4,0,0,-1,0,0
2.5,5,4,0,0,-1,0,0
2.5,5,4,0,0,-1,0,0
2.5,5,4,0,0,-1,0,0
2.5,5,4,0,0,-1,0,0
2.5,5,4,0,0,-1,0,0
2.5,5,4,4.52102e-07,0.0390616,4,0,0
2.5,5,4,0,0,-1,0,0
2.5,5,4,0,0,-1,0,0
2.5,5,4,6.89452e-09,0.000595686,4,0,0
2.5,5,4,0,0,-1,0,0
2.5,5,4,0,0,-1,0,0
2.5,5,4,0,0,-1,0,0
2.5,5,4,0,0,-1,0,0
2.5,5,4,0,0,-1,0,0
2.5,5,4,0,0,-1,0,0
2.5,5,4,0,0,-1,0,0
2.5,5,4,0,0,-1,0,0
2.5,5,4,0,0,-1,0,0
2.5,5,4,0,0,-1,0,0
2.5,5,4,0,0,-1,0,0
2.5,5,4,0,0,-1,0,0
2.5,5,4,0,0,-1,0,0
2.5,5,4,0,0,-1,0,0
2.5,5,4,0,0,-1,0,0
2.5,5,4,0,0,-1,0,0
2.5,5,4,0,0,-1,0,0
2.5,5,4,0,0,-1,0,0
2.5,5,4,0,0,-1,0,0
2.5,5,4,0,0,-1,0,0
2.5,5,4,0,0,-1,0,0
2.5,5,4,0,0,-1,0,0
2.5,5,4,0,0,-1,0,0
2.5,5,4,0,0,-1,0,0
2.5,5,4,0,0,-1,0,0
2.5,5,4,0,0,-1,0,0
2.5,5,4,0,0,-1,0,0
2.5,5,4,0,0,-1,0,0
2.5,5,4,0,0,-1,0,0
2.5,5,4,0,0,-1,0,0
2.5,5,4,0,0,-1,0,0
2.5,5,4,0,0,-1,0,0
2.5,5,4,0,0,-1,0,0
2.5,5,4,0,0,-1,0,0
2.5,5,4,0,0,-1,0,0
2.5,5,4,0,0,-1,0,0
2.5,5,4,0,0,-1,0,0
2.5,5,4,0,0,-1,0,0
2.5,5,4,0,0,-1,0,0
2.5,5,4,0,0,-1,0,0
2.5,5,4,0,0,-1,0,0
2.5,5,4,0,0,-1,0,0
2.5,5,4,0,0,-1,0,0
2.5,5,4,0,0,-1,0,0
2.5,5,4,0,0,-1,0,0
2.5,5,4,0,0,-1,0,0
2.5,5,4,4.10767e-07,0.0354903,3,1.1,0
2.5,5,4,0,0,-1,0,0
2.5,5,4,4.46617e-07,0.0385877,4,0,0
2.5,5,4,0,0,-1,0,0
2.5,5,4,0,0,-1,0,0
2.5,5,4,0,0,-1,0,0
2.5,5,4,0,0,-1,0,0
2.5,5,4,0,0,-1,0,0
2.5,5,4,0,0,-1,0,0
2.5,5,4,0,0,-1,0,0
2.5,5,4,0,0,-1,0,0
2.5,5,4,0,0,-1,0,0
2.5,5,4,0,0,-1,0,0
2.5,5,4,0,0,-1,0,0
2.5,5,4,0,0,-1,0,0
2.5,5,4,0,0,-1,0,0
2.5,5,4,0,0,-1,0,0
2.5,5,4,0,0,-1,0,0
2.5,5,4,0,0,-1,0,0
2.5,5,4,0,0,-1,0,0
2.5,5,4,0,0,-1,0,0
2.5,5,4,0,0,-1,0,0
2.5,5,4,0,0,-1,0,0
2.5,5,4,0,0,-1,0,0
2.5,5,4,0,0,-1,0,0
2.5,5,4,0,0,-1,0,0
2.5,5,4,0,0,-1,0,0
2.5,5,4,4.40674e-07,0.0380743,4,0,0
2.5,5,4,0,0,-1,0,0
2.5,5,4,0,0,-1,0,0
2.5,5,4,0,0,-1,0,0
2.5,5,4,0,0,-1,0,0
2.5,5,4,4.46323e-07,0.0385623,4,0,0
2.5,5,4,0,0,-1,0,0
2.5,5,4,0,0,-1,0,0
2.5,5,4,0,0,-1,0,0
2.5,5,4,0,0,-1,0,0
2.5,5,4,0,0,-1,0,0
2.5,5,4,0,0,-1,0,0
2.5,5,4,0,0,-1,0,0
2.5,5,4,0,0,-1,0,0
2.5,5,4,0,0,-1,0,0
2.5,5,4,0,0,-1,0,0
2.5,5,4,0,0,-1,0,0
2.5,5,4,0,0,-1,0,0
2.5,5,4,0,0,-1,0,0
2.5,5,4,0,0,-1,0,0
2.5,5,4,0,0,-1,0,0
2.5,5,4,0,0,-1,0,0
2.5,5,4,0,0,-1,0,0
2.5,5,4,0,0,-1,0,0
2.5,5,4,0,0,-1,0,0
2.5,5,4,0,0,-1,0,0
2.5,5,4,0,0,-1,0,0
2.5,5,4,0,0,-1,0,0
2.5,5,4,0,0,-1,0,0
2.5,5,4,0,0,-1,0,0
2.5,5,4,0,0,-1,0,0
2.5,5,4,0,0,-1,0,0
2.5,5,4,0,0,-1,0,0
2.5,5,4,0,0,-1,0,0
2.5,5,4,0,0,-1,0,0
2.5,5,4,0,0,-1,0,0
2.5,5,4,0,0,-1,0,0
2.5,5,4,0,0,-1,0,0
2.5,5,4,0,0,-1,0,0
2.5,5,4,0,0,-1,0,0
2.5,5,4,0,0,-1,0,0
2.5,5,4,0,0,-1,0,0
2.5,5,4,0,0,-1,0,0
2.5,5,4,0,0,-1,0,0
2.5,5,4,0,0,-1,0,0
2.5,5,4,0,0,-1,0,0
2.5,5,4,0,0,-1,0,0
2.5,5,4,0,0,-1,0,0
2.5,5,4,0,0,-1,0,0
2.5,5,4,0,0,-1,0,0
2.5,5,4,0,0,-1,0,0
2.5,5,4,0,0,-1,0,0
2.5,5,4,0,0,-1,0,0
2.5,5,4,0,0,-1,0,0
2.5,5,4,0,0,-1,0,0
2.5,5,4,0,0,-1,0,0
2.5,5,4,0,0,-1,0,0
2.5,5,4,0,0,-1,0,0
2.5,5,4,0,0,-1,0,0
2.5,5,4,0,0,-1,0,0
2.5,5,4,0,0,-1,0,0
2.5,5,4,0,0,-1,0,0
2.5,5,4,0,0,-1,0,0
2.5,5,4,0,0,-1,0,0
2.5,5,4,0,0,-1,0,0
2.5,5,4,0,0,-1,0,0
2.5,5,4,0,0,-1,0,0
2.5,5,4,0,0,-1,0,0
2.5,5,4,0,0,-1,0,0
2.5,5,4,0,0,-1,0,0
2.5,5,4,0,0,-1,0,0
2.5,5,4,0,0,-1,0,0
2.5,5,4,0,0,-1,0,0
2.5,5,4,0,0,-1,0,0
2.5,5,4,0,0,-1,0,0
2.5,5,4,0,0,-1,0,0
2.5,5,4,0,0,-1,0,0
2.5,5,4,0,0,-1,0,0
2.5,5,4,0,0,-1,0,0
2.5,5,4,0,0,-1,0,0
2.5,5,4,0,0,-1,0,0
2.5,5,4,0,0,-1,0,0
2.5,5,4,0,0,-1,0,0
2.5,5,4,0,0,-1,0,0
2.5,5,4,0,0,-1,0,0
2.5,5,4,0,0,-1,0,0
2.5,5,4,0,0,-1,0,0
2.5,5,4,0,0,-1,0,0
2.5,5,4,0,0,-1,0,0
2.5,5,4,0,0,-1,0,0
2.5,5,4,0,0,-1,0,0
2.5,5,4,0,0,-1,0,0
2.5,5,4,0,0,-1,0,0
2.5,5,4,0,0,-1,0,0
2.5,5,4,0,0,-1,0,0
2.5,5,4,0,0,-1,0,0
2.5,5,4,0,0,-1,0,0
2.5,5,4,1.92756e-07,0.0166542,3,1.1,0
2.5,5,4,3.42687e-07,0.0296082,4,0,0
2.5,5,4,0,0,-1,0,0
2.5,5,4,0,0,-1,0,0
2.5,5,4,0,0,-1,0,0
2.5,5,4,0,0,-1,0,0
2.5,5,4,0,0,-1,0,0
2.5,5,4,0,0,-1,0,0
2.5,5,4,0,0,-1,0,0
2.5,5,4,0,0,-1,0,0
2.5,5,4,3.70533e-07,0.0320141,4,0,0
2.5,5,4,0,0,-1,0,0
2.5,5,4,0,0,-1,0,0
2.5,5,4,0,0,-1,0,0
2.5,5,4,0,0,-1,0,0
2.5,5,4,0,0,-1,0,0
2.5,5,4,0,0,-1,0,0
2.5,5,4,0,0,-1,0,0
2.5,5,4,0,0,-1,0,0
2.5,5,4,0,0,-1,0,0
2.5,5,4,0,0,-1,0,0
2.5,5,4,0,0,-1,0,0
2.5,5,4,0,0,-1,0,0
2.5,5,4,0,0,-1,0,0
2.5,5,4,0,0,-1,0,0
2.5,5,4,0,0,-1,0,0
2.5,5,4,0,0,-1,0,0
2.5,5,4,0,0,-1,0,0
2.5,5,4,0,0,-1,0,0
2.5,5,4,0,0,-1,0,0
2.5,5,4,3.54845e-07,0.0306586,4,0,0
2.5,5,4,0,0,-1,0,0
2.5,5,4,0,0,-1,0,0
2.5,5,4,0,0,-1,0,0
2.5,5,4,0,0,-1,0,0
2.5,5,4,0,0,-1,0,0
2.5,5,4,0,0,-1,0,0
2.5,5,4,0,0,-1,0,0
2.5,5,4,3.00343e-07,0.0259497,4,0,0
2.5,5,4,0,0,-1,0,0
2.5,5,4,0,0,-1,0,0
2.5,5,4,0,0,-1,0,0
2.5,5,4,0,0,-1,0,0
2.5,5,4,0,0,-1,0,0
2.5,5,4,0,0,-1,0,0
2.5,5,4,0,0,-1,0,0
2.5,5,4,0,0,-1,0,0
2.5,5,4,0,0,-1,0,0
2.5,5,4,0,0,-1,0,0
2.5,5,4,0,0,-1,0,0
2.5,5,4,0,0,-1,0,0
2.5,5,4,0,0,-1,0,0
2.5,5,4,0,0,-1,0,0
2.5,5,4,0,0,-1,0,0
2.5,5,4,0,0,-1,0,0
2.5,5,4,0,0,-1,0,0
2.5,5,4,0,0,-1,0,0
2.5,5,4,0,0,-1,0,0
2.5,5,4,3.13186e-07,0.0270593,4,0,0
2.5,5,4,0,0,-1,0,0
2.5,5,4,3.3531e-07,0.0289708,4,0,0
2.5,5,4,0,0,-1,0,0
2.5,5,4,0,0,-1,0,0
2.5,5,4,0,0,-1,0,0
2.5,5,4,0,0,-1,0,0
2.5,5,4,0,0,-1,0,0
2.5,5,4,0,0,-1,0,0
2.5,5,4,0,0,-1,0,0
2.5,5,4,0,0,-1,0,0
2.5,5,4,0,0,-1,0,0
2.5,5,4,0,0,-1,0,0
2.5,5,4,0,0,-1,0,0
2.5,5,4,0,0,-1,0,0
2.5,5,4,0,0,-1,0,0
2.5,5,4,0,0,-1,0,0
2.5,5,4,0,0,-1,0,0
2.5,5,4,0,0,-1,0,0
2.5,5,4,0,0,-1,0,0
2.5,5,4,0,0,-1,0,0
2.5,5,4,0,0,-1,0,0
2.5,5,4,0,0,-1,0,0
2.5,5,4,0,0,-1,0,0
2.5,5,4,0,0,-1,0,0
2.5,5,4,0,0,-1,0,0
2.5,5,4,0,0,-1,0,0
2.5,5,4,4.50731e-07,0.0389431,4,0,0
2.5,5,4,0,0,-1,0,0
2.5,5,4,0,0,-1,0,0
2.5,5,4,0,0,-1,0,0
2.5,5,4,0,0,-1,0,0
2.5,5,4,0,0,-1,0,0
2.5,5,4,0,0,-1,0,0
2.5,5,4,0,0,-1,0,0
2.5,5,4,0,0,-1,0,0
2.5,5,4,0,0,-1,0,0
2.5,5,4,0,0,-1,0,0
2.5,5,4,0,0,-1,0,0
2.5,5,4,0,0,-1,0,0
2.5,5,4,0,0,-1,0,0
2.5,5,4,0,0,-1,0,0
2.5,5,4,0,0,-1,0,0
2.5,5,4,0,0,-1,0,0
2.5,5,4,0,0,-1,0,0
2.5,5,4,0,0,-1,0,0
2.5,5,4,0,0,-1,0,0
2.5,5,4,0,0,-1,0,0
2.5,5,4,0,0,-1,0,0
2.5,5,4,0,0,-1,0,0
2.5,5,4,0,0,-1,0,0
2.5,5,4,0,0,-1,0,0
2.5,5,4,0,0,-1,0,0
2.5,5,4,0,0,-1,0,0
2.5,5,4,4.28287e-07,0.037004,4,0,0
2.5,5,4,0,0,-1,0,0
2.5,5,4,0,0,-1,0,0
2.5,5,4,0,0,-1,0,0
2.5,5,4,0,0,-1,0,0
2.5,5,4,0,0,-1,0,0
2.5,5,4,0,0,-1,0,0
2.5,5,4,0,0,-1,0,0
2.5,5,4,0,0,-1,0,0
2.5,5,4,0,0,-1,0,0
2.5,5,4,0,0,-1,0,0
2.5,5,4,0,0,-1,0,0
2.5,5,4,0,0,-1,0,0
2.5,5,4,0,0,-1,0,0
2.5,5,4,0,0,-1,0,0
2.5,5,4,0,0,-1,0,0
2.5,5,4,0,0,-1,0,0
2.5,5,4,0,0,-1,0,0
2.5,5,4,0,0,-1,0,0
2.5,5,4,0,0,-1,0,0
2.5,5,4,0,0,-1,0,0
2.5,5,4,0,0,-1,0,0
2.5,5,4,0,0,-1,0,0
2.5,5,4,0,0,-1,0,0
2.5,5,4,0,0,-1,0,0
2.5,5,4,0,0,-1,0,0
2.5,5,4,0,0,-1,0,0
2.5,5,4,0,0,-1,0,0
2.5,5,4,0,0,-1,0,0
2.5,5,4,0,0,-1,0,0
2.5,5,4,0,0,-1,0,0
2.5,5,4,0,0,-1,0,0
2.5,5,4,0,0,-1,0,0
2.5,5,4,0,0,-1,0,0
2.5,5,4,0,0,-1,0,0
2.5,5,4,0,0,-1,0,0
2.5,5,4,0,0,-1,0,0
2.5,5,4,0,0,-1,0,0
2.5,5,4,0,0,-1,0,0
2.5,5,4,0,0,-1,0,0
2.5,5,4,0,0,-1,0,0
2.5,5,4,0,0,-1,0,0
2.5,5,4,0,0,-1,0,0
2.5,5,4,0,0,-1,0,0
2.5,5,4,0,0,-1,0,0
2.5,5,4,0,0,-1,0,0
2.5,5,4,0,0,-1,0,0
2.5,5,4,0,0,-1,0,0
2.5,5,4,0,0,-1,0,0
2.5,5,4,0,0,-1,0,0
2.5,5,4,0,0,-1,0,0
2.5,5,4,0,0,-1,0,0
2.5,5,4,0,0,-1,0,0
2.5,5,4,0,0,-1,0,0
2.5,5,4,0,0,-1,0,0
2.5,5,4,0,0,-1,0,0
2.5,5,4,0,0,-1,0,0
2.5,5,4,0,0,-1,0,0
2.5,5,4,0,0,-1,0,0
2.5,5,4,0,0,-1,0,0
2.5,5,4,0,0,-1,0,0
2.5,5,4,0,0,-1,0,0
2.5,5,4,0,0,-1,0,0
2.5,5,4,0,0,-1,0,0
2.5,5,4,0,0,-1,0,0
2.5,5,4,0,0,-1,0,0
2.5,5,4,4.41806e-07,0.0381721,4,0,0
2.5,5,4,0,0,-1,0,0
2.5,5,4,0,0,-1,0,0
2.5,5,4,0,0,-1,0,0
2.5,5,4,0,0,-1,0,0
2.5,5,4,0,0,-1,0,0
2.5,5,4,0,0,-1,0,0
2.5,5,4,0,0,-1,0,0
2.5,5,4,0,0,-1,0,0
2.5,5,4,0,0,-1,0,0
2.5,5,4,0,0,-1,0,0
2.5,5,4,0,0,-1,0,0
2.5,5,4,0,0,-1,0,0
2.5,5,4,0,0,-1,0,0
2.5,5,4,4.32654e-07,0.0373813,4,0,0
2.5,5,4,0,0,-1,0,0
2.5,5,4,0,0,-1,0,0
2.5,5,4,0,0,-1,0,0
2.5,5,4,0,0,-1,0,0
2.5,5,4,0,0,-1,0,0
2.5,5,4,3.4162e-07,0.029516,4,0,0
2.5,5,4,0,0,-1,0,0
2.5,5,4,0,0,-1,0,0
2.5,5,4,0,0,-1,0,0
2.5,5,4,0,0,-1,0,0
2.5,5,4,0,0,-1,0,0
2.5,5,4,0,0,-1,0,0
2.5,5,4,0,0,-1,0,0
2.5,5,4,0,0,-1,0,0
2.5,5,4,4.32491e-07,0.0373672,4,0,0
2.5,5,4,0,0,-1,0,0
2.5,5,4,0,0,-1,0,0
2.5,5,4,0,0,-1,0,0
2.5,5,4,0,0,-1,0,0
2.5,5,4,0,0,-1,0,0
2.5,5,4,0,0,-1,0,0
2.5,5,4,4.32684e-07,0.0373839,4,0,0
2.5,5,4,0,0,-1,0,0
2.5,5,4,0,0,-1,0,0
2.5,5,4,0,0,-1,0,0
2.5,5,4,0,0,-1,0,0
2.5,5,4,4.49405e-07,0.0388286,4,0,0
2.5,5,4,0,0,-1,0,0
2.5,5,4,0,0,-1,0,0
2.5,5,4,0,0,-1,0,0
2.5,5,4,0,0,-1,0,0
2.5,5,4,0,0,-1,0,0
2.5,5,4,0,0,-1,0,0
2.5,5,4,0,0,-1,0,0
2.5,5,4,0,0,-1,0,0
2.5,5,4,2.15079e-07,0.0185828,3,1.1,0
2.5,5,4,3.10657e-07,0.0268407,4,0,0
2.5,5,4,0,0,-1,0,0
2.5,5,4,0,0,-1,0,0
2.5,5,4,0,0,-1,0,0
2.5,5,4,4.41897e-07,0.0381799,4,0,0
2.5,5,4,0,0,-1,0,0
2.5,5,4,0,0,-1,0,0
2.5,5,4,0,0,-1,0,0
2.5,5,4,0,0,-1,0,0
2.5,5,4,0,0,-1,0,0
2.5,5,4,0,0,-1,0,0
2.5,5,4,0,0,-1,0,0
2.5,5,4,2.35395e-07,0.0203381,3,1.1,0
2.5,5,4,0,0,-1,0,0
2.5,5,4,0,0,-1,0,0
2.5,5,4,0,0,-1,0,0
2.5,5,4,0,0,-1,0,0
2.5,5,4,0,0,-1,0,0
2.5,5,4,0,0,-1,0,0
2.5,5,4,0,0,-1,0,0
2.5,5,4,0,0,-1,0,0
2.5,5,4,0,0,-1,0,0
2.5,5,4,0,0,-1,0,0
2.5,5,4,0,0,-1,0,0
2.5,5,4,0,0,-1,0,0
2.5,5,4,0,0,-1,0,0
2.5,5,4,0,0,-1,0,0
2.5,5,4,0,0,-1,0,0
2.5,5,4,0,0,-1,0,0
2.5,5,4,0,0,-1,0,0
2.5,5,4,0,0,-1,0,0
2.5,5,4,4.49239e-07,0.0388143,4,0,0
2.5,5,4,0,0,-1,0,0
2.5,5,4,4.52108e-07,0.0390621,4,0,0
2.5,5,4,0,0,-1,0,0
2.5,5,4,0,0,-1,0,0
2.5,5,4,0,0,-1,0,0
2.5,5,4,0,0,-1,0,0
2.5,5,4,0,0,-1,0,0
2.5,5,4,0,0,-1,0,0
2.5,5,4,0,0,-1,0,0
2.5,5,4,0,0,-1,0,0
2.5,5,4,0,0,-1,0,0
2.5,5,4,0,0,-1,0,0
2.5,5,4,0,0,-1,0,0
2.5,5,4,0,0,-1,0,0
2.5,5,4,4.47789e-07,0.0386889,4,0,0
2.5,5,4,0,0,-1,0,0
2.5,5,4,0,0,-1,0,0
2.5,5,4,0,0,-1,0,0
2.5,5,4,0,0,-1,0,0
2.5,5,4,0,0,-1,0,0
2.5,5,4,0,0,-1,0,0
2.5,5,4,0,0,-1,0,0
2.5,5,4,0,0,-1,0,0
2.5,5,4,0,0,-1,0,0
2.5,5,4,0,0,-1,0,0
2.5,5,4,0,0,-1,0,0
2.5,5,4,0,0,-1,0,0
2.5,5,4,0,0,-1,0,0
2.5,5,4,0,0,-1,0,0
2.5,5,4,0,0,-1,0,0
2.5,5,4,1.21723e-07,0.0105168,4,0,0
2.5,5,4,0,0,-1,0,0
2.5,5,4,0,0,-1,0,0
2.5,5,4,0,0,-1,0,0
2.5,5,4,0,0,-1,0,0
2.5,5,4,0,0,-1,0,0
2.5,5,4,4.22381e-07,0.0364937,4,0,0
2.5,5,4,0,0,-1,0,0
2.5,5,4,0,0,-1,0,0
2.5,5,4,0,0,-1,0,0
2.5,5,4,0,0,-1,0,0
2.5,5,4,0,0,-1,0,0
2.5,5,4,0,0,-1,0,0
2.5,5,4,0,0,-1,0,0
2.5,5,4,0,0,-1,0,0
2.5,5,4,0,0,-1,0,0
2.5,5,4,0,0,-1,0,0
2.5,5,4,0,0,-1,0,0
2.5,5,4,0,0,-1,0,0
2.5,5,4,0,0,-1,0,0
2.5,5,4,0,0,-1,0,0
2.5,5,4,0,0,-1,0,0
2.5,5,4,0,0,-1,0,0
2.5,5,4,0,0,-1,0,0
2.5,5,4,0,0,-1,0,0
2.5,5,4,0,0,-1,0,0
2.5,5,4,0,0,-1,0,0
2.5,5,4,0,0,-1,0,0
2.5,5,4,0,0,-1,0,0
2.5,5,4,0,0,-1,0,0
2.5,5,4,0,0,-1,0,0
2.5,5,4,0,0,-1,0,0
2.5,5,4,0,0,-1,0,0
2.5,5,4,0,0,-1,0,0
2.5,5,4,0,0,-1,0,0
2.5,5,4,0,0,-1,0,0
2.5,5,4,0,0,-1,0,0
2.5,5,4,0,0,-1,0,0
2.5,5,4,0,0,-1,0,0
2.5,5,4,0,0,-1,0,0
2.5,5,4,0,0,-1,0,0
2.5,5,4,0,0,-1,0,0
2.5,5,4,0,0,-1,0,0
2.5,5,4,0,0,-1,0,0
2.5,5,4,0,0,-1,0,0
2.5,5,4,0,0,-1,0,0
2.5,5,4,0,0,-1,0,0
2.5,5,4,0,0,-1,0,0
2.5,5,4,0,0,-1,0,0
2.5,5,4,0,0,-1,0,0
2.5,5,4,0,0,-1,0,0
2.5,5,4,0,0,-1,0,0
2.5,5,4,0,0,-1,0,0
2.5,5,4,0,0,-1,0,0
2.5,5,4,0,0,-1,0,0
2.5,5,4,0,0,-1,0,0
2.5,5,4,0,0,-1,0,0
2.5,5,4,0,0,-1,0,0
2.5,5,4,0,0,-1,0,0
2.5,5,4,0,0,-1,0,0
2.5,5,4,0,0,-1,0,0
2.5,5,4,0,0,-1,0,0
2.5,5,4,0,0,-1,0,0
2.5,5,4,0,0,-1,0,0
2.5,5,4,0,0,-1,0,0
2.5,5,4,0,0,-1,0,0
2.5,5,4,0,0,-1,0,0
2.5,5,4,0,0,-1,0,0
2.5,5,4,0,0,-1,0,0
2.5,5,4,0,0,-1,0,0
2.5,5,4,0,0,-1,0,0
2.5,5,4,0,0,-1,0,0
2.5,5,4,0,0,-1,0,0
2.5,5,4,0,0,-1,0,0
2.5,5,4,0,0,-1,0,0
2.5,5,4,0,0,-1,0,0
2.5,5,4,0,0,-1,0,0
2.5,5,4,0,0,-1,0,0
2.5,5,4,0,0,-1,0,0
2.5,5,4,0,0,-1,0,0
2.5,5,4,0,0,-1,0,0
2.5,5,4,0,0,-1,0,0
2.5,5,4,0,0,-1,0,0
2.5,5,4,0,0,-1,0,0
2.5,5,4,0,0,-1,0,0
2.5,5,4,0,0,-1,0,0
2.5,5,4,0,0,-1,0,0
2.5,5,4,0,0,-1,0,0
2.5,5,4,0,0,-1,0,0
2.5,5,4,0,0,-1,0,0
2.5,5,4,0,0,-1,0,0
2.5,5,4,0,0,-1,0,0
2.5,5,4,0,0,-1,0,0
2.5,5,4,0,0,-1,0,0
2.5,5,4,0,0,-1,0,0
2.5,5,4,0,0,-1,0,0
2.5,5,4,0,0,-1,0,0
2.5,5,4,0,0,-1,0,0
2.5,5,4,0,0,-1,0,0
2.5,5,4,0,0,-1,0,0
2.5,5,4,0,0,-1,0,0
2.5,5,4,0,0,-1,0,0
2.5,5,4,0,0,-1,0,0
2.5,5,4,0,0,-1,0,0
2.5,5,4,0,0,-1,0,0
2.5,5,4,4.50333e-07,0.0389087,4,0,0
2.5,5,4,0,0,-1,0,0
2.5,5,4,0,0,-1,0,0
2.5,5,4,0,0,-1,0,0
2.5,5,4,0,0,-1,0,0
2.5,5,4,0,0,-1,0,0
2.5,5,4,0,0,-1,0,0
2.5,5,4,0,0,-1,0,0
2.5,5,4,0,0,-1,0,0
2.5,5,4,0,0,-1,0,0
2.5,5,4,0,0,-1,0,0
2.5,5,4,0,0,-1,0,0
2.5,5,4,0,0,-1,0,0
2.5,5,4,0,0,-1,0,0
2.5,5,4,0,0,-1,0,0
2.5,5,4,0,0,-1,0,0
2.5,5,4,0,0,-1,0,0
2.5,5,4,0,0,-1,0,0
2.5,5,4,0,0,-1,0,0
2.5,5,4,0,0,-1,0,0
2.5,5,4,0,0,-1,0,0
2.5,5,4,0,0,-1,0,0
2.5,5,4,0,0,-1,0,0
2.5,5,4,0,0,-1,0,0
2.5,5,4,0,0,-1,0,0
2.5,5,4,0,0,-1,0,0
2.5,5,4,0,0,-1,0,0
2.5,5,4,0,0,-1,0,0
2.5,5,4,0,0,-1,0,0
2.5,5,4,0,0,-1,0,0
2.5,5,4,0,0,-1,0,0
2.5,5,4,0,0,-1,0,0
2.5,5,4,0,0,-1,0,0
2.5,5,4,0,0,-1,0,0
2.5,5,4,0,0,-1,0,0
2.5,5,4,0,0,-1,0,0
2.5,5,4,0,0,-1,0,0
2.5,5,4,0,0,-1,0,0
2.5,5,4,0,0,-1,0,0
2.5,5,4,0,0,-1,0,0
2.5,5,4,0,0,-1,0,0
2.5,5,4,0,0,-1,0,0
2.5,5,4,0,0,-1,0,0
2.5,5,4,0,0,-1,0,0
2.5,5,4,0,0,-1,0,0
2.5,5,4,0,0,-1,0,0
2.5,5,4,0,0,-1,0,0
2.5,5,4,0,0,-1,0,0
2.5,5,4,0,0,-1,0,0
2.5,5,4,0,0,-1,0,0
2.5,5,4,0,0,-1,0,0
2.5,5,4,0,0,-1,0,0
2.5,5,4,0,0,-1,0,0
2.5,5,4,0,0,-1,0,0
2.5,5,4,4.462e-07,0.0385517,4,0,0
2.5,5,4,0,0,-1,0,0
2.5,5,4,3.8275e-07,0.0330696,4,0,0
2.5,5,4,0,0,-1,0,0
2.5,5,4,0,0,-1,0,0
2.5,5,4,0,0,-1,0,0
2.5,5,4,0,0,-1,0,0
2.5,5,4,0,0,-1,0,0
2.5,5,4,0,0,-1,0,0
2.5,5,4,0,0,-1,0,0
2.5,5,4,0,0,-1,0,0
2.5,5,4,0,0,-1,0,0
2.5,5,4,0,0,-1,0,0
2.5,5,4,0,0,-1,0,0
2.5,5,4,0,0,-1,0,0
2.5,5,4,0,0,-1,0,0
2.5,5,4,0,0,-1,0,0
2.5,5,4,0,0,-1,0,0
2.5,5,4,0,0,-1,0,0
2.5,5,4,0,0,-1,0,0
2.5,5,4,0,0,-1,0,0
2.5,5,4,0,0,-1,0,0
2.5,5,4,0,0,-1,0,0
2.5,5,4,0,0,-1,0,0
2.5,5,4,0,0,-1,0,0
2.5,5,4,0,0,-1,0,0
2.5,5,4,0,0,-1,0,0
2.5,5,4,0,0,-1,0,0
2.5,5,4,0,0,-1,0,0
2.5,5,4,0,0,-1,0,0
2.5,5,4,0,0,-1,0,0
2.5,5,4,0,0,-1,0,0
2.5,5,4,0,0,-1,0,0
2.5,5,4,0,0,-1,0,0
2.5,5,4,0,0,-1,0,0
2.5,5,4,0,0,-1,0,0
2.5,5,4,0,0,-1,0,0
2.5,5,4,0,0,-1,0,0
2.5,5,4,0,0,-1,0,0
2.5,5,4,0,0,-1,0,0
2.5,5,4,0,0,-1,0,0
2.5,5,4,0,0,-1,0,0
2.5,5,4,0,0,-1,0,0
2.5,5,4,0,0,-1,0,0
2.5,5,4,0,0,-1,0,0
2.5,5,4,0,0,-1,0,0
2.5,5,4,0,0,-1,0,0
2.5,5,4,0,0,-1,0,0
2.5,5,4,0,0,-1,0,0
2.5,5,4,0,0,-1,0,0
2.5,5,4,0,0,-1,0,0
2.5,5,4,0,0,-1,0,0
2.5,5,4,0,0,-1,0,0
2.5,5,4,0,0,-1,0,0
2.5,5,4,0,0,-1,0,0
2.5,5,4,0,0,-1,0,0
2.5,5,4,0,0,-1,0,0
2.5,5,4,0,0,-1,0,0
2.5,5,4,0,0,-1,0,0
2.5,5,4,0,0,-1,0,0
2.5,5,4,0,0,-1,0,0
2.5,5,4,0,0,-1,0,0
2.5,5,4,0,0,-1,0,0
2.5,5,4,0,0,-1,0,0
2.5,5,4,0,0,-1,0,0
2.5,5,4,0,0,-1,0,0
2.5,5,4,0,0,-1,0,0
2.5,5,4,0,0,-1,0,0
2.5,5,4,0,0,-1,0,0
2.5,5,4,0,0,-1,0,0
2.5,5,4,0,0,-1,0,0
2.5,5,4,0,0,-1,0,0
2.5,5,4,0,0,-1,0,0
2.5,5,4,0,0,-1,0,0
2.5,5,4,0,0,-1,0,0
2.5,5,4,0,0,-1,0,0
2.5,5,4,0,0,-1,0,0
2.5,5,4,0,0,-1,0,0
2.5,5,4,0,0,-1,0,0
2.5,5,4,0,0,-1,0,0
2.5,5,4,0,0,-1,0,0
2.5,5,4,0,0,-1,0,0
2.5,5,4,0,0,-1,0,0
2.5,5,4,0,0,-1,0,0
2.5,5,4,0,0,-1,0,0
2.5,5,4,0,0,-1,0,0
2.5,5,4,0,0,-1,0,0
2.5,5,4,0,0,-1,0,0
2.5,5,4,0,0,-1,0,0
2.5,5,4,0,0,-1,0,0
2.5,5,4,0,0,-1,0,0
2.5,5,4,0,0,-1,0,0
2.5,5,4,0,0,-1,0,0
2.5,5,4,4.23496e-07,0.03659,4,0,0
2.5,5,4,0,0,-1,0,0
2.5,5,4,0,0,-1,0,0
2.5,5,4,0,0,-1,0,0
2.5,5,4,0,0,-1,0,0
2.5,5,4,0,0,-1,0,0
2.5,5,4,0,0,-1,0,0
2.5,5,4,0,0,-1,0,0
2.5,5,4,0,0,-1,0,0
2.5,5,4,0,0,-1,0,0
2.5,5,4,0,0,-1,0,0
2.5,5,4,0,0,-1,0,0
2.5,5,4,4.26381e-07,0.0368393,4,0,0
2.5,5,4,0,0,-1,0,0
2.5,5,4,0,0,-1,0,0
2.5,5,4,0,0,-1,0,0
2.5,5,4,0,0,-1,0,0
2.5,5,4,0,0,-1,0,0
2.5,5,4,0,0,-1,0,0
2.5,5,4,0,0,-1,0,0
2.5,5,4,4.4035e-07,0.0380462,4,0,0
2.5,5,4,0,0,-1,0,0
2.5,5,4,0,0,-1,0,0
2.5,5,4,0,0,-1,0,0
2.5,5,4,0,0,-1,0,0
2.5,5,4,3.78889e-07,0.032736,4,0,0
2.5,5,4,0,0,-1,0,0
2.5,5,4,0,0,-1,0,0
2.5,5,4,0,0,-1,0,0
2.5,5,4,4.40245e-07,0.0380371,4,0,0
2.5,5,4,0,0,-1,0,0
2.5,5,4,0,0,-1,0,0
2.5,5,4,0,0,-1,0,0
2.5,5,4,0,0,-1,0,0
2.5,5,4,0,0,-1,0,0
2.5,5,4,0,0,-1,0,0
2.5,5,4,0,0,-1,0,0
2.5,5,4,0,0,-1,0,0
2.5,5,4,4.514e-07,0.039001,4,0,0
2.5,5,4,0,0,-1,0,0
2.5,5,4,0,0,-1,0,0
2.5,5,4,0,0,-1,0,0
2.5,5,4,0,0,-1,0,0
2.5,5,4,0,0,-1,0,0
2.5,5,4,0,0,-1,0,0
2.5,5,4,0,0,-1,0,0
2.5,5,4,0,0,-1,0,0
2.5,5,4,4.32623e-07,0.0373787,4,0,0
2.5,5,4,0,0,-1,0,0
2.5,5,4,0,0,-1,0,0
2.5,5,4,4.15429e-07,0.0358931,4,0,0
2.5,5,4,0,0,-1,0,0
2.5,5,4,0,0,-1,0,0
2.5,5,4,0,0,-1,0,0
2.5,5,4,0,0,-1,0,0
2.5,5,4,0,0,-1,0,0
2.5,5,4,0,0,-1,0,0
2.5,5,4,0,0,-1,0,0
2.5,5,4,0,0,-1,0,0
2.5,5,4,0,0,-1,0,0
2.5,5,4,1.87251e-07,0.0161785,3,1.1,0
2.5,5,4,1.58239e-07,0.0136719,4,0,0
2.5,5,4,0,0,-1,0,0
2.5,5,4,0,0,-1,0,0
2.5,5,4,0,0,-1,0,0
2.5,5,4,0,0,-1,0,0
2.5,5,4,0,0,-1,0,0
2.5,5,4,0,0,-1,0,0
2.5,5,4,4.15738e-07,0.0359198,4,0,0
2.5,5,4,0,0,-1,0,0
2.5,5,4,1.83749e-07,0.0158759,4,0,0
2.5,5,4,0,0,-1,0,0
2.5,5,4,0,0,-1,0,0
2.5,5,4,3.54539e-07,0.0306321,4,0,0
2.5,5,4,0,0,-1,0,0
2.5,5,4,0,0,-1,0,0
2.5,5,4,0,0,-1,0,0
2.5,5,4,0,0,-1,0,0
2.5,5,4,0,0,-1,0,0
2.5,5,4,0,0,-1,0,0
2.5,5,4,0,0,-1,0,0
2.5,5,4,0,0,-1,0,0
2.5,5,4,0,0,-1,0,0
2.5,5,4,0,0,-1,0,0
2.5,5,4,0,0,-1,0,0
2.5,5,4,0,0,-1,0,0
2.5,5,4,0,0,-1,0,0
2.5,5,4,0,0,-1,0,0
2.5,5,4,4.48602e-07,0.0387592,4,0,0
2.5,5,4,0,0,-1,0,0
2.5,5,4,0,0,-1,0,0
2.5,5,4,0,0,-1,0,0
2.5,5,4,0,0,-1,0,0
2.5,5,4,0,0,-1,0,0
2.5,5,4,0,0,-1,0,0
2.5,5,4,0,0,-1,0,0
2.5,5,4,0,0,-1,0,0
2.5,5,4,0,0,-1,0,0
2.5,5,4,3.41918e-07,0.0295417,4,0,0
2.5,5,4,0,0,-1,0,0
2.5,5,4,0,0,-1,0,0
2.5,5,4,0,0,-1,0,0
2.5,5,4,0,0,-1,0,0
2.5,5,4,0,0,-1,0,0
2.5,5,4,0,0,-1,0,0
2.5,5,4,0,0,-1,0,0
2.5,5,4,0,0,-1,0,0
2.5,5,4,0,0,-1,0,0
2.5,5,4,0,0,-1,0,0
2.5,5,4,0,0,-1,0,0
2.5,5,4,0,0,-1,0,0
2.5,5,4,0,0,-1,0,0
2.5,5,4,0,0,-1,0,0
2.5,5,4,0,0,-1,0,0
2.5,5,4,0,0,-1,0,0
2.5,5,4,0,0,-1,0,0
2.5,5,4,0,0,-1,0,0
2.5,5,4,3.58266e-07,0.0309542,4,0,0
2.5,5,4,0,0,-1,0,0
2.5,5,4,0,0,-1,0,0
2.5,5,4,0,0,-1,0,0
2.5,5,4,0,0,-1,0,0
2.5,5,4,0,0,-1,0,0
2.5,5,4,0,0,-1,0,0
2.5,5,4,0,0,-1,0,0
2.5,5,4,0,0,-1,0,0
2.5,5,4,0,0,-1,0,0
2.5,5,4,0,0,-1,0,0
2.5,5,4,0,0,-1,0,0
2.5,5,4,0,0,-1,0,0
2.5,5,4,0,0,-1,0,0
2.5,5,4,0,0,-1,0,0
2.5,5,4,0,0,-1,0,0
2.5,5,4,0,0,-1,0,0
2.5,5,4,0,0,-1,0,0
2.5,5,4,0,0,-1,0,0
2.5,5,4,0,0,-1,0,0
2.5,5,4,0,0,-1,0,0
2.5,5,4,0,0,-1,0,0
2.5,5,4,0,0,-1,0,0
2.5,5,4,0,0,-1,0,0
2.5,5,4,0,0,-1,0,0
2.5,5,4,0,0,-1,0,0
2.5,5,4,0,0,-1,0,0
2.5,5,4,0,0,-1,0,0
2.5,5,4,0,0,-1,0,0
2.5,5,4,0,0,-1,0,0
2.5,5,4,0,0,-1,0,0
2.5,5,4,0,0,-1,0,0
2.5,5,4,0,0,-1,0,0
2.5,5,4,0,0,-1,0,0
2.5,5,4,0,0,-1,0,0
2.5,5,4,0,0,-1,0,0
2.5,5,4,0,0,-1,0,0
2.5,5,4,0,0,-1,0,0
2.5,5,4,0,0,-1,0,0
2.5,5,4,0,0,-1,0,0
2.5,5,4,0,0,-1,0,0
2.5,5,4,0,0,-1,0,0
2.5,5,4,0,0,-1,0,0
2.5,5,4,0,0,-1,0,0
2.5,5,4,0,0,-1,0,0
2.5,5,4,0,0,-1,0,0
2.5,5,4,0,0,-1,0,0
2.5,5,4,0,0,-1,0,0
2.5,5,4,0,0,-1,0,0
2.5,5,4,0,0,-1,0,0
2.5,5,4,0,0,-1,0,0
2.5,5,4,0,0,-1,0,0
2.5,5,4,0,0,-1,0,0
2.5,5,4,0,0,-1,0,0
2.5,5,4,0,0,-1,0,0
2.5,5,4,0,0,-1,0,0
2.5,5,4,0,0,-1,0,0
2.5,5,4,3.7139e-07,0.0320881,4,0,0
2.5,5,4,0,0,-1,0,0
2.5,5,4,0,0,-1,0,0
2.5,5,4,0,0,-1,0,0
2.5,5,4,0,0,-1,0,0
2.5,5,4,0,0,-1,0,0
2.5,5,4,0,0,-1,0,0
2.5,5,4,0,0,-1,0,0
2.5,5,4,0,0,-1,0,0
2.5,5,4,0,0,-1,0,0
2.5,5,4,0,0,-1,0,0
2.5,5,4,0,0,-1,0,0
2.5,5,4,0,0,-1,0,0
2.5,5,4,0,0,-1,0,0
2.5,5,4,0,0,-1,0,0
2.5,5,4,0,0,-1,0,0
2.5,5,4,0,0,-1,0,0
2.5,5,4,0,0,-1,0,0
2.5,5,4,0,0,-1,0,0
2.5,5,4,0,0,-1,0,0
2.5,5,4,0,0,-1,0,0
2.5,5,4,0,0,-1,0,0
2.5,5,4,0,0,-1,0,0
2.5,5,4,0,0,-1,0,0
2.5,5,4,0,0,-1,0,0
2.5,5,4,0,0,-1,0,0
2.5,5,4,0,0,-1,0,0
2.5,5,4,0,0,-1,0,0
2.5,5,4,0,0,-1,0,0
2.5,5,4,0,0,-1,0,0
2.5,5,4,0,0,-1,0,0
2.5,5,4,0,0,-1,0,0
2.5,5,4,0,0,-1,0,0
2.5,5,4,0,0,-1,0,0
2.5,5,4,0,0,-1,0,0
2.5,5,4,0,0,-1,0,0
2.5,5,4,0,0,-1,0,0
2.5,5,4,0,0,-1,0,0
2.5,5,4,0,0,-1,0,0
2.5,5,4,0,0,-1,0,0
2.5,5,4,0,0,-1,0,0
2.5,5,4,0,0,-1,0,0
2.5,5,4,0,0,-1,0,0
2.5,5,4,0,0,-1,0,0
2.5,5,4,0,0,-1,0,0
2.5,5,4,0,0,-1,0,0
2.5,5,4,0,0,-1,0,0
2.5,5,4,0,0,-1,0,0
2.5,5,4,0,0,-1,0,0
2.5,5,4,0,0,-1,0,0
2.5,5,4,0,0,-1,0,0
2.5,5,4,0,0,-1,0,0
2.5,5,4,0,0,-1,0,0
2.5,5,4,0,0,-1,0,0
2.5,5,4,0,0,-1,0,0
2.5,5,4,0,0,-1,0,0
2.5,5,4,0,0,-1,0,0
2.5,5,4,0,0,-1,0,0
2.5,5,4,0,0,-1,0,0
2.5,5,4,0,0,-1,0,0
2.5,5,4,0,0,-1,0,0
2.5,5,4,1.93701e-07,0.0167358,4,0,0
2.5,5,4,0,0,-1,0,0
2.5,5,4,0,0,-1,0,0
2.5,5,4,0,0,-1,0,0
2.5,5,4,0,0,-1,0,0
2.5,5,4,0,0,-1,0,0
2.5,5,4,0,0,-1,0,0
2.5,5,4,0,0,-1,0,0
2.5,5,4,0,0,-1,0,0
2.5,5,4,0,0,-1,0,0
2.5,5,4,0,0,-1,0,0
2.5,5,4,0,0,-1,0,0
2.5,5,4,0,0,-1,0,0
2.5,5,4,0,0,-1,0,0
2.5,5,4,0,0,-1,0,0
2.5,5,4,0,0,-1,0,0
2.5,5,4,0,0,-1,0,0
2.5,5,4,0,0,-1,0,0
2.5,5,4,0,0,-1,0,0
2.5,5,4,0,0,-1,0,0
2.5,5,4,0,0,-1,0,0
2.5,5,4,0,0,-1,0,0
2.5,5,4,0,0,-1,0,0
2.5,5,4,0,0,-1,0,0
2.5,5,4,0,0,-1,0,0
2.5,5,4,0,0,-1,0,0
2.5,5,4,0,0,-1,0,0
2.5,5,4,0,0,-1,0,0
2.5,5,4,0,0,-1,0,0
2.5,5,4,0,0,-1,0,0
2.5,5,4,0,0,-1,0,0
2.5,5,4,0,0,-1,0,0
2.5,5,4,0,0,-1,0,0
2.5,5,4,0,0,-1,0,0
2.5,5,4,0,0,-1,0,0
2.5,5,4,0,0,-1,0,0
2.5,5,4,0,0,-1,0,0
2.5,5,4,0,0,-1,0,0
2.5,5,4,0,0,-1,0,0
2.5,5,4,0,0,-1,0,0
2.5,5,4,0,0,-1,0,0
2.5,5,4,0,0,-1,0,0
2.5,5,4,0,0,-1,0,0
2.5,5,4,0,0,-1,0,0
2.5,5,4,0,0,-1,0,0
2.5,5,4,0,0,-1,0,0
2.5,5,4,0,0,-1,0,0
2.5,5,4,0,0,-1,0,0
2.5,5,4,0,0,-1,0,0
2.5,5,4,0,0,-1,0,0
2.5,5,4,0,0,-1,0,0
2.5,5,4,0,0,-1,0,0
2.5,5,4,0,0,-1,0,0
2.5,5,4,0,0,-1,0,0
2.5,5,4,0,0,-1,0,0
2.5,5,4,0,0,-1,0,0
2.5,5,4,0,0,-1,0,0
2.5,5,4,0,0,-1,0,0
2.5,5,4,0,0,-1,0,0
2.5,5,4,0,0,-1,0,0
2.5,5,4,0,0,-1,0,0
2.5,5,4,0,0,-1,0,0
2.5,5,4,0,0,-1,0,0
2.5,5,4,0,0,-1,0,0
2.5,5,4,0,0,-1,0,0
2.5,5,4,0,0,-1,0,0
2.5,5,4,0,0,-1,0,0
2.5,5,4,0,0,-1,0,0
2.5,5,4,0,0,-1,0,0
2.5,5,4,0,0,-1,0,0
2.5,5,4,0,0,-1,0,0
2.5,5,4,0,0,-1,0,0
2.5,5,4,0,0,-1,0,0
2.5,5,4,0,0,-1,0,0
2.5,5,4,0,0,-1,0,0
2.5,5,4,0,0,-1,0,0
2.5,5,4,0,0,-1,0,0
2.5,5,4,0,0,-1,0,0
2.5,5,4,0,0,-1,0,0
2.5,5,4,0,0,-1,0,0
2.5,5,4,4.49988e-07,0.038879,4,0,0
2.5,5,4,0,0,-1,0,0
2.5,5,4,0,0,-1,0,0
2.5,5,4,0,0,-1,0,0
2.5,5,4,0,0,-1,0,0
2.5,5,4,0,0,-1,0,0
2.5,5,4,0,0,-1,0,0
2.5,5,4,0,0,-1,0,0
2.5,5,4,0,0,-1,0,0
2.5,5,4,0,0,-1,0,0
2.5,5,4,0,0,-1,0,0
2.5,5,4,0,0,-1,0,0
2.5,5,4,0,0,-1,0,0
2.5,5,4,0,0,-1,0,0
2.5,5,4,0,0,-1,0,0
2.5,5,4,0,0,-1,0,0
2.5,5,4,0,0,-1,0,0
2.5,5,4,0,0,-1,0,0
2.5,5,4,0,0,-1,0,0
2.5,5,4,0,0,-1,0,0
2.5,5,4,0,0,-1,0,0
2.5,5,4,0,0,-1,0,0
2.5,5,4,0,0,-1,0,0
2.5,5,4,0,0,-1,0,0
2.5,5,4,0,0,-1,0,0
2.5,5,4,0,0,-1,0,0
2.5,5,4,0,0,-1,0,0
2.5,5,4,0,0,-1,0,0
2.5,5,4,0,0,-1,0,0
2.5,5,4,0,0,-1,0,0
2.5,5,4,4.51109e-07,0.0389758,4,0,0
2.5,5,4,0,0,-1,0,0
2.5,5,4,0,0,-1,0,0
2.5,5,4,0,0,-1,0,0
2.5,5,4,0,0,-1,0,0
2.5,5,4,0,0,-1,0,0
2.5,5,4,0,0,-1,0,0
2.5,5,4,0,0,-1,0,0
2.5,5,4,0,0,-1,0,0
2.5,5,4,0,0,-1,0,0
2.5,5,4,0,0,-1,0,0
2.5,5,4,0,0,-1,0,0
2.5,5,4,0,0,-1,0,0
2.5,5,4,0,0,-1,0,0
2.5,5,4,0,0,-1,0,0
2.5,5,4,0,0,-1,0,0
2.5,5,4,0,0,-1,0,0
2.5,5,4,0,0,-1,0,0
2.5,5,4,0,0,-1,0,0
2.5,5,4,0,0,-1,0,0
2.5,5,4,0,0,-1,0,0
2.5,5,4,0,0,-1,0,0
2.5,5,4,0,0,-1,0,0
2.5,5,4,4.52093e-07,0.0390608,4,0,0
2.5,5,4,0,0,-1,0,0
2.5,5,4,0,0,-1,0,0
2.5,5,4,0,0,-1,0,0
2.5,5,4,0,0,-1,0,0
2.5,5,4,0,0,-1,0,0
2.5,5,4,0,0,-1,0,0
2.5,5,4,0,0,-1,0,0
2.5,5,4,0,0,-1,0,0
2.5,5,4,0,0,-1,0,0
2.5,5,4,0,0,-1,0,0
2.5,5,4,0,0,-1,0,0
2.5,5,4,0,0,-1,0,0
2.5,5,4,0,0,-1,0,0
2.5,5,4,0,0,-1,0,0
2.5,5,4,0,0,-1,0,0
2.5,5,4,0,0,-1,0,0
2.5,5,4,0,0,-1,0,0
2.5,5,4,0,0,-1,0,0
2.5,5,4,0,0,-1,0,0
2.5,5,4,0,0,-1,0,0
2.5,5,4,0,0,-1,0,0
2.5,5,4,0,0,-1,0,0
2.5,5,4,0,0,-1,0,0
2.5,5,4,0,0,-1,0,0
2.5,5,4,4.52312e-07,0.0390798,4,0,0
2.5,5,4,0,0,-1,0,0
2.5,5,4,0,0,-1,0,0
2.5,5,4,0,0,-1,0,0
2.5,5,4,0,0,-1,0,0
2.5,5,4,0,0,-1,0,0
2.5,5,4,0,0,-1,0,0
2.5,5,4,0,0,-1,0,0
2.5,5,4,0,0,-1,0,0
2.5,5,4,3.21004e-07,0.0277347,3,1.1,0
2.5,5,4,0,0,-1,0,0
2.5,5,4,0,0,-1,0,0
2.5,5,4,0,0,-1,0,0
2.5,5,4,0,0,-1,0,0
2.5,5,4,0,0,-1,0,0
2.5,5,4,0,0,-1,0,0
2.5,5,4,0,0,-1,0,0
2.5,5,4,0,0,-1,0,0
2.5,5,4,0,0,-1,0,0
2.5,5,4,0,0,-1,0,0
2.5,5,4,0,0,-1,0,0
2.5,5,4,0,0,-1,0,0
2.5,5,4,4.52304e-07,0.0390791,4,0,0
2.5,5,4,0,0,-1,0,0
2.5,5,4,0,0,-1,0,0
2.5,5,4,0,0,-1,0,0
2.5,5,4,4.21142e-07,0.0363866,4,0,0
2.5,5,4,0,0,-1,0,0
2.5,5,4,0,0,-1,0,0
2.5,5,4,0,0,-1,0,0
2.5,5,4,0,0,-1,0,0
2.5,5,4,0,0,-1,0,0
2.5,5,4,0,0,-1,0,0
2.5,5,4,0,0,-1,0,0
2.5,5,4,0,0,-1,0,0
2.5,5,4,0,0,-1,0,0
2.5,5,4,0,0,-1,0,0
2.5,5,4,0,0,-1,0,0
2.5,5,4,0,0,-1,0,0
2.5,5,4,0,0,-1,0,0
2.5,5,4,0,0,-1,0,0
2.5,5,4,0,0,-1,0,0
2.5,5,4,0,0,-1,0,0
2.5,5,4,4.41263e-07,0.0381251,4,0,0
2.5,5,4,0,0,-1,0,0
2.5,5,4,3.05773e-07,0.0264188,4,0,0
2.5,5,4,0,0,-1,0,0
2.5,5,4,0,0,-1,0,0
2.5,5,4,0,0,-1,0,0
2.5,5,4,0,0,-1,0,0
2.5,5,4,0,0,-1,0,0
2.5,5,4,0,0,-1,0,0
2.5,5,4,0,0,-1,0,0
2.5,5,4,0,0,-1,0,0
2.5,5,4,4.22486e-07,0.0365028,4,0,0
2.5,5,4,0,0,-1,0,0
2.5,5,4,0,0,-1,0,0
2.5,5,4,0,0,-1,0,0
2.5,5,4,0,0,-1,0,0
2.5,5,4,0,0,-1,0,0
2.5,5,4,0,0,-1,0,0
2.5,5,4,0,0,-1,0,0
2.5,5,4,0,0,-1,0,0
2.5,5,4,0,0,-1,0,0
2.5,5,4,0,0,-1,0,0
2.5,5,4,0,0,-1,0,0
2.5,5,4,0,0,-1,0,0
2.5,5,4,0,0,-1,0,0
2.5,5,4,0,0,-1,0,0
2.5,5,4,0,0,-1,0,0
2.5,5,4,0,0,-1,0,0
2.5,5,4,0,0,-1,0,0
2.5,5,4,0,0,-1,0,0
2.5,5,4,0,0,-1,0,0
2.5,5,4,0,0,-1,0,0
2.5,5,4,0,0,-1,0,0
2.5,5,4,0,0,-1,0,0
2.5,5,4,0,0,-1,0,0
2.5,5,4,0,0,-1,0,0
2.5,5,4,0,0,-1,0,0
2.5,5,4,0,0,-1,0,0
2.5,5,4,0,0,-1,0,0
2.5,5,4,0,0,-1,0,0
2.5,5,4,0,0,-1,0,0
2.5,5,4,0,0,-1,0,0
2.5,5,4,0,0,-1,0,0
2.5,5,4,0,0,-1,0,0
2.5,5,4,0,0,-1,0,0
2.5,5,4,0,0,-1,0,0
2.5,5,4,9.91675e-08,0.00856807,3,1.1,0
2.5,5,4,4.38728e-07,0.0379061,4,0,0
2.5,5,4,0,0,-1,0,0
2.5,5,4,0,0,-1,0,0
2.5,5,4,0,0,-1,0,0
2.5,5,4,0,0,-1,0,0
2.5,5,4,4.43921e-07,0.0383547,4,0,0
2.5,5,4,0,0,-1,0,0
2.5,5,4,0,0,-1,0,0
2.5,5,4,0,0,-1,0,0
2.5,5,4,0,0,-1,0,0
2.5,5,4,0,0,-1,0,0
2.5,5,4,0,0,-1,0,0
2.5,5,4,0,0,-1,0,0
2.5,5,4,0,0,-1,0,0
2.5,5,4,0,0,-1,0,0
2.5,5,4,0,0,-1,0,0
2.5,5,4,0,0,-1,0,0
2.5,5,4,0,0,-1,0,0
2.5,5,4,0,0,-1,0,0
2.5,5,4,0,0,-1,0,0
2.5,5,4,0,0,-1,0,0
2.5,5,4,0,0,-1,0,0
2.5,5,4,0,0,-1,0,0
2.5,5,4,0,0,-1,0,0
2.5,5,4,0,0,-1,0,0
2.5,5,4,0,0,-1,0,0
2.5,5,4,0,0,-1,0,0
2.5,5,4,0,0,-1,0,0
2.5,5,4,0,0,-1,0,0
2.5,5,4,0,0,-1,0,0
2.5,5,4,0,0,-1,0,0
2.5,5,4,0,0,-1,0,0
2.5,5,4,0,0,-1,0,0
2.5,5,4,0,0,-1,0,0
2.5,5,4,0,0,-1,0,0
2.5,5,4,0,0,-1,0,0
2.5,5,4,0,0,-1,0,0
2.5,5,4,0,0,-1,0,0
2.5,5,4,0,0,-1,0,0
2.5,5,4,0,0,-1,0,0
2.5,5,4,0,0,-1,0,0
2.5,5,4,0,0,-1,0,0
2.5,5,4,0,0,-1,0,0
2.5,5,4,0,0,-1,0,0
2.5,5,4,0,0,-1,0,0
2.5,5,4,0,0,-1,0,0
2.5,5,4,0,0,-1,0,0
2.5,5,4,0,0,-1,0,0
2.5,5,4,0,0,-1,0,0
2.5,5,4,0,0,-1,0,0
2.5,5,4,0,0,-1,0,0
2.5,5,4,0,0,-1,0,0
2.5,5,4,0,0,-1,0,0
2.5,5,4,0,0,-1,0,0
2.5,5,4,0,0,-1,0,0
2.5,5,4,0,0,-1,0,0
2.5,5,4,0,0,-1,0,0
2.5,5,4,0,0,-1,0,0
2.5,5,4,0,0,-1,0,0
2.5,5,4,0,0,-1,0,0
2.5,5,4,0,0,-1,0,0
2.5,5,4,0,0,-1,0,0
2.5,5,4,0,0,-1,0,0
2.5,5,4,0,0,-1,0,0
2.5,5,4,0,0,-1,0,0
2.5,5,4,0,0,-1,0,0
2.5,5,4,0,0,-1,0,0
2.5,5,4,0,0,-1,0,0
2.5,5,4,4.06121e-07,0.0350889,4,0,0
2.5,5,4,0,0,-1,0,0
2.5,5,4,0,0,-1,0,0
2.5,5,4,0,0,-1,0,0
2.5,5,4,0,0,-1,0,0
2.5,5,4,0,0,-1,0,0
2.5,5,4,0,0,-1,0,0
2.5,5,4,0,0,-1,0,0
2.5,5,4,0,0,-1,0,0
2.5,5,4,0,0,-1,0,0
2.5,5,4,0,0,-1,0,0
2.5,5,4,0,0,-1,0,0
2.5,5,4,0,0,-1,0,0
2.5,5,4,0,0,-1,0,0
2.5,5,4,0,0,-1,0,0
2.5,5,4,0,0,-1,0,0
2.5,5,4,0,0,-1,0,0
2.5,5,4,0,0,-1,0,0
2.5,5,4,0,0,-1,0,0
2.5,5,4,0,0,-1,0,0
2.5,5,4,0,0,-1,0,0
2.5,5,4,0,0,-1,0,0
2.5,5,4,0,0,-1,0,0
2.5,5,4,0,0,-1,0,0
2.5,5,4,0,0,-1,0,0
2.5,5,4,0,0,-1,0,0
2.5,5,4,0,0,-1,0,0
2.5,5,4,0,0,-1,0,0
2.5,5,4,0,0,-1,0,0
2.5,5,4,0,0,-1,0,0
2.5,5,4,0,0,-1,0,0
2.5,5,4,0,0,-1,0,0
2.5,5,4,0,0,-1,0,0
2.5,5,4,0,0,-1,0,0
2.5,5,4,0,0,-1,0,0
2.5,5,4,0,0,-1,0,0
2.5,5,4,0,0,-1,0,0
2.5,5,4,0,0,-1,0,0
2.5,5,4,0,0,-1,0,0
2.5,5,4,4.23537e-07,0.0365936,4,0,0
2.5,5,4,0,0,-1,0,0
2.5,5,4,0,0,-1,0,0
2.5,5,4,0,0,-1,0,0
2.5,5,4,0,0,-1,0,0
2.5,5,4,0,0,-1,0,0
2.5,5,4,0,0,-1,0,0
2.5,5,4,0,0,-1,0,0
2.5,5,4,0,0,-1,0,0
2.5,5,4,0,0,-1,0,0
2.5,5,4,0,0,-1,0,0
2.5,5,4,0,0,-1,0,0
2.5,5,4,0,0,-1,0,0
2.5,5,4,0,0,-1,0,0
2.5,5,4,0,0,-1,0,0
2.5,5,4,0,0,-1,0,0
2.5,5,4,0,0,-1,0,0
2.5,5,4,0,0,-1,0,0
2.5,5,4,0,0,-1,0,0
2.5,5,4,0,0,-1,0,0
2.5,5,4,0,0,-1,0,0
2.5,5,4,4.49576e-07,0.0388433,4,0,0
2.5,5,4,0,0,-1,0,0
2.5,5,4,0,0,-1,0,0
2.5,5,4,0,0,-1,0,0
2.5,5,4,0,0,-1,0,0
2.5,5,4,2.52297e-07,0.0217985,4,0,0
2.5,5,4,0,0,-1,0,0
2.5,5,4,0,0,-1,0,0
2.5,5,4,0,0,-1,0,0
2.5,5,4,0,0,-1,0,0
2.5,5,4,4.4258e-07,0.038239,4,0,0
2.5,5,4,0,0,-1,0,0
2.5,5,4,0,0,-1,0,0
2.5,5,4,0,0,-1,0,0
2.5,5,4,0,0,-1,0,0
2.5,5,4,0,0,-1,0,0
2.5,5,4,4.07298e-07,0.0351905,4,0,0
2.5,5,4,0,0,-1,0,0
2.5,5,4,0,0,-1,0,0
2.5,5,4,0,0,-1,0,0
2.5,5,4,0,0,-1,0,0
2.5,5,4,0,0,-1,0,0
2.5,5,4,0,0,-1,0,0
2.5,5,4,0,0,-1,0,0
2.5,5,4,0,0,-1,0,0
2.5,5,4,0,0,-1,0,0
2.5,5,4,0,0,-1,0,0
2.5,5,4,0,0,-1,0,0
2.5,5,4,0,0,-1,0,0
2.5,5,4,0,0,-1,0,0
2.5,5,4,0,0,-1,0,0
2.5,5,4,0,0,-1,0,0
2.5,5,4,0,0,-1,0,0
2.5,5,4,0,0,-1,0,0
2.5,5,4,0,0,-1,0,0
2.5,5,4,0,0,-1,0,0
2.5,5,4,0,0,-1,0,0
2.5,5,4,0,0,-1,0,0
2.5,5,4,0,0,-1,0,0
2.5,5,4,0,0,-1,0,0
2.5,5,4,0,0,-1,0,0
2.5,5,4,0,0,-1,0,0
2.5,5,4,0,0,-1,0,0
2.5,5,4,4.47646e-07,0.0386766,4,0,0
2.5,5,4,0,0,-1,0,0
2.5,5,4,0,0,-1,0,0
2.5,5,4,0,0,-1,0,0
2.5,5,4,0,0,-1,0,0
2.5,5,4,0,0,-1,0,0
2.5,5,4,0,0,-1,0,0
2.5,5,4,0,0,-1,0,0
2.5,5,4,0,0,-1,0,0
2.5,5,4,0,0,-1,0,0
2.5,5,4,0,0,-1,0,0
2.5,5,4,0,0,-1,0,0
2.5,5,4,0,0,-1,0,0
2.5,5,4,0,0,-1,0,0
2.5,5,4,0,0,-1,0,0
2.5,5,4,0,0,-1,0,0
2.5,5,4,0,0,-1,0,0
2.5,5,4,0,0,-1,0,0
2.5,5,4,0,0,-1,0,0
2.5,5,4,0,0,-1,0,0
2.5,5,4,0,0,-1,0,0
2.5,5,4,0,0,-1,0,0
2.5,5,4,0,0,-1,0,0
2.5,5,4,0,0,-1,0,0
2.5,5,4,0,0,-1,0,0
2.5,5,4,0,0,-1,0,0
2.5,5,4,0,0,-1,0,0
2.5,5,4,0,0,-1,0,0
2.5,5,4,0,0,-1,0,0
2.5,5,4,0,0,-1,0,0
2.5,5,4,0,0,-1,0,0
2.5,5,4,0,0,-1,0,0
2.5,5,4,0,0,-1,0,0
2.5,5,4,0,0,-1,0,0
2.5,5,4,0,0,-1,0,0
2.5,5,4,0,0,-1,0,0
2.5,5,4,0,0,-1,0,0
2.5,5,4,0,0,-1,0,0
2.5,5,4,3.79926e-07,0.0328256,4,0,0
2.5,5,4,0,0,-1,0,0
2.5,5,4,0,0,-1,0,0
2.5,5,4,0,0,-1,0,0
2.5,5,4,0,0,-1,0,0
2.5,5,4,0,0,-1,0,0
2.5,5,4,0,0,-1,0,0
2.5,5,4,0,0,-1,0,0
2.5,5,4,0,0,-1,0,0
2.5,5,4,0,0,-1,0,0
2.5,5,4,0,0,-1,0,0
2.5,5,4,0,0,-1,0,0
2.5,5,4,0,0,-1,0,0
2.5,5,4,4.05267e-07,0.0350151,4,0,0
2.5,5,4,0,0,-1,0,0
2.5,5,4,1.2352e-07,0.0106721,4,0,0
2.5,5,4,0,0,-1,0,0
2.5,5,4,0,0,-1,0,0
2.5,5,4,0,0,-1,0,0
2.5,5,4,4.52018e-07,0.0390544,4,0,0
2.5,5,4,0,0,-1,0,0
2.5,5,4,0,0,-1,0,0
2.5,5,4,0,0,-1,0,0
2.5,5,4,0,0,-1,0,0
2.5,5,4,0,0,-1,0,0
2.5,5,4,0,0,-1,0,0
2.5,5,4,0,0,-1,0,0
2.5,5,4,0,0,-1,0,0
2.5,5,4,0,0,-1,0,0
2.5,5,4,0,0,-1,0,0
2.5,5,4,0,0,-1,0,0
2.5,5,4,0,0,-1,0,0
2.5,5,4,0,0,-1,0,0
2.5,5,4,0,0,-1,0,0
2.5,5,4,0,0,-1,0,0
2.5,5,4,0,0,-1,0,0
2.5,5,4,0,0,-1,0,0
2.5,5,4,0,0,-1,0,0
2.5,5,4,0,0,-1,0,0
2.5,5,4,0,0,-1,0,0
2.5,5,4,0,0,-1,0,0
2.5,5,4,0,0,-1,0,0
2.5,5,4,0,0,-1,0,0
2.5,5,4,0,0,-1,0,0
2.5,5,4,0,0,-1,0,0
2.5,5,4,0,0,-1,0,0
2.5,5,4,0,0,-1,0,0
2.5,5,4,0,0,-1,0,0
2.5,5,4,0,0,-1,0,0
2.5,5,4,0,0,-1,0,0
2.5,5,4,0,0,-1,0,0
2.5,5,4,0,0,-1,0,0
2.5,5,4,0,0,-1,0,0
2.5,5,4,0,0,-1,0,0
2.5,5,4,0,0,-1,0,0
2.5,5,4,0,0,-1,0,0
2.5,5,4,0,0,-1,0,0
2.5,5,4,0,0,-1,0,0
2.5,5,4,0,0,-1,0,0
2.5,5,4,0,0,-1,0,0
2.5,5,4,0,0,-1,0,0
2.5,5,4,0,0,-1,0,0
2.5,5,4,0,0,-1,0,0
2.5,5,4,0,0,-1,0,0
2.5,5,4,0,0,-1,0,0
2.5,5,4,0,0,-1,0,0
2.5,5,4,0,0,-1,0,0
2.5,5,4,0,0,-1,0,0
2.5,5,4,0,0,-1,0,0
2.5,5,4,0,0,-1,0,0
2.5,5,4,0,0,-1,0,0
2.5,5,4,0,0,-1,0,0
2.5,5,4,0,0,-1,0,0
2.5,5,4,0,0,-1,0,0
2.5,5,4,0,0,-1,0,0
2.5,5,4,0,0,-1,0,0
2.5,5,4,0,0,-1,0,0
2.5,5,4,0,0,-1,0,0
2.5,5,4,0,0,-1,0,0
2.5,5,4,0,0,-1,0,0
2.5,5,4,0,0,-1,0,0
2.5,5,4,3.15863e-07,0.0272906,4,0,0
2.5,5,4,0,0,-1,0,0
2.5,5,4,0,0,-1,0,0
2.5,5,4,0,0,-1,0,0
2.5,5,4,0,0,-1,0,0
2.5,5,4,0,0,-1,0,0
2.5,5,4,0,0,-1,0,0
2.5,5,4,0,0,-1,0,0
2.5,5,4,0,0,-1,0,0
2.5,5,4,0,0,-1,0,0
2.5,5,4,4.51333e-07,0.0389952,4,0,0
2.5,5,4,0,0,-1,0,0
2.5,5,4,0,0,-1,0,0
2.5,5,4,0,0,-1,0,0
2.5,5,4,0,0,-1,0,0
2.5,5,4,0,0,-1,0,0
2.5,5,4,0,0,-1,0,0
2.5,5,4,0,0,-1,0,0
2.5,5,4,0,0,-1,0,0
2.5,5,4,0,0,-1,0,0
2.5,5,4,0,0,-1,0,0
2.5,5,4,0,0,-1,0,0
2.5,5,4,0,0,-1,0,0
2.5,5,4,0,0,-1,0,0
2.5,5,4,0,0,-1,0,0
2.5,5,4,0,0,-1,0,0
2.5,5,4,0,0,-1,0,0
2.5,5,4,4.50256e-07,0.0389021,4,0,0
2.5,5,4,0,0,-1,0,0
2.5,5,4,0,0,-1,0,0
2.5,5,4,4.45813e-07,0.0385183,4,0,0
2.5,5,4,0,0,-1,0,0
2.5,5,4,0,0,-1,0,0
2.5,5,4,0,0,-1,0,0
2.5,5,4,0,0,-1,0,0
2.5,5,4,0,0,-1,0,0
2.5,5,4,0,0,-1,0,0
2.5,5,4,0,0,-1,0,0
2.5,5,4,0,0,-1,0,0
2.5,5,4,0,0,-1,0,0
2.5,5,4,0,0,-1,0,0
2.5,5,4,0,0,-1,0,0
2.5,5,4,4.24511e-07,0.0366777,4,0,0
2.5,5,4,0,0,-1,0,0
2.5,5,4,0,0,-1,0,0
2.5,5,4,0,0,-1,0,0
2.5,5,4,0,0,-1,0,0
2.5,5,4,0,0,-1,0,0
2.5,5,4,0,0,-1,0,0
2.5,5,4,0,0,-1,0,0
2.5,5,4,0,0,-1,0,0
2.5,5,4,0,0,-1,0,0
2.5,5,4,0,0,-1,0,0
2.5,5,4,0,0,-1,0,0
2.5,5,4,0,0,-1,0,0
2.5,5,4,0,0,-1,0,0
2.5,5,4,0,0,-1,0,0
2.5,5,4,0,0,-1,0,0
2.5,5,4,0,0,-1,0,0
2.5,5,4,0,0,-1,0,0
2.5,5,4,0,0,-1,0,0
2.5,5,4,0,0,-1,0,0
2.5,5,4,0,0,-1,0,0
2.5,5,4,0,0,-1,0,0
2.5,5,4,0,0,-1,0,0
2.5,5,4,0,0,-1,0,0
2.5,5,4,0,0,-1,0,0
2.5,5,4,0,0,-1,0,0
2.5,5,4,0,0,-1,0,0
2.5,5,4,0,0,-1,0,0
2.5,5,4,0,0,-1,0,0
2.5,5,4,0,0,-1,0,0
2.5,5,4,0,0,-1,0,0
2.5,5,4,0,0,-1,0,0
2.5,5,4,0,0,-1,0,0
2.5,5,4,0,0,-1,0,0
2.5,5,4,0,0,-1,0,0
2.5,5,4,0,0,-1,0,0
2.5,5,4,0,0,-1,0,0
2.5,5,4,0,0,-1,0,0
2.5,5,4,0,0,-1,0,0
2.5,5,4,0,0,-1,0,0
2.5,5,4,0,0,-1,0,0
2.5,5,4,0,0,-1,0,0
2.5,5,4,0,0,-1,0,0
2.5,5,4,0,0,-1,0,0
2.5,5,4,0,0,-1,0,0
2.5,5,4,0,0,-1,0,0
2.5,5,4,0,0,-1,0,0
2.5,5,4,0,0,-1,0,0
2.5,5,4,0,0,-1,0,0
2.5,5,4,0,0,-1,0,0
2.5,5,4,0,0,-1,0,0
2.5,5,4,0,0,-1,0,0
2.5,5,4,0,0,-1,0,0
2.5,5,4,0,0,-1,0,0
2.5,5,4,0,0,-1,0,0
2.5,5,4,0,0,-1,0,0
2.5,5,4,0,0,-1,0,0
2.5,5,4,0,0,-1,0,0
2.5,5,4,0,0,-1,0,0
2.5,5,4,0,0,-1,0,0
2.5,5,4,0,0,-1,0,0
2.5,5,4,0,0,-1,0,0
2.5,5,4,0,0,-1,0,0
2.5,5,4,0,0,-1,0,0
2.5,5,4,0,0,-1,0,0
2.5,5,4,0,0,-1,0,0
2.5,5,4,0,0,-1,0,0
2.5,5,4,0,0,-1,0,0
2.5,5,4,0,0,-1,0,0
2.5,5,4,0,0,-1,0,0
2.5,5,4,0,0,-1,0,0
2.5,5,4,0,0,-1,0,0
2.5,5,4,0,0,-1,0,0
2.5,5,4,0,0,-1,0,0
2.5,5,4,0,0,-1,0,0
2.5,5,4,0,0,-1,0,0
2.5,5,4,0,0,-1,0,0
2.5,5,4,0,0,-1,0,0
2.5,5,4,0,0,-1,0,0
2.5,5,4,0,0,-1,0,0
2.5,5,4,0,0,-1,0,0
2.5,5,4,0,0,-1,0,0
2.5,5,4,0,0,-1,0,0
2.5,5,4,0,0,-1,0,0
2.5,5,4,0,0,-1,0,0
2.5,5,4,0,0,-1,0,0
2.5,5,4,0,0,-1,0,0
2.5,5,4,0,0,-1,0,0
2.5,5,4,0,0,-1,0,0
2.5,5,4,0,0,-1,0,0
2.5,5,4,0,0,-1,0,0
2.5,5,4,0,0,-1,0,0
2.5,5,4,0,0,-1,0,0
2.5,5,4,0,0,-1,0,0
2.5,5,4,0,0,-1,0,0
2.5,5,4,0,0,-1,0,0
2.5,5,4,0,0,-1,0,0
2.5,5,4,0,0,-1,0,0
2.5,5,4,0,0,-1,0,0
2.5,5,4,0,0,-1,0,0
2.5,5,4,0,0,-1,0,0
2.5,5,4,0,0,-1,0,0
2.5,5,4,0,0,-1,0,0
2.5,5,4,0,0,-1,0,0
2.5,5,4,0,0,-1,0,0
2.5,5,4,0,0,-1,0,0
2.5,5,4,0,0,-1,0,0
2.5,5,4,0,0,-1,0,0
2.5,5,4,0,0,-1,0,0
2.5,5,4,0,0,-1,0,0
2.5,5,4,0,0,-1,0,0
2.5,5,4,0,0,-1,0,0
2.5,5,4,0,0,-1,0,0
2.5,5,4,0,0,-1,0,0
2.5,5,4,0,0,-1,0,0
2.5,5,4,0,0,-1,0,0
2.5,5,4,0,0,-1,0,0
2.5,5,4,0,0,-1,0,0
2.5,5,4,0,0,-1,0,0
2.5,5,4,0,0,-1,0,0
2.5,5,4,0,0,-1,0,0
2.5,5,4,0,0,-1,0,0
2.5,5,4,0,0,-1,0,0
2.5,5,4,0,0,-1,0,0
2.5,5,4,0,0,-1,0,0
2.5,5,4,0,0,-1,0,0
2.5,5,4,0,0,-1,0,0
2.5,5,4,0,0,-1,0,0
2.5,5,4,0,0,-1,0,0
2.5,5,4,0,0,-1,0,0
2.5,5,4,0,0,-1,0,0
2.5,5,4,0,0,-1,0,0
2.5,5,4,0,0,-1,0,0
2.5,5,4,0,0,-1,0,0
2.5,5,4,0,0,-1,0,0
2.5,5,4,0,0,-1,0,0
2.5,5,4,4.5058e-07,0.0389301,4,0,0
2.5,5,4,0,0,-1,0,0
2.5,5,4,0,0,-1,0,0
2.5,5,4,0,0,-1,0,0
2.5,5,4,0,0,-1,0,0
2.5,5,4,0,0,-1,0,0
2.5,5,4,0,0,-1,0,0
2.5,5,4,0,0,-1,0,0
2.5,5,4,0,0,-1,0,0
2.5,5,4,0,0,-1,0,0
2.5,5,4,0,0,-1,0,0
2.5,5,4,0,0,-1,0,0
2.5,5,4,0,0,-1,0,0
2.5,5,4,0,0,-1,0,0
2.5,5,4,0,0,-1,0,0
2.5,5,4,0,0,-1,0,0
2.5,5,4,0,0,-1,0,0
2.5,5,4,0,0,-1,0,0
2.5,5,4,0,0,-1,0,0
2.5,5,4,0,0,-1,0,0
2.5,5,4,0,0,-1,0,0
2.5,5,4,0,0,-1,0,0
2.5,5,4,0,0,-1,0,0
2.5,5,4,0,0,-1,0,0
2.5,5,4,0,0,-1,0,0
2.5,5,4,0,0,-1,0,0
2.5,5,4,0,0,-1,0,0
2.5,5,4,0,0,-1,0,0
2.5,5,4,0,0,-1,0,0
2.5,5,4,0,0,-1,0,0
2.5,5,4,0,0,-1,0,0
2.5,5,4,0,0,-1,0,0
2.5,5,4,0,0,-1,0,0
2.5,5,4,0,0,-1,0,0
2.5,5,4,0,0,-1,0,0
2.5,5,4,0,0,-1,0,0
2.5,5,4,0,0,-1,0,0
2.5,5,4,0,0,-1,0,0
2.5,5,4,0,0,-1,0,0
2.5,5,4,4.38381e-07,0.0378761,4,0,0
2.5,5,4,0,0,-1,0,0
2.5,5,4,0,0,-1,0,0
2.5,5,4,0,0,-1,0,0
2.5,5,4,0,0,-1,0,0
2.5,5,4,0,0,-1,0,0
2.5,5,4,0,0,-1,0,0
2.5,5,4,0,0,-1,0,0
2.5,5,4,0,0,-1,0,0
2.5,5,4,0,0,-1,0,0
2.5,5,4,0,0,-1,0,0
2.5,5,4,0,0,-1,0,0
2.5,5,4,0,0,-1,0,0
2.5,5,4,0,0,-1,0,0
2.5,5,4,0,0,-1,0,0
2.5,5,4,0,0,-1,0,0
2.5,5,4,0,0,-1,0,0
2.5,5,4,0,0,-1,0,0
2.5,5,4,0,0,-1,0,0
2.5,5,4,0,0,-1,0,0
2.5,5,4,0,0,-1,0,0
2.5,5,4,0,0,-1,0,0
2.5,5,4,0,0,-1,0,0
2.5,5,4,0,0,-1,0,0
2.5,5,4,0,0,-1,0,0
2.5,5,4,0,0,-1,0,0
2.5,5,4,0,0,-1,0,0
2.5,5,4,0,0,-1,0,0
2.5,5,4,0,0,-1,0,0
2.5,5,4,0,0,-1,0,0
2.5,5,4,0,0,-1,0,0
2.5,5,4,0,0,-1,0,0
2.5,5,4,0,0,-1,0,0
2.5,5,4,0,0,-1,0,0
2.5,5,4,4.51356e-07,0.0389971,4,0,0
2.5,5,4,0,0,-1,0,0
2.5,5,4,0,0,-1,0,0
2.5,5,4,0,0,-1,0,0
2.5,5,4,0,0,-1,0,0
2.5,5,4,0,0,-1,0,0
2.5,5,4,0,0,-1,0,0
2.5,5,4,0,0,-1,0,0
2.5,5,4,0,0,-1,0,0
2.5,5,4,0,0,-1,0,0
2.5,5,4,0,0,-1,0,0
2.5,5,4,0,0,-1,0,0
2.5,5,4,0,0,-1,0,0
2.5,5,4,0,0,-1,0,0
2.5,5,4,0,0,-1,0,0
2.5,5,4,0,0,-1,0,0
2.5,5,4,0,0,-1,0,0
2.5,5,4,0,0,-1,0,0
2.5,5,4,0,0,-1,0,0
2.5,5,4,0,0,-1,0,0
2.5,5,4,0,0,-1,0,0
2.5,5,4,0,0,-1,0,0
2.5,5,4,0,0,-1,0,0
2.5,5,4,0,0,-1,0,0
2.5,5,4,0,0,-1,0,0
2.5,5,4,0,0,-1,0,0
2.5,5,4,0,0,-1,0,0
2.5,5,4,0,0,-1,0,0
2.5,5,4,0,0,-1,0,0
2.5,5,4,0,0,-1,0,0
2.5,5,4,0,0,-1,0,0
2.5,5,4,3.81052e-07,0.0329229,4,0,0
2.5,5,4,0,0,-1,0,0
2.5,5,4,3.14391e-08,0.00271633,4,0,0
2.5,5,4,0,0,-1,0,0
2.5,5,4,0,0,-1,0,0
2.5,5,4,0,0,-1,0,0
2.5,5,4,0,0,-1,0,0
2.5,5,4,0,0,-1,0,0
2.5,5,4,0,0,-1,0,0
2.5,5,4,0,0,-1,0,0
2.5,5,4,0,0,-1,0,0
2.5,5,4,0,0,-1,0,0
2.5,5,4,0,0,-1,0,0
2.5,5,4,0,0,-1,0,0
2.5,5,4,4.49011e-07,0.0387945,4,0,0
2.5,5,4,0,0,-1,0,0
2.5,5,4,0,0,-1,0,0
2.5,5,4,0,0,-1,0,0
2.5,5,4,0,0,-1,0,0
2.5,5,4,0,0,-1,0,0
2.5,5,4,0,0,-1,0,0
2.5,5,4,0,0,-1,0,0
2.5,5,4,0,0,-1,0,0
2.5,5,4,0,0,-1,0,0
2.5,5,4,0,0,-1,0,0
2.5,5,4,0,0,-1,0,0
2.5,5,4,0,0,-1,0,0
2.5,5,4,0,0,-1,0,0
2.5,5,4,0,0,-1,0,0
2.5,5,4,0,0,-1,0,0
2.5,5,4,0,0,-1,0,0
2.5,5,4,4.52033e-07,0.0390556,4,0,0
2.5,5,4,0,0,-1,0,0
2.5,5,4,0,0,-1,0,0
2.5,5,4,0,0,-1,0,0
2.5,5,4,0,0,-1,0,0
2.5,5,4,0,0,-1,0,0
2.5,5,4,0,0,-1,0,0
2.5,5,4,0,0,-1,0,0
2.5,5,4,0,0,-1,0,0
2.5,5,4,0,0,-1,0,0
2.5,5,4,0,0,-1,0,0
2.5,5,4,0,0,-1,0,0
2.5,5,4,0,0,-1,0,0
2.5,5,4,0,0,-1,0,0
2.5,5,4,0,0,-1,0,0
2.5,5,4,0,0,-1,0,0
2.5,5,4,0,0,-1,0,0
2.5,5,4,0,0,-1,0,0
2.5,5,4,0,0,-1,0,0
2.5,5,4,0,0,-1,0,0
2.5,5,4,0,0,-1,0,0
2.5,5,4,0,0,-1,0,0
2.5,5,4,0,0,-1,0,0
2.5,5,4,0,0,-1,0,0
2.5,5,4,0,0,-1,0,0
2.5,5,4,0,0,-1,0,0
2.5,5,4,0,0,-1,0,0
2.5,5,4,0,0,-1,0,0
2.5,5,4,0,0,-1,0,0
2.5,5,4,0,0,-1,0,0
2.5,5,4,0,0,-1,0,0
2.5,5,4,0,0,-1,0,0
2.5,5,4,0,0,-1,0,0
2.5,5,4,0,0,-1,0,0
2.5,5,4,0,0,-1,0,0
2.5,5,4,0,0,-1,0,0
2.5,5,4,0,0,-1,0,0
2.5,5,4,0,0,-1,0,0
2.5,5,4,0,0,-1,0,0
2.5,5,4,0,0,-1,0,0
2.5,5,4,0,0,-1,0,0
2.5,5,4,0,0,-1,0,0
2.5,5,4,0,0,-1,0,0
2.5,5,4,0,0,-1,0,0
2.5,5,4,0,0,-1,0,0
2.5,5,4,4.52222e-07,0.039072,4,0,0
2.5,5,4,0,0,-1,0,0
2.5,5,4,0,0,-1,0,0
2.5,5,4,0,0,-1,0,0
2.5,5,4,0,0,-1,0,0
2.5,5,4,0,0,-1,0,0
2.5,5,4,0,0,-1,0,0
2.5,5,4,0,0,-1,0,0
2.5,5,4,0,0,-1,0,0
2.5,5,4,0,0,-1,0,0
2.5,5,4,0,0,-1,0,0
2.5,5,4,0,0,-1,0,0
2.5,5,4,0,0,-1,0,0
2.5,5,4,3.22699e-07,0.0278812,3,1.1,0
2.5,5,4,0,0,-1,0,0
2.5,5,4,0,0,-1,0,0
2.5,5,4,0,0,-1,0,0
2.5,5,4,0,0,-1,0,0
2.5,5,4,0,0,-1,0,0
2.5,5,4,0,0,-1,0,0
2.5,5,4,0,0,-1,0,0
2.5,5,4,0,0,-1,0,0
2.5,5,4,0,0,-1,0,0
2.5,5,4,0,0,-1,0,0
2.5,5,4,0,0,-1,0,0
2.5,5,4,0,0,-1,0,0
2.5,5,4,3.42077e-07,0.0295554,4,0,0
2.5,5,4,0,0,-1,0,0
2.5,5,4,4.49009e-07,0.0387944,4,0,0
2.5,5,4,0,0,-1,0,0
2.5,5,4,0,0,-1,0,0
2.5,5,4,0,0,-1,0,0
2.5,5,4,0,0,-1,0,0
2.5,5,4,0,0,-1,0,0
2.5,5,4,0,0,-1,0,0
2.5,5,4,0,0,-1,0,0
2.5,5,4,1.1407e-07,0.00985562,4,0,0
2.5,5,4,0,0,-1,0,0
2.5,5,4,0,0,-1,0,0
2.5,5,4,0,0,-1,0,0
2.5,5,4,0,0,-1,0,0
2.5,5,4,0,0,-1,0,0
2.5,5,4,0,0,-1,0,0
2.5,5,4,0,0,-1,0,0
2.5,5,4,0,0,-1,0,0
2.5,5,4,0,0,-1,0,0
2.5,5,4,0,0,-1,0,0
2.5,5,4,0,0,-1,0,0
2.5,5,4,0,0,-1,0,0
2.5,5,4,0,0,-1,0,0
2.5,5,4,0,0,-1,0,0
2.5,5,4,4.5211e-07,0.0390623,4,0,0
2.5,5,4,0,0,-1,0,0
2.5,5,4,0,0,-1,0,0
2.5,5,4,0,0,-1,0,0
2.5,5,4,0,0,-1,0,0
2.5,5,4,0,0,-1,0,0
2.5,5,4,0,0,-1,0,0
2.5,5,4,0,0,-1,0,0
2.5,5,4,0,0,-1,0,0
2.5,5,4,0,0,-1,0,0
2.5,5,4,0,0,-1,0,0
2.5,5,4,0,0,-1,0,0
2.5,5,4,4.40949e-07,0.038098,4,0,0
2.5,5,4,0,0,-1,0,0
2.5,5,4,0,0,-1,0,0
2.5,5,4,0,0,-1,0,0
2.5,5,4,0,0,-1,0,0
2.5,5,4,0,0,-1,0,0
2.5,5,4,0,0,-1,0,0
2.5,5,4,0,0,-1,0,0
2.5,5,4,0,0,-1,0,0
2.5,5,4,0,0,-1,0,0
2.5,5,4,0,0,-1,0,0
2.5,5,4,0,0,-1,0,0
2.5,5,4,0,0,-1,0,0
2.5,5,4,0,0,-1,0,0
2.5,5,4,0,0,-1,0,0
2.5,5,4,0,0,-1,0,0
2.5,5,4,0,0,-1,0,0
2.5,5,4,0,0,-1,0,0
2.5,5,4,0,0,-1,0,0
2.5,5,4,0,0,-1,0,0
2.5,5,4,0,0,-1,0,0
2.5,5,4,0,0,-1,0,0
2.5,5,4,0,0,-1,0,0
2.5,5,4,0,0,-1,0,0
2.5,5,4,0,0,-1,0,0
2.5,5,4,0,0,-1,0,0
2.5,5,4,0,0,-1,0,0
2.5,5,4,0,0,-1,0,0
2.5,5,4,0,0,-1,0,0
2.5,5,4,0,0,-1,0,0
2.5,5,4,0,0,-1,0,0
2.5,5,4,0,0,-1,0,0
2.5,5,4,0,0,-1,0,0
2.5,5,4,0,0,-1,0,0
2.5,5,4,0,0,-1,0,0
2.5,5,4,0,0,-1,0,0
2.5,5,4,0,0,-1,0,0
2.5,5,4,0,0,-1,0,0
2.5,5,4,0,0,-1,0,0
2.5,5,4,0,0,-1,0,0
2.5,5,4,0,0,-1,0,0
2.5,5,4,0,0,-1,0,0
2.5,5,4,0,0,-1,0,0
2.5,5,4,0,0,-1,0,0
2.5,5,4,0,0,-1,0,0
2.5,5,4,0,0,-1,0,0
2.5,5,4,0,0,-1,0,0
2.5,5,4,0,0,-1,0,0
2.5,5,4,4.16316e-07,0.0359697,4,0,0
2.5,5,4,0,0,-1,0,0
2.5,5,4,0,0,-1,0,0
2.5,5,4,0,0,-1,0,0
2.5,5,4,0,0,-1,0,0
2.5,5,4,0,0,-1,0,0
2.5,5,4,0,0,-1,0,0
2.5,5,4,0,0,-1,0,0
2.5,5,4,0,0,-1,0,0
2.5,5,4,0,0,-1,0,0
2.5,5,4,0,0,-1,0,0
2.5,5,4,0,0,-1,0,0
2.5,5,4,0,0,-1,0,0
2.5,5,4,0,0,-1,0,0
2.5,5,4,0,0,-1,0,0
2.5,5,4,0,0,-1,0,0
2.5,5,4,0,0,-1,0,0
2.5,5,4,0,0,-1,0,0
2.5,5,4,0,0,-1,0,0
2.5,5,4,0,0,-1,0,0
2.5,5,4,0,0,-1,0,0
2.5,5,4,0,0,-1,0,0
2.5,5,4,0,0,-1,0,0
2.5,5,4,0,0,-1,0,0
2.5,5,4,0,0,-1,0,0
2.5,5,4,0,0,-1,0,0
2.5,5,4,0,0,-1,0,0
2.5,5,4,0,0,-1,0,0
2.5,5,4,0,0,-1,0,0
2.5,5,4,0,0,-1,0,0
2.5,5,4,0,0,-1,0,0
2.5,5,4,0,0,-1,0,0
2.5,5,4,0,0,-1,0,0
2.5,5,4,0,0,-1,0,0
2.5,5,4,0,0,-1,0,0
2.5,5,4,0,0,-1,0,0
2.5,5,4,0,0,-1,0,0
2.5,5,4,0,0,-1,0,0
2.5,5,4,0,0,-1,0,0
2.5,5,4,0,0,-1,0,0
2.5,5,4,0,0,-1,0,0
2.5,5,4,0,0,-1,0,0
2.5,5,4,0,0,-1,0,0
2.5,5,4,0,0,-1,0,0
2.5,5,4,0,0,-1,0,0
2.5,5,4,0,0,-1,0,0
2.5,5,4,0,0,-1,0,0
2.5,5,4,0,0,-1,0,0
2.5,5,4,0,0,-1,0,0
2.5,5,4,0,0,-1,0,0
2.5,5,4,0,0,-1,0,0
2.5,5,4,0,0,-1,0,0
2.5,5,4,0,0,-1,0,0
2.5,5,4,0,0,-1,0,0
2.5,5,4,0,0,-1,0,0
2.5,5,4,0,0,-1,0,0
2.5,5,4,0,0,-1,0,0
2.5,5,4,0,0,-1,0,0
2.5,5,4,0,0,-1,0,0
2.5,5,4,0,0,-1,0,0
2.5,5,4,0,0,-1,0,0
2.5,5,4,0,0,-1,0,0
2.5,5,4,0,0,-1,0,0
2.5,5,4,0,0,-1,0,0
2.5,5,4,0,0,-1,0,0
2.5,5,4,0,0,-1,0,0
2.5,5,4,0,0,-1,0,0
2.5,5,4,0,0,-1,0,0
2.5,5,4,0,0,-1,0,0
2.5,5,4,0,0,-1,0,0
2.5,5,4,0,0,-1,0,0
2.5,5,4,0,0,-1,0,0
2.5,5,4,0,0,-1,0,0
2.5,5,4,0,0,-1,0,0
2.5,5,4,0,0,-1,0,0
2.5,5,4,0,0,-1,0,0
2.5,5,4,0,0,-1,0,0
2.5,5,4,0,0,-1,0,0
2.5,5,4,0,0,-1,0,0
2.5,5,4,0,0,-1,0,0
2.5,5,4,0,0,-1,0,0
2.5,5,4,0,0,-1,0,0
2.5,5,4,0,0,-1,0,0
2.5,5,4,0,0,-1,0,0
2.5,5,4,0,0,-1,0,0
2.5,5,4,0,0,-1,0,0
2.5,5,4,0,0,-1,0,0
2.5,5,4,0,0,-1,0,0
2.5,5,4,0,0,-1,0,0
2.5,5,4,0,0,-1,0,0
2.5,5,4,0,0,-1,0,0
2.5,5,4,0,0,-1,0,0
2.5,5,4,0,0,-1,0,0
2.5,5,4,0,0,-1,0,0
2.5,5,4,0,0,-1,0,0
2.5,5,4,0,0,-1,0,0
2.5,5,4,0,0,-1,0,0
2.5,5,4,3.1048e-07,0.0268255,4,0,0
2.5,5,4,0,0,-1,0,0
2.5,5,4,4.77452e-08,0.00412518,4,0,0
2.5,5,4,0,0,-1,0,0
2.5,5,4,0,0,-1,0,0
2.5,5,4,0,0,-1,0,0
2.5,5,4,0,0,-1,0,0
2.5,5,4,0,0,-1,0,0
2.5,5,4,0,0,-1,0,0
2.5,5,4,4.50015e-07,0.0388813,4,0,0
2.5,5,4,0,0,-1,0,0
2.5,5,4,0,0,-1,0,0
2.5,5,4,0,0,-1,0,0
2.5,5,4,0,0,-1,0,0
2.5,5,4,0,0,-1,0,0
2.5,5,4,0,0,-1,0,0
2.5,5,4,4.51736e-07,0.0390299,4,0,0
2.5,5,4,0,0,-1,0,0
2.5,5,4,0,0,-1,0,0
2.5,5,4,0,0,-1,0,0
2.5,5,4,0,0,-1,0,0
2.5,5,4,0,0,-1,0,0
2.5,5,4,0,0,-1,0,0
2.5,5,4,0,0,-1,0,0
2.5,5,4,0,0,-1,0,0
2.5,5,4,0,0,-1,0,0
2.5,5,4,0,0,-1,0,0
2.5,5,4,0,0,-1,0,0
2.5,5,4,0,0,-1,0,0
2.5,5,4,0,0,-1,0,0
2.5,5,4,0,0,-1,0,0
2.5,5,4,0,0,-1,0,0
2.5,5,4,0,0,-1,0,0
2.5,5,4,0,0,-1,0,0
2.5,5,4,0,0,-1,0,0
2.5,5,4,0,0,-1,0,0
2.5,5,4,0,0,-1,0,0
2.5,5,4,0,0,-1,0,0
2.5,5,4,0,0,-1,0,0
2.5,5,4,0,0,-1,0,0
2.5,5,4,0,0,-1,0,0
2.5,5,4,0,0,-1,0,0
2.5,5,4,0,0,-1,0,0
2.5,5,4,0,0,-1,0,0
2.5,5,4,0,0,-1,0,0
2.5,5,4,0,0,-1,0,0
2.5,5,4,0,0,-1,0,0
2.5,5,4,0,0,-1,0,0
2.5,5,4,0,0,-1,0,0
2.5,5,4,0,0,-1,0,0
2.5,5,4,4.42814e-07,0.0382591,4,0,0
2.5,5,4,0,0,-1,0,0
2.5,5,4,0,0,-1,0,0
2.5,5,4,0,0,-1,0,0
2.5,5,4,0,0,-1,0,0
2.5,5,4,0,0,-1,0,0
2.5,5,4,0,0,-1,0,0
2.5,5,4,0,0,-1,0,0
2.5,5,4,0,0,-1,0,0
2.5,5,4,0,0,-1,0,0
2.5,5,4,3.86049e-07,0.0333546,4,0,0
2.5,5,4,0,0,-1,0,0
2.5,5,4,0,0,-1,0,0
2.5,5,4,0,0,-1,0,0
2.5,5,4,0,0,-1,0,0
2.5,5,4,0,0,-1,0,0
2.5,5,4,0,0,-1,0,0
2.5,5,4,0,0,-1,0,0
2.5,5,4,0,0,-1,0,0
2.5,5,4,0,0,-1,0,0
2.5,5,4,0,0,-1,0,0
2.5,5,4,0,0,-1,0,0
2.5,5,4,9.03226e-08,0.00780387,4,0,0
2.5,5,4,0,0,-1,0,0
2.5,5,4,0,0,-1,0,0
2.5,5,4,0,0,-1,0,0
2.5,5,4,0,0,-1,0,0
2.5,5,4,0,0,-1,0,0
2.5,5,4,0,0,-1,0,0
2.5,5,4,0,0,-1,0,0
2.5,5,4,0,0,-1,0,0
2.5,5,4,0,0,-1,0,0
2.5,5,4,0,0,-1,0,0
2.5,5,4,0,0,-1,0,0
2.5,5,4,0,0,-1,0,0
2.5,5,4,0,0,-1,0,0
2.5,5,4,0,0,-1,0,0
2.5,5,4,0,0,-1,0,0
2.5,5,4,0,0,-1,0,0
2.5,5,4,0,0,-1,0,0
2.5,5,4,0,0,-1,0,0
2.5,5,4,0,0,-1,0,0
2.5,5,4,0,0,-1,0,0
2.5,5,4,0,0,-1,0,0
2.5,5,4,0,0,-1,0,0
2.5,5,4,0,0,-1,0,0
2.5,5,4,0,0,-1,0,0
2.5,5,4,0,0,-1,0,0
2.5,5,4,0,0,-1,0,0
2.5,5,4,0,0,-1,0,0
2.5,5,4,0,0,-1,0,0
2.5,5,4,0,0,-1,0,0
2.5,5,4,0,0,-1,0,0
2.5,5,4,0,0,-1,0,0
2.5,5,4,0,0,-1,0,0
2.5,5,4,0,0,-1,0,0
2.5,5,4,0,0,-1,0,0
2.5,5,4,0,0,-1,0,0
2.5,5,4,0,0,-1,0,0
2.5,5,4,0,0,-1,0,0
2.5,5,4,0,0,-1,0,0
2.5,5,4,0,0,-1,0,0
2.5,5,4,4.46709e-07,0.0385956,4,0,0
2.5,5,4,0,0,-1,0,0
2.5,5,4,0,0,-1,0,0
2.5,5,4,2.769e-07,0.0239242,3,1.1,0
2.5,5,4,0,0,-1,0,0
2.5,5,4,0,0,-1,0,0
2.5,5,4,0,0,-1,0,0
2.5,5,4,0,0,-1,0,0
2.5,5,4,0,0,-1,0,0
2.5,5,4,0,0,-1,0,0
2.5,5,4,0,0,-1,0,0
2.5,5,4,0,0,-1,0,0
2.5,5,4,0,0,-1,0,0
2.5,5,4,0,0,-1,0,0
2.5,5,4,0,0,-1,0,0
2.5,5,4,0,0,-1,0,0
2.5,5,4,0,0,-1,0,0
2.5,5,4,0,0,-1,0,0
2.5,5,4,0,0,-1,0,0
2.5,5,4,0,0,-1,0,0
2.5,5,4,0,0,-1,0,0
2.5,5,4,0,0,-1,0,0
2.5,5,4,0,0,-1,0,0
2.5,5,4,0,0,-1,0,0
2.5,5,4,0,0,-1,0,0
2.5,5,4,0,0,-1,0,0
2.5,5,4,0,0,-1,0,0
2.5,5,4,0,0,-1,0,0
2.5,5,4,0,0,-1,0,0
2.5,5,4,0,0,-1,0,0
2.5,5,4,0,0,-1,0,0
2.5,5,4,0,0,-1,0,0
2.5,5,4,0,0,-1,0,0
2.5,5,4,0,0,-1,0,0
2.5,5,4,0,0,-1,0,0
2.5,5,4,0,0,-1,0,0
2.5,5,4,0,0,-1,0,0
2.5,5,4,0,0,-1,0,0
2.5,5,4,0,0,-1,0,0
2.5,5,4,0,0,-1,0,0
2.5,5,4,0,0,-1,0,0
2.5,5,4,0,0,-1,0,0
2.5,5,4,0,0,-1,0,0
2.5,5,4,0,0,-1,0,0
2.5,5,4,0,0,-1,0,0
2.5,5,4,4.35402e-07,0.0376187,4,0,0
2.5,5,4,0,0,-1,0,0
2.5,5,4,1.16042e-07,0.0100261,4,0,0
2.5,5,4,0,0,-1,0,0
2.5,5,4,0,0,-1,0,0
2.5,5,4,0,0,-1,0,0
2.5,5,4,0,0,-1,0,0
2.5,5,4,0,0,-1,0,0
2.5,5,4,0,0,-1,0,0
2.5,5,4,4.51611e-07,0.0390192,4,0,0
2.5,5,4,0,0,-1,0,0
2.5,5,4,0,0,-1,0,0
2.5,5,4,0,0,-1,0,0
2.5,5,4,0,0,-1,0,0
2.5,5,4,4.42617e-07,0.0382421,4,0,0
2.5,5,4,0,0,-1,0,0
2.5,5,4,0,0,-1,0,0
2.5,5,4,0,0,-1,0,0
2.5,5,4,0,0,-1,0,0
2.5,5,4,0,0,-1,0,0
2.5,5,4,0,0,-1,0,0
2.5,5,4,0,0,-1,0,0
2.5,5,4,0,0,-1,0,0
2.5,5,4,0,0,-1,0,0
2.5,5,4,0,0,-1,0,0
2.5,5,4,0,0,-1,0,0
2.5,5,4,0,0,-1,0,0
2.5,5,4,4.2631e-07,0.0368332,4,0,0
2.5,5,4,0,0,-1,0,0
2.5,5,4,0,0,-1,0,0
2.5,5,4,0,0,-1,0,0
2.5,5,4,0,0,-1,0,0
2.5,5,4,0,0,-1,0,0
2.5,5,4,0,0,-1,0,0
2.5,5,4,0,0,-1,0,0
2.5,5,4,0,0,-1,0,0
2.5,5,4,0,0,-1,0,0
2.5,5,4,0,0,-1,0,0
2.5,5,4,0,0,-1,0,0
2.5,5,4,0,0,-1,0,0
2.5,5,4,0,0,-1,0,0
2.5,5,4,0,0,-1,0,0
2.5,5,4,0,0,-1,0,0
2.5,5,4,0,0,-1,0,0
2.5,5,4,0,0,-1,0,0
2.5,5,4,0,0,-1,0,0
2.5,5,4,0,0,-1,0,0
2.5,5,4,0,0,-1,0,0
2.5,5,4,0,0,-1,0,0
2.5,5,4,0,0,-1,0,0
2.5,5,4,2.58967e-07,0.0223747,4,0,0
2.5,5,4,0,0,-1,0,0
2.5,5,4,3.99364e-07,0.0345051,4,0,0
2.5,5,4,0,0,-1,0,0
2.5,5,4,0,0,-1,0,0
2.5,5,4,0,0,-1,0,0
2.5,5,4,1.39634e-07,0.0120643,4,0,0
2.5,5,4,0,0,-1,0,0
2.5,5,4,0,0,-1,0,0
2.5,5,4,0,0,-1,0,0
2.5,5,4,0,0,-1,0,0
2.5,5,4,0,0,-1,0,0
2.5,5,4,0,0,-1,0,0
2.5,5,4,0,0,-1,0,0
2.5,5,4,0,0,-1,0,0
2.5,5,4,0,0,-1,0,0
2.5,5,4,0,0,-1,0,0
2.5,5,4,0,0,-1,0,0
2.5,5,4,0,0,-1,0,0
2.5,5,4,0,0,-1,0,0
2.5,5,4,0,0,-1,0,0
2.5,5,4,0,0,-1,0,0
2.5,5,4,0,0,-1,0,0
2.5,5,4,0,0,-1,0,0
2.5,5,4,0,0,-1,0,0
2.5,5,4,4.38254e-07,0.0378651,4,0,0
2.5,5,4,0,0,-1,0,0
2.5,5,4,0,0,-1,0,0
2.5,5,4,0,0,-1,0,0
2.5,5,4,0,0,-1,0,0
2.5,5,4,0,0,-1,0,0
2.5,5,4,0,0,-1,0,0
2.5,5,4,0,0,-1,0,0
2.5,5,4,0,0,-1,0,0
2.5,5,4,0,0,-1,0,0
2.5,5,4,0,0,-1,0,0
2.5,5,4,0,0,-1,0,0
2.5,5,4,0,0,-1,0,0
2.5,5,4,0,0,-1,0,0
2.5,5,4,0,0,-1,0,0
2.5,5,4,0,0,-1,0,0
2.5,5,4,0,0,-1,0,0
2.5,5,4,0,0,-1,0,0
2.5,5,4,0,0,-1,0,0
2.5,5,4,0,0,-1,0,0
2.5,5,4,0,0,-1,0,0
2.5,5,4,0,0,-1,0,0
2.5,5,4,0,0,-1,0,0
2.5,5,4,0,0,-1,0,0
2.5,5,4,0,0,-1,0,0
2.5,5,4,0,0,-1,0,0
2.5,5,4,0,0,-1,0,0
2.5,5,4,0,0,-1,0,0
2.5,5,4,0,0,-1,0,0
2.5,5,4,0,0,-1,0,0
2.5,5,4,0,0,-1,0,0
2.5,5,4,0,0,-1,0,0
2.5,5,4,0,0,-1,0,0
2.5,5,4,0,0,-1,0,0
2.5,5,4,0,0,-1,0,0
2.5,5,4,0,0,-1,0,0
2.5,5,4,0,0,-1,0,0
2.5,5,4,0,0,-1,0,0
2.5,5,4,0,0,-1,0,0
2.5,5,4,0,0,-1,0,0
2.5,5,4,0,0,-1,0,0
2.5,5,4,0,0,-1,0,0
2.5,5,4,0,0,-1,0,0
2.5,5,4,0,0,-1,0,0
2.5,5,4,0,0,-1,0,0
2.5,5,4,0,0,-1,0,0
2.5,5,4,0,0,-1,0,0
2.5,5,4,0,0,-1,0,0
2.5,5,4,0,0,-1,0,0
2.5,5,4,0,0,-1,0,0
2.5,5,4,0,0,-1,0,0
2.5,5,4,0,0,-1,0,0
2.5,5,4,0,0,-1,0,0
2.5,5,4,0,0,-1,0,0
2.5,5,4,0,0,-1,0,0
2.5,5,4,0,0,-1,0,0
2.5,5,4,0,0,-1,0,0
2.5,5,4,0,0,-1,0,0
2.5,5,4,0,0,-1,0,0
2.5,5,4,0,0,-1,0,0
2.5,5,4,0,0,-1,0,0
2.5,5,4,0,0,-1,0,0
2.5,5,4,0,0,-1,0,0
2.5,5,4,0,0,-1,0,0
2.5,5,4,0,0,-1,0,0
2.5,5,4,0,0,-1,0,0
2.5,5,4,0,0,-1,0,0
2.5,5,4,0,0,-1,0,0
2.5,5,4,0,0,-1,0,0
2.5,5,4,0,0,-1,0,0
2.5,5,4,0,0,-1,0,0
2.5,5,4,0,0,-1,0,0
2.5,5,4,0,0,-1,0,0
2.5,5,4,0,0,-1,0,0
2.5,5,4,0,0,-1,0,0
2.5,5,4,0,0,-1,0,0
2.5,5,4,0,0,-1,0,0
2.5,5,4,0,0,-1,0,0
2.5,5,4,0,0,-1,0,0
2.5,5,4,0,0,-1,0,0
2.5,5,4,0,0,-1,0,0
2.5,5,4,0,0,-1,0,0
2.5,5,4,0,0,-1,0,0
2.5,5,4,0,0,-1,0,0
2.5,5,4,0,0,-1,0,0
2.5,5,4,0,0,-1,0,0
2.5,5,4,0,0,-1,0,0
2.5,5,4,0,0,-1,0,0
2.5,5,4,0,0,-1,0,0
2.5,5,4,0,0,-1,0,0
2.5,5,4,0,0,-1,0,0
2.5,5,4,0,0,-1,0,0
2.5,5,4,0,0,-1,0,0
2.5,5,4,0,0,-1,0,0
2.5,5,4,0,0,-1,0,0
2.5,5,4,0,0,-1,0,0
2.5,5,4,0,0,-1,0,0
2.5,5,4,0,0,-1,0,0
2.5,5,4,0,0,-1,0,0
2.5,5,4,0,0,-1,0,0
2.5,5,4,0,0,-1,0,0
2.5,5,4,0,0,-1,0,0
2.5,5,4,0,0,-1,0,0
2.5,5,4,0,0,-1,0,0
2.5,5,4,0,0,-1,0,0
2.5,5,4,0,0,-1,0,0
2.5,5,4,0,0,-1,0,0
2.5,5,4,0,0,-1,0,0
2.5,5,4,0,0,-1,0,0
2.5,5,4,0,0,-1,0,0
2.5,5,4,0,0,-1,0,0
2.5,5,4,0,0,-1,0,0
2.5,5,4,0,0,-1,0,0
2.5,5,4,0,0,-1,0,0
2.5,5,4,0,0,-1,0,0
2.5,5,4,0,0,-1,0,0
2.5,5,4,4.51311e-07,0.0389932,4,0,0
2.5,5,4,0,0,-1,0,0
2.5,5,4,0,0,-1,0,0
2.5,5,4,0,0,-1,0,0
2.5,5,4,0,0,-1,0,0
2.5,5,4,0,0,-1,0,0
2.5,5,4,0,0,-1,0,0
2.5,5,4,0,0,-1,0,0
2.5,5,4,0,0,-1,0,0
2.5,5,4,0,0,-1,0,0
2.5,5,4,0,0,-1,0,0
2.5,5,4,0,0,-1,0,0
2.5,5,4,0,0,-1,0,0
2.5,5,4,0,0,-1,0,0
2.5,5,4,0,0,-1,0,0
2.5,5,4,0,0,-1,0,0
2.5,5,4,0,0,-1,0,0
2.5,5,4,0,0,-1,0,0
2.5,5,4,0,0,-1,0,0
2.5,5,4,0,0,-1,0,0
2.5,5,4,4.25058e-07,0.036725,4,0,0
2.5,5,4,0,0,-1,0,0
2.5,5,4,0,0,-1,0,0
2.5,5,4,0,0,-1,0,0
2.5,5,4,0,0,-1,0,0
2.5,5,4,0,0,-1,0,0
2.5,5,4,1.30616e-07,0.0112853,4,0,0
2.5,5,4,0,0,-1,0,0
2.5,5,4,0,0,-1,0,0
2.5,5,4,0,0,-1,0,0
2.5,5,4,0,0,-1,0,0
2.5,5,4,0,0,-1,0,0
2.5,5,4,0,0,-1,0,0
2.5,5,4,0,0,-1,0,0
2.5,5,4,3.57366e-07,0.0308765,4,0,0
2.5,5,4,0,0,-1,0,0
2.5,5,4,0,0,-1,0,0
2.5,5,4,0,0,-1,0,0
2.5,5,4,0,0,-1,0,0
2.5,5,4,0,0,-1,0,0
2.5,5,4,0,0,-1,0,0
2.5,5,4,0,0,-1,0,0
2.5,5,4,0,0,-1,0,0
2.5,5,4,0,0,-1,0,0
2.5,5,4,0,0,-1,0,0
2.5,5,4,0,0,-1,0,0
2.5,5,4,0,0,-1,0,0
2.5,5,4,0,0,-1,0,0
2.5,5,4,4.50747e-07,0.0389446,4,0,0
2.5,5,4,0,0,-1,0,0
2.5,5,4,0,0,-1,0,0
2.5,5,4,0,0,-1,0,0
2.5,5,4,0,0,-1,0,0
2.5,5,4,0,0,-1,0,0
2.5,5,4,0,0,-1,0,0
2.5,5,4,0,0,-1,0,0
2.5,5,4,0,0,-1,0,0
2.5,5,4,0,0,-1,0,0
2.5,5,4,0,0,-1,0,0
2.5,5,4,0,0,-1,0,0
2.5,5,4,0,0,-1,0,0
2.5,5,4,0,0,-1,0,0
2.5,5,4,0,0,-1,0,0
2.5,5,4,0,0,-1,0,0
2.5,5,4,0,0,-1,0,0
2.5,5,4,0,0,-1,0,0
2.5,5,4,0,0,-1,0,0
2.5,5,4,0,0,-1,0,0
2.5,5,4,0,0,-1,0,0
2.5,5,4,0,0,-1,0,0
2.5,5,4,0,0,-1,0,0
2.5,5,4,0,0,-1,0,0
2.5,5,4,0,0,-1,0,0
2.5,5,4,0,0,-1,0,0
2.5,5,4,0,0,-1,0,0
2.5,5,4,0,0,-1,0,0
2.5,5,4,0,0,-1,0,0
2.5,5,4,0,0,-1,0,0
2.5,5,4,0,0,-1,0,0
2.5,5,4,0,0,-1,0,0
2.5,5,4,0,0,-1,0,0
2.5,5,4,0,0,-1,0,0
2.5,5,4,0,0,-1,0,0
2.5,5,4,0,0,-1,0,0
2.5,5,4,3.86303e-07,0.0333766,4,0,0
2.5,5,4,0,0,-1,0,0
2.5,5,4,4.29312e-07,0.0370926,4,0,0
2.5,5,4,0,0,-1,0,0
2.5,5,4,0,0,-1,0,0
2.5,5,4,0,0,-1,0,0
2.5,5,4,0,0,-1,0,0
2.5,5,4,0,0,-1,0,0
2.5,5,4,0,0,-1,0,0
2.5,5,4,0,0,-1,0,0
2.5,5,4,0,0,-1,0,0
2.5,5,4,0,0,-1,0,0
2.5,5,4,0,0,-1,0,0
2.5,5,4,0,0,-1,0,0
2.5,5,4,0,0,-1,0,0
2.5,5,4,0,0,-1,0,0
2.5,5,4,0,0,-1,0,0
2.5,5,4,4.48689e-07,0.0387667,4,0,0
2.5,5,4,0,0,-1,0,0
2.5,5,4,0,0,-1,0,0
2.5,5,4,0,0,-1,0,0
2.5,5,4,0,0,-1,0,0
2.5,5,4,0,0,-1,0,0
2.5,5,4,0,0,-1,0,0
2.5,5,4,0,0,-1,0,0
2.5,5,4,0,0,-1,0,0
2.5,5,4,0,0,-1,0,0
2.5,5,4,0,0,-1,0,0
2.5,5,4,0,0,-1,0,0
2.5,5,4,0,0,-1,0,0
2.5,5,4,0,0,-1,0,0
2.5,5,4,0,0,-1,0,0
2.5,5,4,0,0,-1,0,0
2.5,5,4,0,0,-1,0,0
2.5,5,4,0,0,-1,0,0
2.5,5,4,0,0,-1,0,0
2.5,5,4,0,0,-1,0,0
2.5,5,4,0,0,-1,0,0
2.5,5,4,0,0,-1,0,0
2.5,5,4,0,0,-1,0,0
2.5,5,4,0,0,-1,0,0
2.5,5,4,0,0,-1,0,0
2.5,5,4,0,0,-1,0,0
2.5,5,4,0,0,-1,0,0
2.5,5,4,0,0,-1,0,0
2.5,5,4,0,0,-1,0,0
2.5,5,4,0,0,-1,0,0
2.5,5,4,0,0,-1,0,0
2.5,5,4,0,0,-1,0,0
2.5,5,4,0,0,-1,0,0
2.5,5,4,0,0,-1,0,0
2.5,5,4,0,0,-1,0,0
2.5,5,4,0,0,-1,0,0
2.5,5,4,0,0,-1,0,0
2.5,5,4,0,0,-1,0,0
2.5,5,4,0,0,-1,0,0
2.5,5,4,0,0,-1,0,0
2.5,5,4,0,0,-1,0,0
2.5,5,4,0,0,-1,0,0
2.5,5,4,0,0,-1,0,0
2.5,5,4,0,0,-1,0,0
2.5,5,4,0,0,-1,0,0
2.5,5,4,0,0,-1,0,0
2.5,5,4,0,0,-1,0,0
2.5,5,4,0,0,-1,0,0
2.5,5,4,0,0,-1,0,0
2.5,5,4,0,0,-1,0,0
2.5,5,4,0,0,-1,0,0
2.5,5,4,0,0,-1,0,0
2.5,5,4,0,0,-1,0,0
2.5,5,4,0,0,-1,0,0
2.5,5,4,0,0,-1,0,0
2.5,5,4,0,0,-1,0,0
2.5,5,4,0,0,-1,0,0
2.5,5,4,0,0,-1,0,0
2.5,5,4,0,0,-1,0,0
2.5,5,4,0,0,-1,0,0
2.5,5,4,0,0,-1,0,0
2.5,5,4,0,0,-1,0,0
2.5,5,4,0,0,-1,0,0
2.5,5,4,0,0,-1,0,0
2.5,5,4,0,0,-1,0,0
2.5,5,4,0,0,-1,0,0
2.5,5,4,0,0,-1,0,0
2.5,5,4,0,0,-1,0,0
2.5,5,4,0,0,-1,0,0
2.5,5,4,0,0,-1,0,0
2.5,5,4,0,0,-1,0,0
2.5,5,4,0,0,-1,0,0
2.5,5,4,0,0,-1,0,0
2.5,5,4,0,0,-1,0,0
2.5,5,4,0,0,-1,0,0
2.5,5,4,0,0,-1,0,0
2.5,5,4,0,0,-1,0,0
2.5,5,4,0,0,-1,0,0
2.5,5,4,0,0,-1,0,0
2.5,5,4,0,0,-1,0,0
2.5,5,4,3.15863e-07,0.0272906,4,0,0
2.5,5,4,0,0,-1,0,0
2.5,5,4,0,0,-1,0,0
2.5,5,4,0,0,-1,0,0
2.5,5,4,0,0,-1,0,0
2.5,5,4,0,0,-1,0,0
2.5,5,4,0,0,-1,0,0
2.5,5,4,0,0,-1,0,0
2.5,5,4,0,0,-1,0,0
2.5,5,4,0,0,-1,0,0
2.5,5,4,4.51333e-07,0.0389952,4,0,0
2.5,5,4,0,0,-1,0,0
2.5,5,4,0,0,-1,0,0
2.5,5,4,0,0,-1,0,0
2.5,5,4,0,0,-1,0,0
2.5,5,4,0,0,-1,0,0
2.5,5,4,0,0,-1,0,0
2.5,5,4,0,0,-1,0,0
2.5,5,4,0,0,-1,0,0
2.5,5,4,0,0,-1,0,0
2.5,5,4,0,0,-1,0,0
2.5,5,4,0,0,-1,0,0
2.5,5,4,0,0,-1,0,0
2.5,5,4,0,0,-1,0,0
2.5,5,4,0,0,-1,0,0
2.5,5,4,0,0,-1,0,0
2.5,5,4,0,0,-1,0,0
2.5,5,4,4.50256e-07,0.0389021,4,0,0
2.5,5,4,0,0,-1,0,0
2.5,5,4,0,0,-1,0,0
2.5,5,4,4.45813e-07,0.0385183,4,0,0
2.5,5,4,0,0,-1,0,0
2.5,5,4,0,0,-1,0,0
2.5,5,4,0,0,-1,0,0
2.5,5,4,0,0,-1,0,0
2.5,5,4,0,0,-1,0,0
2.5,5,4,0,0,-1,0,0
2.5,5,4,0,0,-1,0,0
2.5,5,4,0,0,-1,0,0
2.5,5,4,0,0,-1,0,0
2.5,5,4,0,0,-1,0,0
2.5,5,4,0,0,-1,0,0
2.5,5,4,4.24511e-07,0.0366777,4,0,0
2.5,5,4,0,0,-1,0,0
2.5,5,4,0,0,-1,0,0
2.5,5,4,0,0,-1,0,0
2.5,5,4,0,0,-1,0,0
2.5,5,4,0,0,-1,0,0
2.5,5,4,0,0,-1,0,0
2.5,5,4,0,0,-1,0,0
2.5,5,4,0,0,-1,0,0
2.5,5,4,0,0,-1,0,0
2.5,5,4,0,0,-1,0,0
2.5,5,4,0,0,-1,0,0
2.5,5,4,0,0,-1,0,0
2.5,5,4,0,0,-1,0,0
2.5,5,4,0,0,-1,0,0
2.5,5,4,0,0,-1,0,0
2.5,5,4,0,0,-1,0,0
2.5,5,4,0,0,-1,0,0
2.5,5,4,0,0,-1,0,0
2.5,5,4,0,0,-1,0,0
2.5,5,4,0,0,-1,0,0
2.5,5,4,0,0,-1,0,0
2.5,5,4,0,0,-1,0,0
2.5,5,4,0,0,-1,0,0
2.5,5,4,0,0,-1,0,0
2.5,5,4,0,0,-1,0,0
2.5,5,4,0,0,-1,0,0
2.5,5,4,0,0,-1,0,0
2.5,5,4,0,0,-1,0,0
2.5,5,4,0,0,-1,0,0
2.5,5,4,0,0,-1,0,0
2.5,5,4,0,0,-1,0,0
2.5,5,4,0,0,-1,0,0
2.5,5,4,0,0,-1,0,0
2.5,5,4,0,0,-1,0,0
2.5,5,4,0,0,-1,0,0
2.5,5,4,0,0,-1,0,0
2.5,5,4,0,0,-1,0,0
2.5,5,4,0,0,-1,0,0
2.5,5,4,0,0,-1,0,0
2.5,5,4,0,0,-1,0,0
2.5,5,4,0,0,-1,0,0
2.5,5,4,0,0,-1,0,0
2.5,5,4,0,0,-1,0,0
2.5,5,4,0,0,-1,0,0
2.5,5,4,0,0,-1,0,0
2.5,5,4,0,0,-1,0,0
2.5,5,4,0,0,-1,0,0
2.5,5,4,0,0,-1,0,0
2.5,5,4,0,0,-1,0,0
2.5,5,4,0,0,-1,0,0
2.5,5,4,0,0,-1,0,0
2.5,5,4,0,0,-1,0,0
2.5,5,4,0,0,-1,0,0
2.5,5,4,0,0,-1,0,0
2.5,5,4,0,0,-1,0,0
2.5,5,4,0,0,-1,0,0
2.5,5,4,0,0,-1,0,0
2.5,5,4,0,0,-1,0,0
2.5,5,4,0,0,-1,0,0
2.5,5,4,0,0,-1,0,0
2.5,5,4,0,0,-1,0,0
2.5,5,4,0,0,-1,0,0
2.5,5,4,0,0,-1,0,0
2.5,5,4,0,0,-1,0,0
2.5,5,4,0,0,-1,0,0
2.5,5,4,0,0,-1,0,0
2.5,5,4,0,0,-1,0,0
2.5,5,4,0,0,-1,0,0
2.5,5,4,0,0,-1,0,0
2.5,5,4,0,0,-1,0,0
2.5,5,4,0,0,-1,0,0
2.5,5,4,0,0,-1,0,0
2.5,5,4,0,0,-1,0,0
2.5,5,4,0,0,-1,0,0
2.5,5,4,0,0,-1,0,0
2.5,5,4,0,0,-1,0,0
2.5,5,4,0,0,-1,0,0
2.5,5,4,0,0,-1,0,0
2.5,5,4,0,0,-1,0,0
2.5,5,4,0,0,-1,0,0
2.5,5,4,0,0,-1,0,0
2.5,5,4,0,0,-1,0,0
2.5,5,4,0,0,-1,0,0
2.5,5,4,0,0,-1,0,0
2.5,5,4,0,0,-1,0,0
2.5,5,4,0,0,-1,0,0
2.5,5,4,0,0,-1,0,0
2.5,5,4,0,0,-1,0,0
2.5,5,4,0,0,-1,0,0
2.5,5,4,0,0,-1,0,0
2.5,5,4,0,0,-1,0,0
2.5,5,4,0,0,-1,0,0
2.5,5,4,0,0,-1,0,0
2.5,5,4,0,0,-1,0,0
2.5,5,4,0,0,-1,0,0
2.5,5,4,0,0,-1,0,0
2.5,5,4,0,0,-1,0,0
2.5,5,4,0,0,-1,0,0
2.5,5,4,0,0,-1,0,0
2.5,5,4,0,0,-1,0,0
2.5,5,4,0,0,-1,0,0
2.5,5,4,0,0,-1,0,0
2.5,5,4,0,0,-1,0,0
2.5,5,4,0,0,-1,0,0
2.5,5,4,0,0,-1,0,0
2.5,5,4,0,0,-1,0,0
2.5,5,4,0,0,-1,0,0
2.5,5,4,0,0,-1,0,0
2.5,5,4,0,0,-1,0,0
2.5,5,4,0,0,-1,0,0
2.5,5,4,0,0,-1,0,0
2.5,5,4,0,0,-1,0,0
2.5,5,4,0,0,-1,0,0
2.5,5,4,0,0,-1,0,0
2.5,5,4,0,0,-1,0,0
2.5,5,4,0,0,-1,0,0
2.5,5,4,0,0,-1,0,0
2.5,5,4,0,0,-1,0,0
2.5,5,4,0,0,-1,0,0
2.5,5,4,0,0,-1,0,0
2.5,5,4,0,0,-1,0,0
2.5,5,4,0,0,-1,0,0
2.5,5,4,0,0,-1,0,0
2.5,5,4,0,0,-1,0,0
2.5,5,4,0,0,-1,0,0
2.5,5,4,0,0,-1,0,0
2.5,5,4,0,0,-1,0,0
2.5,5,4,0,0,-1,0,0
2.5,5,4,0,0,-1,0,0
2.5,5,4,0,0,-1,0,0
2.5,5,4,0,0,-1,0,0
2.5,5,4,0,0,-1,0,0
2.5,5,4,0,0,-1,0,0
2.5,5,4,0,0,-1,0,0
2.5,5,4,0,0,-1,0,0
2.5,5,4,4.5058e-07,0.0389301,4,0,0
2.5,5,4,0,0,-1,0,0
2.5,5,4,0,0,-1,0,0
2.5,5,4,0,0,-1,0,0
2.5,5,4,0,0,-1,0,0
2.5,5,4,0,0,-1,0,0
2.5,5,4,0,0,-1,0,0
2.5,5,4,0,0,-1,0,0
2.5,5,4,0,0,-1,0,0
2.5,5,4,0,0,-1,0,0
2.5,5,4,0,0,-1,0,0
2.5,5,4,0,0,-1,0,0
2.5,5,4,0,0,-1,0,0
2.5,5,4,0,0,-1,0,0
2.5,5,4,0,0,-1,0,0
2.5,5,4,0,0,-1,0,0
2.5,5,4,0,0,-1,0,0
2.5,5,4,0,0,-1,0,0
2.5,5,4,0,0,-1,0,0
2.5,5,4,0,0,-1,0,0
2.5,5,4,0,0,-1,0,0
2.5,5,4,0,0,-1,0,0
2.5,5,4,0,0,-1,0,0
2.5,5,4,0,0,-1,0,0
2.5,5,4,0,0,-1,0,0
2.5,5,4,0,0,-1,0,0
2.5,5,4,0,0,-1,0,0
2.5,5,4,0,0,-1,0,0
2.5,5,4,0,0,-1,0,0
2.5,5,4,0,0,-1,0,0
2.5,5,4,0,0,-1,0,0
2.5,5,4,0,0,-1,0,0
2.5,5,4,0,0,-1,0,0
2.5,5,4,0,0,-1,0,0
2.5,5,4,0,0,-1,0,0
2.5,5,4,0,0,-1,0,0
2.5,5,4,0,0,-1,0,0
2.5,5,4,0,0,-1,0,0
2.5,5,4,0,0,-1,0,0
2.5,5,4,0,0,-1,0,0
2.5,5,4,0,0,-1,0,0
2.5,5,4,4.44544e-07,0.0384086,4,0,0
2.5,5,4,0,0,-1,0,0
2.5,5,4,0,0,-1,0,0
2.5,5,4,0,0,-1,0,0
2.5,5,4,0,0,-1,0,0
2.5,5,4,0,0,-1,0,0
2.5,5,4,0,0,-1,0,0
2.5,5,4,0,0,-1,0,0
2.5,5,4,0,0,-1,0,0
2.5,5,4,0,0,-1,0,0
2.5,5,4,0,0,-1,0,0
2.5,5,4,0,0,-1,0,0
2.5,5,4,0,0,-1,0,0
2.5,5,4,0,0,-1,0,0
2.5,5,4,0,0,-1,0,0
2.5,5,4,0,0,-1,0,0
2.5,5,4,0,0,-1,0,0
2.5,5,4,0,0,-1,0,0
2.5,5,4,0,0,-1,0,0
2.5,5,4,0,0,-1,0,0
2.5,5,4,0,0,-1,0,0
2.5,5,4,0,0,-1,0,0
2.5,5,4,0,0,-1,0,0
2.5,5,4,0,0,-1,0,0
2.5,5,4,0,0,-1,0,0
2.5,5,4,0,0,-1,0,0
2.5,5,4,0,0,-1,0,0
2.5,5,4,0,0,-1,0,0
2.5,5,4,0,0,-1,0,0
2.5,5,4,0,0,-1,0,0
2.5,5,4,0,0,-1,0,0
2.5,5,4,0,0,-1,0,0
2.5,5,4,0,0,-1,0,0
2.5,5,4,0,0,-1,0,0
2.5,5,4,0,0,-1,0,0
2.5,5,4,0,0,-1,0,0
2.5,5,4,3.69223e-07,0.0319008,4,0,0
2.5,5,4,0,0,-1,0,0
2.5,5,4,0,0,-1,0,0
2.5,5,4,0,0,-1,0,0
2.5,5,4,0,0,-1,0,0
2.5,5,4,0,0,-1,0,0
2.5,5,4,0,0,-1,0,0
2.5,5,4,0,0,-1,0,0
2.5,5,4,4.52281e-07,0.039077,4,0,0
2.5,5,4,0,0,-1,0,0
2.5,5,4,0,0,-1,0,0
2.5,5,4,0,0,-1,0,0
2.5,5,4,0,0,-1,0,0
2.5,5,4,0,0,-1,0,0
2.5,5,4,0,0,-1,0,0
2.5,5,4,0,0,-1,0,0
2.5,5,4,0,0,-1,0,0
2.5,5,4,0,0,-1,0,0
2.5,5,4,0,0,-1,0,0
2.5,5,4,0,0,-1,0,0
2.5,5,4,0,0,-1,0,0
2.5,5,4,0,0,-1,0,0
2.5,5,4,0,0,-1,0,0
2.5,5,4,0,0,-1,0,0
2.5,5,4,0,0,-1,0,0
2.5,5,4,0,0,-1,0,0
2.5,5,4,0,0,-1,0,0
2.5,5,4,0,0,-1,0,0
2.5,5,4,0,0,-1,0,0
2.5,5,4,0,0,-1,0,0
2.5,5,4,0,0,-1,0,0
2.5,5,4,0,0,-1,0,0
2.5,5,4,0,0,-1,0,0
2.5,5,4,0,0,-1,0,0
2.5,5,4,0,0,-1,0,0
2.5,5,4,0,0,-1,0,0
2.5,5,4,4.23031e-07,0.0365499,4,0,0
2.5,5,4,0,0,-1,0,0
2.5,5,4,0,0,-1,0,0
2.5,5,4,0,0,-1,0,0
2.5,5,4,0,0,-1,0,0
2.5,5,4,0,0,-1,0,0
2.5,5,4,0,0,-1,0,0
2.5,5,4,0,0,-1,0,0
2.5,5,4,0,0,-1,0,0
2.5,5,4,0,0,-1,0,0
2.5,5,4,0,0,-1,0,0
2.5,5,4,0,0,-1,0,0
2.5,5,4,0,0,-1,0,0
2.5,5,4,0,0,-1,0,0
2.5,5,4,0,0,-1,0,0
2.5,5,4,0,0,-1,0,0
2.5,5,4,0,0,-1,0,0
2.5,5,4,0,0,-1,0,0
2.5,5,4,0,0,-1,0,0
2.5,5,4,0,0,-1,0,0
2.5,5,4,0,0,-1,0,0
2.5,5,4,0,0,-1,0,0
2.5,5,4,0,0,-1,0,0
2.5,5,4,0,0,-1,0,0
2.5,5,4,0,0,-1,0,0
2.5,5,4,0,0,-1,0,0
2.5,5,4,0,0,-1,0,0
2.5,5,4,0,0,-1,0,0
2.5,5,4,0,0,-1,0,0
2.5,5,4,0,0,-1,0,0
2.5,5,4,0,0,-1,0,0
2.5,5,4,0,0,-1,0,0
2.5,5,4,0,0,-1,0,0
2.5,5,4,0,0,-1,0,0
2.5,5,4,0,0,-1,0,0
2.5,5,4,0,0,-1,0,0
2.5,5,4,0,0,-1,0,0
2.5,5,4,0,0,-1,0,0
2.5,5,4,0,0,-1,0,0
2.5,5,4,4.48746e-07,0.0387717,4,0,0
2.5,5,4,0,0,-1,0,0
2.5,5,4,0,0,-1,0,0
2.5,5,4,0,0,-1,0,0
2.5,5,4,0,0,-1,0,0
2.5,5,4,0,0,-1,0,0
2.5,5,4,0,0,-1,0,0
2.5,5,4,0,0,-1,0,0
2.5,5,4,0,0,-1,0,0
2.5,5,4,0,0,-1,0,0
2.5,5,4,0,0,-1,0,0
2.5,5,4,0,0,-1,0,0
2.5,5,4,0,0,-1,0,0
2.5,5,4,0,0,-1,0,0
2.5,5,4,0,0,-1,0,0
2.5,5,4,0,0,-1,0,0
2.5,5,4,0,0,-1,0,0
2.5,5,4,0,0,-1,0,0
2.5,5,4,0,0,-1,0,0
2.5,5,4,0,0,-1,0,0
2.5,5,4,0,0,-1,0,0
2.5,5,4,0,0,-1,0,0
2.5,5,4,0,0,-1,0,0
2.5,5,4,0,0,-1,0,0
2.5,5,4,0,0,-1,0,0
2.5,5,4,0,0,-1,0,0
2.5,5,4,0,0,-1,0,0
2.5,5,4,0,0,-1,0,0
2.5,5,4,0,0,-1,0,0
2.5,5,4,1.65949e-07,0.014338,4,0,0
2.5,5,4,0,0,-1,0,0
2.5,5,4,0,0,-1,0,0
2.5,5,4,0,0,-1,0,0
2.5,5,4,0,0,-1,0,0
2.5,5,4,0,0,-1,0,0
2.5,5,4,0,0,-1,0,0
2.5,5,4,0,0,-1,0,0
2.5,5,4,0,0,-1,0,0
2.5,5,4,0,0,-1,0,0
2.5,5,4,0,0,-1,0,0
2.5,5,4,0,0,-1,0,0
2.5,5,4,0,0,-1,0,0
2.5,5,4,0,0,-1,0,0
2.5,5,4,0,0,-1,0,0
2.5,5,4,0,0,-1,0,0
2.5,5,4,0,0,-1,0,0
2.5,5,4,0,0,-1,0,0
2.5,5,4,0,0,-1,0,0
2.5,5,4,3.3205e-07,0.0286891,3,1.1,0
2.5,5,4,2.0681e-07,0.0178684,4,0,0
2.5,5,4,0,0,-1,0,0
2.5,5,4,0,0,-1,0,0
2.5,5,4,0,0,-1,0,0
2.5,5,4,0,0,-1,0,0
2.5,5,4,0,0,-1,0,0
2.5,5,4,0,0,-1,0,0
2.5,5,4,0,0,-1,0,0
2.5,5,4,3.95849e-07,0.0342013,4,0,0
2.5,5,4,0,0,-1,0,0
2.5,5,4,1.08544e-07,0.00937823,4,0,0
2.5,5,4,0,0,-1,0,0
2.5,5,4,0,0,-1,0,0
2.5,5,4,0,0,-1,0,0
2.5,5,4,0,0,-1,0,0
2.5,5,4,0,0,-1,0,0
2.5,5,4,0,0,-1,0,0
2.5,5,4,0,0,-1,0,0
2.5,5,4,0,0,-1,0,0
2.5,5,4,0,0,-1,0,0
2.5,5,4,0,0,-1,0,0
2.5,5,4,0,0,-1,0,0
2.5,5,4,0,0,-1,0,0
2.5,5,4,0,0,-1,0,0
2.5,5,4,0,0,-1,0,0
2.5,5,4,0,0,-1,0,0
2.5,5,4,4.47963e-07,0.038704,4,0,0
2.5,5,4,0,0,-1,0,0
2.5,5,4,0,0,-1,0,0
2.5,5,4,4.05973e-07,0.0350761,4,0,0
2.5,5,4,0,0,-1,0,0
2.5,5,4,0,0,-1,0,0
2.5,5,4,0,0,-1,0,0
2.5,5,4,0,0,-1,0,0
2.5,5,4,0,0,-1,0,0
2.5,5,4,0,0,-1,0,0
2.5,5,4,0,0,-1,0,0
2.5,5,4,0,0,-1,0,0
2.5,5,4,0,0,-1,0,0
2.5,5,4,0,0,-1,0,0
2.5,5,4,0,0,-1,0,0
2.5,5,4,0,0,-1,0,0
2.5,5,4,0,0,-1,0,0
2.5,5,4,0,0,-1,0,0
2.5,5,4,3.18048e-07,0.0274794,4,0,0
2.5,5,4,0,0,-1,0,0
2.5,5,4,0,0,-1,0,0
2.5,5,4,0,0,-1,0,0
2.5,5,4,0,0,-1,0,0
2.5,5,4,0,0,-1,0,0
2.5,5,4,0,0,-1,0,0
2.5,5,4,0,0,-1,0,0
2.5,5,4,0,0,-1,0,0
2.5,5,4,0,0,-1,0,0
2.5,5,4,0,0,-1,0,0
2.5,5,4,0,0,-1,0,0
2.5,5,4,0,0,-1,0,0
2.5,5,4,0,0,-1,0,0
2.5,5,4,0,0,-1,0,0
2.5,5,4,0,0,-1,0,0
2.5,5,4,0,0,-1,0,0
2.5,5,4,0,0,-1,0,0
2.5,5,4,0,0,-1,0,0
2.5,5,4,0,0,-1,0,0
2.5,5,4,0,0,-1,0,0
2.5,5,4,0,0,-1,0,0
2.5,5,4,0,0,-1,0,0
2.5,5,4,0,0,-1,0,0
2.5,5,4,0,0,-1,0,0
2.5,5,4,0,0,-1,0,0
2.5,5,4,0,0,-1,0,0
2.5,5,4,0,0,-1,0,0
2.5,5,4,0,0,-1,0,0
2.5,5,4,0,0,-1,0,0
2.5,5,4,0,0,-1,0,0
2.5,5,4,0,0,-1,0,0
2.5,5,4,0,0,-1,0,0
2.5,5,4,0,0,-1,0,0
2.5,5,4,0,0,-1,0,0
2.5,5,4,0,0,-1,0,0
2.5,5,4,0,0,-1,0,0
2.5,5,4,0,0,-1,0,0
2.5,5,4,0,0,-1,0,0
2.5,5,4,0,0,-1,0,0
2.5,5,4,0,0,-1,0,0
2.5,5,4,0,0,-1,0,0
2.5,5,4,0,0,-1,0,0
2.5,5,4,0,0,-1,0,0
2.5,5,4,3.70665e-07,0.0320255,4,0,0
2.5,5,4,0,0,-1,0,0
2.5,5,4,0,0,-1,0,0
2.5,5,4,0,0,-1,0,0
2.5,5,4,0,0,-1,0,0
2.5,5,4,0,0,-1,0,0
2.5,5,4,0,0,-1,0,0
2.5,5,4,0,0,-1,0,0
2.5,5,4,0,0,-1,0,0
2.5,5,4,0,0,-1,0,0
2.5,5,4,0,0,-1,0,0
2.5,5,4,0,0,-1,0,0
2.5,5,4,0,0,-1,0,0
2.5,5,4,0,0,-1,0,0
2.5,5,4,0,0,-1,0,0
2.5,5,4,0,0,-1,0,0
2.5,5,4,0,0,-1,0,0
2.5,5,4,0,0,-1,0,0
2.5,5,4,0,0,-1,0,0
2.5,5,4,0,0,-1,0,0
2.5,5,4,0,0,-1,0,0
2.5,5,4,0,0,-1,0,0
2.5,5,4,0,0,-1,0,0
2.5,5,4,0,0,-1,0,0
2.5,5,4,0,0,-1,0,0
2.5,5,4,0,0,-1,0,0
2.5,5,4,0,0,-1,0,0
2.5,5,4,0,0,-1,0,0
2.5,5,4,0,0,-1,0,0
2.5,5,4,0,0,-1,0,0
2.5,5,4,0,0,-1,0,0
2.5,5,4,0,0,-1,0,0
2.5,5,4,0,0,-1,0,0
2.5,5,4,0,0,-1,0,0
2.5,5,4,0,0,-1,0,0
2.5,5,4,0,0,-1,0,0
2.5,5,4,0,0,-1,0,0
2.5,5,4,0,0,-1,0,0
2.5,5,4,0,0,-1,0,0
2.5,5,4,0,0,-1,0,0
2.5,5,4,0,0,-1,0,0
2.5,5,4,0,0,-1,0,0
2.5,5,4,0,0,-1,0,0
2.5,5,4,0,0,-1,0,0
2.5,5,4,0,0,-1,0,0
2.5,5,4,0,0,-1,0,0
2.5,5,4,0,0,-1,0,0
2.5,5,4,0,0,-1,0,0
2.5,5,4,0,0,-1,0,0
2.5,5,4,0,0,-1,0,0
2.5,5,4,0,0,-1,0,0
2.5,5,4,0,0,-1,0,0
2.5,5,4,0,0,-1,0,0
2.5,5,4,0,0,-1,0,0
2.5,5,4,0,0,-1,0,0
2.5,5,4,0,0,-1,0,0
2.5,5,4,0,0,-1,0,0
2.5,5,4,0,0,-1,0,0
2.5,5,4,0,0,-1,0,0
2.5,5,4,0,0,-1,0,0
2.5,5,4,0,0,-1,0,0
2.5,5,4,0,0,-1,0,0
2.5,5,4,0,0,-1,0,0
2.5,5,4,0,0,-1,0,0
2.5,5,4,0,0,-1,0,0
2.5,5,4,0,0,-1,0,0
2.5,5,4,0,0,-1,0,0
2.5,5,4,0,0,-1,0,0
2.5,5,4,0,0,-1,0,0
2.5,5,4,0,0,-1,0,0
2.5,5,4,0,0,-1,0,0
2.5,5,4,0,0,-1,0,0
2.5,5,4,0,0,-1,0,0
2.5,5,4,0,0,-1,0,0
2.5,5,4,0,0,-1,0,0
2.5,5,4,0,0,-1,0,0
2.5,5,4,0,0,-1,0,0
2.5,5,4,0,0,-1,0,0
2.5,5,4,0,0,-1,0,0
2.5,5,4,0,0,-1,0,0
2.5,5,4,0,0,-1,0,0
2.5,5,4,0,0,-1,0,0
2.5,5,4,0,0,-1,0,0
2.5,5,4,0,0,-1,0,0
2.5,5,4,0,0,-1,0,0
2.5,5,4,6.3687e-08,0.00550256,3,1.1,0
2.5,5,4,4.50867e-07,0.0389549,4,0,0
2.5,5,4,0,0,-1,0,0
2.5,5,4,0,0,-1,0,0
2.5,5,4,0,0,-1,0,0
2.5,5,4,0,0,-1,0,0
2.5,5,4,0,0,-1,0,0
2.5,5,4,0,0,-1,0,0
2.5,5,4,0,0,-1,0,0
2.5,5,4,0,0,-1,0,0
2.5,5,4,4.51553e-07,0.0390141,4,0,0
2.5,5,4,0,0,-1,0,0
2.5,5,4,0,0,-1,0,0
2.5,5,4,0,0,-1,0,0
2.5,5,4,0,0,-1,0,0
2.5,5,4,0,0,-1,0,0
2.5,5,4,0,0,-1,0,0
2.5,5,4,0,0,-1,0,0
2.5,5,4,0,0,-1,0,0
2.5,5,4,0,0,-1,0,0
2.5,5,4,0,0,-1,0,0
2.5,5,4,0,0,-1,0,0
2.5,5,4,0,0,-1,0,0
2.5,5,4,0,0,-1,0,0
2.5,5,4,0,0,-1,0,0
2.5,5,4,0,0,-1,0,0
2.5,5,4,0,0,-1,0,0
2.5,5,4,4.47412e-07,0.0386564,4,0,0
2.5,5,4,0,0,-1,0,0
2.5,5,4,0,0,-1,0,0
2.5,5,4,0,0,-1,0,0
2.5,5,4,0,0,-1,0,0
2.5,5,4,0,0,-1,0,0
2.5,5,4,0,0,-1,0,0
2.5,5,4,0,0,-1,0,0
2.5,5,4,0,0,-1,0,0
2.5,5,4,0,0,-1,0,0
2.5,5,4,0,0,-1,0,0
2.5,5,4,0,0,-1,0,0
2.5,5,4,0,0,-1,0,0
2.5,5,4,0,0,-1,0,0
2.5,5,4,0,0,-1,0,0
2.5,5,4,0,0,-1,0,0
2.5,5,4,0,0,-1,0,0
2.5,5,4,0,0,-1,0,0
2.5,5,4,0,0,-1,0,0
2.5,5,4,0,0,-1,0,0
2.5,5,4,0,0,-1,0,0
2.5,5,4,0,0,-1,0,0
2.5,5,4,0,0,-1,0,0
2.5,5,4,0,0,-1,0,0
2.5,5,4,0,0,-1,0,0
2.5,5,4,0,0,-1,0,0
2.5,5,4,0,0,-1,0,0
2.5,5,4,0,0,-1,0,0
2.5,5,4,0,0,-1,0,0
2.5,5,4,0,0,-1,0,0
2.5,5,4,0,0,-1,0,0
2.5,5,4,0,0,-1,0,0
2.5,5,4,2.67206e-07,0.0230866,3,1.1,0
2.5,5,4,0,0,-1,0,0
2.5,5,4,0,0,-1,0,0
2.5,5,4,0,0,-1,0,0
2.5,5,4,0,0,-1,0,0
2.5,5,4,0,0,-1,0,0
2.5,5,4,0,0,-1,0,0
2.5,5,4,0,0,-1,0,0
2.5,5,4,0,0,-1,0,0
2.5,5,4,0,0,-1,0,0
2.5,5,4,0,0,-1,0,0
2.5,5,4,0,0,-1,0,0
2.5,5,4,0,0,-1,0,0
2.5,5,4,0,0,-1,0,0
2.5,5,4,0,0,-1,0,0
2.5,5,4,0,0,-1,0,0
2.5,5,4,0,0,-1,0,0
2.5,5,4,0,0,-1,0,0
2.5,5,4,0,0,-1,0,0
2.5,5,4,0,0,-1,0,0
2.5,5,4,0,0,-1,0,0
2.5,5,4,4.10532e-07,0.0354699,3,1.1,0
2.5,5,4,0,0,-1,0,0
2.5,5,4,4.41049e-07,0.0381066,4,0,0
2.5,5,4,0,0,-1,0,0
2.5,5,4,0,0,-1,0,0
2.5,5,4,0,0,-1,0,0
2.5,5,4,0,0,-1,0,0
2.5,5,4,0,0,-1,0,0
2.5,5,4,0,0,-1,0,0
2.5,5,4,0,0,-1,0,0
2.5,5,4,0,0,-1,0,0
2.5,5,4,0,0,-1,0,0
2.5,5,4,0,0,-1,0,0
2.5,5,4,0,0,-1,0,0
2.5,5,4,0,0,-1,0,0
2.5,5,4,0,0,-1,0,0
2.5,5,4,0,0,-1,0,0
2.5,5,4,0,0,-1,0,0
2.5,5,4,0,0,-1,0,0
2.5,5,4,0,0,-1,0,0
2.5,5,4,4.50129e-07,0.0388911,4,0,0
2.5,5,4,0,0,-1,0,0
2.5,5,4,0,0,-1,0,0
2.5,5,4,0,0,-1,0,0
2.5,5,4,0,0,-1,0,0
2.5,5,4,0,0,-1,0,0
2.5,5,4,2.89543e-07,0.0250165,4,0,0
2.5,5,4,0,0,-1,0,0
2.5,5,4,0,0,-1,0,0
2.5,5,4,0,0,-1,0,0
2.5,5,4,0,0,-1,0,0
2.5,5,4,0,0,-1,0,0
2.5,5,4,0,0,-1,0,0
2.5,5,4,0,0,-1,0,0
2.5,5,4,0,0,-1,0,0
2.5,5,4,0,0,-1,0,0
2.5,5,4,0,0,-1,0,0
2.5,5,4,0,0,-1,0,0
2.5,5,4,0,0,-1,0,0
2.5,5,4,4.34474e-07,0.0375385,4,0,0
2.5,5,4,0,0,-1,0,0
2.5,5,4,0,0,-1,0,0
2.5,5,4,0,0,-1,0,0
2.5,5,4,0,0,-1,0,0
2.5,5,4,0,0,-1,0,0
2.5,5,4,0,0,-1,0,0
2.5,5,4,0,0,-1,0,0
2.5,5,4,0,0,-1,0,0
2.5,5,4,0,0,-1,0,0
2.5,5,4,0,0,-1,0,0
2.5,5,4,0,0,-1,0,0
2.5,5,4,0,0,-1,0,0
2.5,5,4,0,0,-1,0,0
2.5,5,4,0,0,-1,0,0
2.5,5,4,0,0,-1,0,0
2.5,5,4,0,0,-1,0,0
2.5,5,4,0,0,-1,0,0
2.5,5,4,0,0,-1,0,0
2.5,5,4,0,0,-1,0,0
2.5,5,4,0,0,-1,0,0
2.5,5,4,0,0,-1,0,0
2.5,5,4,0,0,-1,0,0
2.5,5,4,0,0,-1,0,0
2.5,5,4,0,0,-1,0,0
2.5,5,4,0,0,-1,0,0
2.5,5,4,0,0,-1,0,0
2.5,5,4,0,0,-1,0,0
2.5,5,4,0,0,-1,0,0
2.5,5,4,0,0,-1,0,0
2.5,5,4,0,0,-1,0,0
2.5,5,4,0,0,-1,0,0
2.5,5,4,0,0,-1,0,0
2.5,5,4,0,0,-1,0,0
2.5,5,4,0,0,-1,0,0
2.5,5,4,0,0,-1,0,0
2.5,5,4,0,0,-1,0,0
2.5,5,4,0,0,-1,0,0
2.5,5,4,0,0,-1,0,0
2.5,5,4,0,0,-1,0,0
2.5,5,4,0,0,-1,0,0
2.5,5,4,0,0,-1,0,0
2.5,5,4,0,0,-1,0,0
2.5,5,4,0,0,-1,0,0
2.5,5,4,0,0,-1,0,0
2.5,5,4,0,0,-1,0,0
2.5,5,4,0,0,-1,0,0
2.5,5,4,0,0,-1,0,0
2.5,5,4,0,0,-1,0,0
2.5,5,4,0,0,-1,0,0
2.5,5,4,0,0,-1,0,0
2.5,5,4,0,0,-1,0,0
2.5,5,4,0,0,-1,0,0
2.5,5,4,0,0,-1,0,0
2.5,5,4,0,0,-1,0,0
2.5,5,4,0,0,-1,0,0
2.5,5,4,0,0,-1,0,0
2.5,5,4,0,0,-1,0,0
2.5,5,4,0,0,-1,0,0
2.5,5,4,0,0,-1,0,0
2.5,5,4,2.87656e-07,0.0248535,4,0,0
2.5,5,4,0,0,-1,0,0
2.5,5,4,0,0,-1,0,0
2.5,5,4,0,0,-1,0,0
2.5,5,4,0,0,-1,0,0
2.5,5,4,0,0,-1,0,0
2.5,5,4,0,0,-1,0,0
2.5,5,4,0,0,-1,0,0
2.5,5,4,0,0,-1,0,0
2.5,5,4,0,0,-1,0,0
2.5,5,4,0,0,-1,0,0
2.5,5,4,0,0,-1,0,0
2.5,5,4,0,0,-1,0,0
2.5,5,4,0,0,-1,0,0
2.5,5,4,0,0,-1,0,0
2.5,5,4,0,0,-1,0,0
2.5,5,4,0,0,-1,0,0
2.5,5,4,0,0,-1,0,0
2.5,5,4,0,0,-1,0,0
2.5,5,4,0,0,-1,0,0
2.5,5,4,0,0,-1,0,0
2.5,5,4,0,0,-1,0,0
2.5,5,4,3.43289e-07,0.0296602,4,0,0
2.5,5,4,0,0,-1,0,0
2.5,5,4,1.72876e-07,0.0149365,4,0,0
2.5,5,4,0,0,-1,0,0
2.5,5,4,0,0,-1,0,0
2.5,5,4,0,0,-1,0,0
2.5,5,4,0,0,-1,0,0
2.5,5,4,0,0,-1,0,0
2.5,5,4,0,0,-1,0,0
2.5,5,4,0,0,-1,0,0
2.5,5,4,0,0,-1,0,0
2.5,5,4,0,0,-1,0,0
2.5,5,4,0,0,-1,0,0
2.5,5,4,0,0,-1,0,0
2.5,5,4,0,0,-1,0,0
2.5,5,4,0,0,-1,0,0
2.5,5,4,0,0,-1,0,0
2.5,5,4,0,0,-1,0,0
2.5,5,4,0,0,-1,0,0
2.5,5,4,4.52191e-07,0.0390693,4,0,0
2.5,5,4,0,0,-1,0,0
2.5,5,4,0,0,-1,0,0
2.5,5,4,0,0,-1,0,0
2.5,5,4,0,0,-1,0,0
2.5,5,4,0,0,-1,0,0
2.5,5,4,0,0,-1,0,0
2.5,5,4,0,0,-1,0,0
2.5,5,4,0,0,-1,0,0
2.5,5,4,0,0,-1,0,0
2.5,5,4,0,0,-1,0,0
2.5,5,4,0,0,-1,0,0
2.5,5,4,0,0,-1,0,0
2.5,5,4,0,0,-1,0,0
2.5,5,4,0,0,-1,0,0
2.5,5,4,4.45774e-07,0.0385149,4,0,0
2.5,5,4,0,0,-1,0,0
2.5,5,4,0,0,-1,0,0
2.5,5,4,1.57029e-07,0.0135673,4,0,0
2.5,5,4,0,0,-1,0,0
2.5,5,4,0,0,-1,0,0
2.5,5,4,0,0,-1,0,0
2.5,5,4,0,0,-1,0,0
2.5,5,4,0,0,-1,0,0
2.5,5,4,0,0,-1,0,0
2.5,5,4,0,0,-1,0,0
2.5,5,4,0,0,-1,0,0
2.5,5,4,0,0,-1,0,0
2.5,5,4,0,0,-1,0,0
2.5,5,4,0,0,-1,0,0
2.5,5,4,0,0,-1,0,0
2.5,5,4,0,0,-1,0,0
2.5,5,4,0,0,-1,0,0
2.5,5,4,4.46282e-07,0.0385588,4,0,0
2.5,5,4,0,0,-1,0,0
2.5,5,4,0,0,-1,0,0
2.5,5,4,0,0,-1,0,0
2.5,5,4,0,0,-1,0,0
2.5,5,4,0,0,-1,0,0
2.5,5,4,0,0,-1,0,0
2.5,5,4,0,0,-1,0,0
2.5,5,4,0,0,-1,0,0
2.5,5,4,0,0,-1,0,0
2.5,5,4,0,0,-1,0,0
2.5,5,4,0,0,-1,0,0
2.5,5,4,0,0,-1,0,0
2.5,5,4,0,0,-1,0,0
2.5,5,4,0,0,-1,0,0
2.5,5,4,0,0,-1,0,0
2.5,5,4,0,0,-1,0,0
2.5,5,4,0,0,-1,0,0
2.5,5,4,0,0,-1,0,0
2.5,5,4,0,0,-1,0,0
2.5,5,4,0,0,-1,0,0
2.5,5,4,0,0,-1,0,0
2.5,5,4,0,0,-1,0,0
2.5,5,4,0,0,-1,0,0
2.5,5,4,0,0,-1,0,0
2.5,5,4,0,0,-1,0,0
2.5,5,4,0,0,-1,0,0
2.5,5,4,0,0,-1,0,0
2.5,5,4,0,0,-1,0,0
2.5,5,4,0,0,-1,0,0
2.5,5,4,0,0,-1,0,0
2.5,5,4,0,0,-1,0,0
2.5,5,4,0,0,-1,0,0
2.5,5,4,0,0,-1,0,0
2.5,5,4,0,0,-1,0,0
2.5,5,4,0,0,-1,0,0
2.5,5,4,0,0,-1,0,0
2.5,5,4,0,0,-1,0,0
2.5,5,4,0,0,-1,0,0
2.5,5,4,0,0,-1,0,0
2.5,5,4,0,0,-1,0,0
2.5,5,4,0,0,-1,0,0
2.5,5,4,0,0,-1,0,0
2.5,5,4,0,0,-1,0,0
2.5,5,4,0,0,-1,0,0
2.5,5,4,0,0,-1,0,0
2.5,5,4,0,0,-1,0,0
2.5,5,4,0,0,-1,0,0
2.5,5,4,4.3269e-07,0.0373845,4,0,0
2.5,5,4,0,0,-1,0,0
2.5,5,4,0,0,-1,0,0
2.5,5,4,0,0,-1,0,0
2.5,5,4,0,0,-1,0,0
2.5,5,4,0,0,-1,0,0
2.5,5,4,0,0,-1,0,0
2.5,5,4,0,0,-1,0,0
2.5,5,4,0,0,-1,0,0
2.5,5,4,0,0,-1,0,0
2.5,5,4,0,0,-1,0,0
2.5,5,4,0,0,-1,0,0
2.5,5,4,0,0,-1,0,0
2.5,5,4,0,0,-1,0,0
2.5,5,4,0,0,-1,0,0
2.5,5,4,0,0,-1,0,0
2.5,5,4,0,0,-1,0,0
2.5,5,4,0,0,-1,0,0
2.5,5,4,0,0,-1,0,0
2.5,5,4,4.49869e-07,0.0388687,4,0,0
2.5,5,4,0,0,-1,0,0
2.5,5,4,0,0,-1,0,0
2.5,5,4,0,0,-1,0,0
2.5,5,4,0,0,-1,0,0
2.5,5,4,0,0,-1,0,0
2.5,5,4,0,0,-1,0,0
2.5,5,4,0,0,-1,0,0
2.5,5,4,0,0,-1,0,0
2.5,5,4,0,0,-1,0,0
2.5,5,4,0,0,-1,0,0
2.5,5,4,0,0,-1,0,0
2.5,5,4,0,0,-1,0,0
2.5,5,4,0,0,-1,0,0
2.5,5,4,0,0,-1,0,0
2.5,5,4,0,0,-1,0,0
2.5,5,4,0,0,-1,0,0
2.5,5,4,0,0,-1,0,0
2.5,5,4,0,0,-1,0,0
2.5,5,4,0,0,-1,0,0
2.5,5,4,0,0,-1,0,0
2.5,5,4,0,0,-1,0,0
2.5,5,4,0,0,-1,0,0
2.5,5,4,0,0,-1,0,0
2.5,5,4,0,0,-1,0,0
2.5,5,4,0,0,-1,0,0
2.5,5,4,0,0,-1,0,0
2.5,5,4,0,0,-1,0,0
2.5,5,4,0,0,-1,0,0
2.5,5,4,0,0,-1,0,0
2.5,5,4,0,0,-1,0,0
2.5,5,4,0,0,-1,0,0
2.5,5,4,0,0,-1,0,0
2.5,5,4,0,0,-1,0,0
2.5,5,4,0,0,-1,0,0
2.5,5,4,0,0,-1,0,0
2.5,5,4,4.49511e-07,0.0388377,4,0,0
2.5,5,4,0,0,-1,0,0
2.5,5,4,0,0,-1,0,0
2.5,5,4,0,0,-1,0,0
2.5,5,4,0,0,-1,0,0
2.5,5,4,0,0,-1,0,0
2.5,5,4,0,0,-1,0,0
2.5,5,4,0,0,-1,0,0
2.5,5,4,0,0,-1,0,0
2.5,5,4,0,0,-1,0,0
2.5,5,4,0,0,-1,0,0
2.5,5,4,4.43546e-07,0.0383224,4,0,0
2.5,5,4,0,0,-1,0,0
2.5,5,4,0,0,-1,0,0
2.5,5,4,0,0,-1,0,0
2.5,5,4,0,0,-1,0,0
2.5,5,4,0,0,-1,0,0
2.5,5,4,0,0,-1,0,0
2.5,5,4,0,0,-1,0,0
2.5,5,4,0,0,-1,0,0
2.5,5,4,0,0,-1,0,0
2.5,5,4,0,0,-1,0,0
2.5,5,4,0,0,-1,0,0
2.5,5,4,0,0,-1,0,0
2.5,5,4,0,0,-1,0,0
2.5,5,4,0,0,-1,0,0
2.5,5,4,0,0,-1,0,0
2.5,5,4,0,0,-1,0,0
2.5,5,4,0,0,-1,0,0
2.5,5,4,0,0,-1,0,0
2.5,5,4,3.89637e-07,0.0336646,4,0,0
2.5,5,4,0,0,-1,0,0
2.5,5,4,0,0,-1,0,0
2.5,5,4,0,0,-1,0,0
2.5,5,4,0,0,-1,0,0
2.5,5,4,0,0,-1,0,0
2.5,5,4,0,0,-1,0,0
2.5,5,4,0,0,-1,0,0
2.5,5,4,0,0,-1,0,0
2.5,5,4,0,0,-1,0,0
2.5,5,4,0,0,-1,0,0
2.5,5,4,0,0,-1,0,0
2.5,5,4,0,0,-1,0,0
2.5,5,4,0,0,-1,0,0
2.5,5,4,0,0,-1,0,0
2.5,5,4,0,0,-1,0,0
2.5,5,4,0,0,-1,0,0
2.5,5,4,0,0,-1,0,0
2.5,5,4,1.08165e-07,0.0093455,3,1.1,0
2.5,5,4,4.24636e-07,0.0366885,4,0,0
2.5,5,4,0,0,-1,0,0
2.5,5,4,0,0,-1,0,0
2.5,5,4,0,0,-1,0,0
2.5,5,4,0,0,-1,0,0
2.5,5,4,0,0,-1,0,0
2.5,5,4,0,0,-1,0,0
2.5,5,4,0,0,-1,0,0
2.5,5,4,0,0,-1,0,0
2.5,5,4,0,0,-1,0,0
2.5,5,4,0,0,-1,0,0
2.5,5,4,0,0,-1,0,0
2.5,5,4,0,0,-1,0,0
2.5,5,4,0,0,-1,0,0
2.5,5,4,3.99701e-07,0.0345341,4,0,0
2.5,5,4,0,0,-1,0,0
2.5,5,4,0,0,-1,0,0
2.5,5,4,0,0,-1,0,0
2.5,5,4,0,0,-1,0,0
2.5,5,4,0,0,-1,0,0
2.5,5,4,0,0,-1,0,0
2.5,5,4,3.85741e-07,0.033328,4,0,0
2.5,5,4,0,0,-1,0,0
2.5,5,4,0,0,-1,0,0
2.5,5,4,0,0,-1,0,0
2.5,5,4,0,0,-1,0,0
2.5,5,4,0,0,-1,0,0
2.5,5,4,0,0,-1,0,0
2.5,5,4,0,0,-1,0,0
2.5,5,4,0,0,-1,0,0
2.5,5,4,0,0,-1,0,0
2.5,5,4,0,0,-1,0,0
2.5,5,4,0,0,-1,0,0
2.5,5,4,0,0,-1,0,0
2.5,5,4,0,0,-1,0,0
2.5,5,4,0,0,-1,0,0
2.5,5,4,4.23232e-07,0.0365673,4,0,0
2.5,5,4,0,0,-1,0,0
2.5,5,4,0,0,-1,0,0
2.5,5,4,0,0,-1,0,0
2.5,5,4,0,0,-1,0,0
2.5,5,4,0,0,-1,0,0
2.5,5,4,0,0,-1,0,0
2.5,5,4,4.49959e-07,0.0388765,4,0,0
2.5,5,4,0,0,-1,0,0
2.5,5,4,0,0,-1,0,0
2.5,5,4,0,0,-1,0,0
2.5,5,4,0,0,-1,0,0
2.5,5,4,0,0,-1,0,0
2.5,5,4,0,0,-1,0,0
2.5,5,4,0,0,-1,0,0
2.5,5,4,0,0,-1,0,0
2.5,5,4,0,0,-1,0,0
2.5,5,4,0,0,-1,0,0
2.5,5,4,0,0,-1,0,0
2.5,5,4,0,0,-1,0,0
2.5,5,4,0,0,-1,0,0
2.5,5,4,0,0,-1,0,0
2.5,5,4,4.50974e-07,0.0389642,4,0,0
2.5,5,4,0,0,-1,0,0
2.5,5,4,0,0,-1,0,0
2.5,5,4,0,0,-1,0,0
2.5,5,4,0,0,-1,0,0
2.5,5,4,0,0,-1,0,0
2.5,5,4,0,0,-1,0,0
2.5,5,4,0,0,-1,0,0
2.5,5,4,0,0,-1,0,0
2.5,5,4,0,0,-1,0,0
2.5,5,4,0,0,-1,0,0
2.5,5,4,0,0,-1,0,0
2.5,5,4,0,0,-1,0,0
2.5,5,4,0,0,-1,0,0
2.5,5,4,0,0,-1,0,0
2.5,5,4,0,0,-1,0,0
2.5,5,4,0,0,-1,0,0
2.5,5,4,0,0,-1,0,0
2.5,5,4,0,0,-1,0,0
2.5,5,4,0,0,-1,0,0
2.5,5,4,0,0,-1,0,0
2.5,5,4,0,0,-1,0,0
2.5,5,4,0,0,-1,0,0
2.5,5,4,0,0,-1,0,0
2.5,5,4,0,0,-1,0,0
2.5,5,4,0,0,-1,0,0
2.5,5,4,0,0,-1,0,0
2.5,5,4,0,0,-1,0,0
2.5,5,4,4.47003e-07,0.038621,4,0,0
2.5,5,4,0,0,-1,0,0
2.5,5,4,0,0,-1,0,0
2.5,5,4,0,0,-1,0,0
2.5,5,4,0,0,-1,0,0
2.5,5,4,0,0,-1,0,0
2.5,5,4,0,0,-1,0,0
2.5,5,4,0,0,-1,0,0
2.5,5,4,0,0,-1,0,0
2.5,5,4,0,0,-1,0,0
2.5,5,4,0,0,-1,0,0
2.5,5,4,0,0,-1,0,0
2.5,5,4,0,0,-1,0,0
2.5,5,4,0,0,-1,0,0
2.5,5,4,0,0,-1,0,0
2.5,5,4,0,0,-1,0,0
2.5,5,4,0,0,-1,0,0
2.5,5,4,0,0,-1,0,0
2.5,5,4,0,0,-1,0,0
2.5,5,4,0,0,-1,0,0
2.5,5,4,0,0,-1,0,0
2.5,5,4,0,0,-1,0,0
2.5,5,4,0,0,-1,0,0
2.5,5,4,4.22445e-07,0.0364992,4,0,0
2.5,5,4,0,0,-1,0,0
2.5,5,4,0,0,-1,0,0
2.5,5,4,0,0,-1,0,0
2.5,5,4,0,0,-1,0,0
2.5,5,4,0,0,-1,0,0
2.5,5,4,0,0,-1,0,0
2.5,5,4,0,0,-1,0,0
2.5,5,4,0,0,-1,0,0
2.5,5,4,0,0,-1,0,0
2.5,5,4,0,0,-1,0,0
2.5,5,4,0,0,-1,0,0
2.5,5,4,0,0,-1,0,0
2.5,5,4,0,0,-1,0,0
2.5,5,4,0,0,-1,0,0
2.5,5,4,0,0,-1,0,0
2.5,5,4,0,0,-1,0,0
2.5,5,4,0,0,-1,0,0
2.5,5,4,0,0,-1,0,0
2.5,5,4,0,0,-1,0,0
